,_id_rank,日期_rank,开盘_rank,收盘_rank,最高_rank,最低_rank,成交量_rank,成交额_rank,振幅_rank,涨跌幅_rank,涨跌额_rank,换手率_rank,真实价格_rank,代码_rank,timestamp_rank,开盘收盘幅_rank,昨日振幅_rank,昨日成交额_rank,delta昨日成交额_rank,昨日成交量_rank,delta昨日成交量_rank,昨日涨跌_rank,delta昨日涨跌_rank,昨日资金贡献_rank,delta昨日资金贡献_rank,up昨日资金贡献_rank,down昨日资金贡献_rank,昨日资金波动_rank,delta昨日资金波动_rank,up昨日资金波动_rank,down昨日资金波动_rank,过去2日总涨跌_rank,过去2日总成交额_rank,过去2日资金贡献_rank,ma_up4周期昨日资金贡献_rank,ma_down4周期昨日资金贡献_rank,ma_up4周期昨日资金波动_rank,ma_down4周期昨日资金波动_rank,过去3日总涨跌_rank,过去3日总成交额_rank,过去3日资金贡献_rank,ma_up6周期昨日资金贡献_rank,ma_down6周期昨日资金贡献_rank,ma_up6周期昨日资金波动_rank,ma_down6周期昨日资金波动_rank,过去4日总涨跌_rank,过去4日总成交额_rank,过去4日资金贡献_rank,ma_up8周期昨日资金贡献_rank,ma_down8周期昨日资金贡献_rank,ma_up8周期昨日资金波动_rank,ma_down8周期昨日资金波动_rank,过去5日总涨跌_rank,过去5日总成交额_rank,过去5日资金贡献_rank,ma_up10周期昨日资金贡献_rank,ma_down10周期昨日资金贡献_rank,ma_up10周期昨日资金波动_rank,ma_down10周期昨日资金波动_rank,过去6日总涨跌_rank,过去6日总成交额_rank,过去6日资金贡献_rank,ma_up12周期昨日资金贡献_rank,ma_down12周期昨日资金贡献_rank,ma_up12周期昨日资金波动_rank,ma_down12周期昨日资金波动_rank,过去7日总涨跌_rank,过去7日总成交额_rank,过去7日资金贡献_rank,ma_up14周期昨日资金贡献_rank,ma_down14周期昨日资金贡献_rank,ma_up14周期昨日资金波动_rank,ma_down14周期昨日资金波动_rank,过去8日总涨跌_rank,过去8日总成交额_rank,过去8日资金贡献_rank,ma_up16周期昨日资金贡献_rank,ma_down16周期昨日资金贡献_rank,ma_up16周期昨日资金波动_rank,ma_down16周期昨日资金波动_rank,过去9日总涨跌_rank,过去9日总成交额_rank,过去9日资金贡献_rank,ma_up18周期昨日资金贡献_rank,ma_down18周期昨日资金贡献_rank,ma_up18周期昨日资金波动_rank,ma_down18周期昨日资金波动_rank
"(0.0, 0.02)",0.004341943,,-2.15E-05,-0.000144569,-0.000158367,-2.33E-05,-0.008599644,-0.008083107,-0.011714123,-0.002139935,-0.005366187,-0.020617081,-0.004500434,-0.000397894,,-0.003491715,-0.010412965,-0.007882453,-0.007087643,-0.006985305,-0.007880165,-0.009428506,-0.008042362,0.008618081,0.005960658,0.005960658,0.005408512,0.010600158,0.008004555,0.008004555,0.005195586,-0.007596373,-0.007251752,0.008933573,0.006654845,0.00522878,0.00893241,0.007845251,-0.008104444,-0.006419026,0.008899632,0.005539665,0.005766986,0.010124926,0.008653278,-0.008673347,-0.006279226,0.008853102,0.006894037,0.006479572,0.010498949,0.009111705,-0.00932055,-0.005542175,0.008416816,0.007654618,0.007466544,0.011008912,0.009975592,-0.009583559,-0.005233912,0.008748887,0.008441934,0.007672962,0.010703899,0.009494971,-0.009411808,-0.005208878,0.008564158,0.008584246,0.007945448,0.011443246,0.010751859,-0.009830357,-0.00547734,0.008510874,0.008512899,0.007915515,0.011479833,0.011813899,-0.009710542,-0.005832963,0.008341599,0.00842421,0.008127458,0.012158341,0.011939548
"(0.02, 0.04)",0.002792257,,-0.005058971,-0.005021377,-0.005150517,-0.00500072,-0.007922399,-0.00809299,-0.00733736,-0.006916857,-0.00630542,-0.007600669,-0.00317011,0.002341861,,-0.002361078,-0.006298492,-0.006513004,-0.006090194,-0.00821078,-0.006004901,-0.005984043,-0.001422739,0.007509613,0.004463077,0.004463077,0.004148046,0.006058894,0.004186322,0.004186322,0.005021518,-0.004798509,-0.0059763,0.006921714,0.005097869,0.004376683,0.006337877,0.004109811,-0.005626036,-0.005923859,0.006373607,0.005970764,0.003824659,0.004792139,0.005522056,-0.004884283,-0.005196215,0.006296729,0.005927859,0.005009088,0.005851781,0.006223983,-0.005022879,-0.005551447,0.00666106,0.005988999,0.005344464,0.005089519,0.00512468,-0.003514895,-0.005024645,0.005926277,0.007597328,0.005153741,0.005714136,0.005317576,-0.004832371,-0.00511378,0.005890798,0.006646422,0.005719408,0.005427105,0.004810202,-0.003246932,-0.004686371,0.007339859,0.007277545,0.007328919,0.005696558,0.004526068,-0.003465509,-0.004145367,0.008027738,0.008174021,0.007161554,0.005876926,0.004369593
"(0.04, 0.06)",0.001552848,,-0.00249465,-0.002655266,-0.002540263,-0.002540957,-0.006853779,-0.005599835,-0.005126568,-0.004692019,-0.003029617,-0.005538161,0.000115622,0.002397644,,-0.000775015,-0.005691956,-0.004838319,-0.004353196,-0.004701786,-0.002723554,-0.002193142,-0.000551754,0.006859249,0.005026811,0.005026811,0.002568371,0.007166633,0.003247016,0.003247016,0.005217631,-0.00304164,-0.004943713,0.007138918,0.004206833,0.003297479,0.005088878,0.004730328,-0.003759246,-0.004456629,0.007383231,0.004947848,0.004782314,0.004808424,0.004620873,-0.003796758,-0.004519627,0.007301734,0.004661241,0.00391102,0.003188786,0.004729717,-0.002516443,-0.004284491,0.007185479,0.005931998,0.004232661,0.004519052,0.004482966,-0.00356324,-0.004430223,0.008020185,0.003992577,0.005684366,0.004349189,0.005335082,-0.000243068,-0.004274975,0.008641434,0.006323265,0.005914131,0.004716745,0.005044222,-0.000380167,-0.004124889,0.007548879,0.006690489,0.006083933,0.005403558,0.006514986,-0.001932298,-0.004169772,0.007278836,0.006422881,0.007096691,0.004076087,0.006446736
"(0.06, 0.08)",0.003716308,,0.001989373,0.002269475,0.001955093,0.002394891,-0.007324016,-0.005456262,-0.003853457,-0.003627875,-0.003668622,-0.004712231,-0.002959015,0.002048246,,0.000863634,-0.003325759,-0.005889102,-0.002575883,-0.005979449,-0.00296647,-0.002016638,-0.001035934,0.004135322,0.004142868,0.004142868,0.002550575,0.005645907,0.002964672,0.002994071,0.003571264,-0.002956818,-0.005219473,0.004672156,0.004785855,0.004805072,0.004871339,0.004595985,-0.002154349,-0.006549116,0.006115682,0.003614499,0.004462431,0.005188682,0.004637917,-0.002433,-0.005525387,0.006773594,0.003600014,0.005500463,0.005178931,0.004540388,-0.001710003,-0.005386484,0.007330844,0.004342566,0.004092943,0.004411342,0.003912903,-0.000196357,-0.005231926,0.007180786,0.00536947,0.005119499,0.00614786,0.004025015,-0.002963267,-0.004807215,0.006572819,0.004664649,0.004916317,0.005615159,0.004697437,-0.002217511,-0.004589331,0.006476406,0.004404505,0.003848985,0.006241116,0.004033982,-0.000893627,-0.004939116,0.006245387,0.004992513,0.00501419,0.006488162,0.004484488
"(0.08, 0.1)",0.003717948,,-0.002402827,-0.002624504,-0.002576294,-0.00287674,-0.006295282,-0.005573906,-0.003591392,-0.002249104,-0.000769986,-0.003073362,-0.002100587,-0.001900229,,-0.001021972,-0.002228674,-0.006077587,-0.00122415,-0.006014664,-0.000538316,-0.00115731,-0.000827231,0.004196176,0.002822523,0.002853553,0.002640545,0.005213789,0.003973665,0.004099768,0.002010488,-0.000251491,-0.006595606,0.004458665,0.004134751,0.003810212,0.005503742,0.005245323,-0.000756174,-0.003919261,0.004597539,0.002919011,0.005077455,0.00366667,0.004184908,-0.00127365,-0.004611697,0.005467194,0.003624721,0.004340223,0.004285347,0.003931054,-2.86E-05,-0.004303633,0.004949792,0.003058438,0.004365238,0.006140644,0.005521167,-0.001736346,-0.003838932,0.004427761,0.003019148,0.003833546,0.005453274,0.00515822,-0.001233429,-0.003132477,0.003747542,0.004224067,0.005514694,0.007042901,0.004113979,0.000407754,-0.002408861,0.003375014,0.004467955,0.004987521,0.005832413,0.004024628,0.000442199,-0.002316488,0.004092695,0.004449904,0.003740623,0.005580557,0.004276711
"(0.1, 0.12)",0.001972198,,-0.002039774,-0.001801814,-0.001681011,-0.0019508,-0.003284222,-0.006240429,-0.002518302,-7.21E-05,-0.001753377,-0.002135563,-0.002242838,0.000593374,,0.000286096,-0.001481926,-0.005316599,-0.00068347,-0.00316723,-0.001716682,0.00150012,0.000528303,0.005031499,0.003130034,0.00318967,0.002172612,0.003912169,0.003167985,0.003330079,0.001739917,-0.001110434,-0.004789053,0.004514824,0.004104271,0.004487364,0.004660506,0.002878801,-0.000758402,-0.004714935,0.004904212,0.004893993,0.003503702,0.003841457,0.004086491,-0.001179653,-0.002898712,0.003634928,0.003228127,0.003929782,0.003734647,0.004672032,-0.001649227,-0.002546694,0.003163108,0.003273126,0.006744254,0.004014055,0.005224062,-0.001928623,-0.003321401,0.003088359,0.004766653,0.005147065,0.004462153,0.007018461,0.00164436,-0.003124849,0.003560271,0.004219971,0.003957534,0.003282787,0.00572082,-0.000970269,-0.004069998,0.004295097,0.005881567,0.004352574,0.004651406,0.005873982,0.000131559,-0.003258495,0.003509233,0.005163171,0.005541649,0.004063542,0.005189106
"(0.12, 0.14)",0.003386331,,-0.000510905,-0.000945145,-0.001181082,7.68E-05,-0.003961911,-0.002653204,-0.000912563,-8.93E-05,-0.001209289,-0.000444696,-0.000470676,-0.000500724,,0.001403017,-0.001851462,-0.002724091,-0.000802685,-0.004135153,-0.000895167,0.00085019,0.000885567,0.00476459,0.004319915,0.004466439,0.001458487,0.005445039,0.001705124,0.001760441,0.002217023,-0.000146594,-0.00343259,0.005456285,0.006348392,0.003877034,0.003414727,0.005622504,0.001947829,-0.004133964,0.004521473,0.003993548,0.004138285,0.00386517,0.005131138,0.001738769,-0.004270498,0.004747943,0.004323301,0.003159992,0.004951179,0.00528901,-0.000454669,-0.003974527,0.00461423,0.003670147,0.004068608,0.003551575,0.004006878,-0.000425055,-0.00228645,0.004840388,0.003792306,0.004711315,0.004739099,0.005040795,-0.000211641,-0.00341823,0.005027341,0.004573306,0.004085857,0.004333826,0.006350459,0.000772775,-0.003092194,0.004402947,0.004712987,0.004327575,0.004647186,0.005719289,0.001273176,-0.003779273,0.005223203,0.004538303,0.003678182,0.004279012,0.004751676
"(0.14, 0.16)",2.73E-06,,-0.000106976,0.000281303,0.000196066,-0.000470245,-0.004000868,-0.004159405,-0.001627316,0.000524396,-0.000864954,-0.001690444,-0.001114088,-0.001051656,,0.003396492,-0.000930378,-0.003854846,0.000358314,-0.004658994,0.000377739,0.002460167,-0.000151835,0.004755806,0.001464026,0.001524934,0.001921613,0.004017983,0.001795069,0.001873211,0.001188637,0.000858817,-0.002006393,0.00470245,0.003946456,0.003272298,0.005008899,0.004906068,0.000482641,-0.002566835,0.005101238,0.003158507,0.004751773,0.005946271,0.004228252,0.001082217,-0.002955041,0.005108236,0.002903756,0.00419319,0.006284886,0.004230772,0.000676408,-0.002724972,0.005715526,0.004812063,0.002173663,0.005259356,0.004668965,0.00125339,-0.002831793,0.006033286,0.004144517,0.003208557,0.004081876,0.005270879,-0.000171377,-0.002714143,0.005319539,0.003648579,0.004303615,0.004419488,0.005223064,0.000772843,-0.002411285,0.00491335,0.002835116,0.00449794,0.003255848,0.004872175,0.001168184,-0.00275558,0.004822193,0.004065339,0.004098135,0.005973548,0.005411486
"(0.16, 0.18)",0.003181116,,-2.80E-05,0.00013289,8.22E-05,0.00017566,-0.003322764,-0.003967056,-0.000566094,0.000137632,-0.001086023,-0.000317292,-0.002060092,-0.000524855,,0.002553136,6.52E-05,-0.003641298,0.000785052,-0.003506993,0.000318335,0.000784749,0.001017284,0.004666095,0.002958339,0.002717299,0.000682135,0.004100196,0.000795378,0.000881562,0.00274582,0.001852529,-0.002576436,0.005436675,0.00297007,0.002681935,0.002905607,0.004324675,0.001465746,-0.001185468,0.00532605,0.004368305,0.003155695,0.004970551,0.003542176,0.001254343,-0.002654367,0.005616405,0.004333681,0.004263471,0.001459771,0.004529582,0.000308087,-0.002623663,0.005210223,0.00347201,0.003806652,0.005483688,0.006557171,0.001064537,-0.00193973,0.004781549,0.004237516,0.004326375,0.003966735,0.004455605,0.001395854,-0.000959032,0.004835117,0.005240303,0.003622594,0.006576156,0.005082622,0.001458363,-3.09E-05,0.005128315,0.004181549,0.004394363,0.005083364,0.006433468,0.001949062,-0.000215595,0.004530161,0.003251726,0.004493146,0.00460874,0.005271025
"(0.18, 0.2)",0.002481968,,0.001273913,0.000595973,0.000687616,0.000479992,-0.001425054,-0.001295802,-0.000208605,0.001236545,0.000517484,-0.001356709,-0.000160833,0.000101089,,0.002572048,0.000478906,-0.000884824,0.001560636,-0.001347009,0.00170912,0.002282475,0.002571506,0.006007173,0.003178132,0.002730528,0.000887008,0.004236476,0.000181314,0.000464492,-0.000793496,0.002054865,-0.002251314,0.004412117,0.002784112,0.00452476,0.002707028,0.00419337,0.000721673,-0.002571159,0.004592958,0.004659313,0.003094253,0.002499912,0.004372767,0.001275313,-0.000849327,0.004200865,0.006229887,0.00470859,0.002946212,0.004570667,0.001930385,-0.000815964,0.004253869,0.005167229,0.004225258,0.003454893,0.004150645,0.002340091,-0.001558476,0.003189019,0.004773371,0.003546858,0.004941583,0.004851165,0.001200848,-0.002205301,0.003338346,0.005042485,0.004862867,0.005166668,0.005251469,0.000643516,-0.003129286,0.002450566,0.004865657,0.004676845,0.007138122,0.005801849,0.002184336,-0.001632653,0.003298332,0.005221431,0.003573257,0.004747076,0.005902693
"(0.2, 0.22)",0.001873323,,0.001308003,0.001213103,0.000927347,0.002080675,-0.001481448,-0.001818672,0.000256339,0.00094914,0.00178413,2.76E-05,-0.000824812,-0.000318256,,0.002917777,0.001090106,-0.001735895,0.001439678,-0.001396621,0.000721784,0.002445736,0.001846534,0.004484875,0.001306751,0.000851912,2.33E-05,0.003114312,0.001339467,0.001393409,-0.000801173,0.001905217,-0.003095325,0.004403152,0.003820159,0.002975501,0.003377925,0.003853108,0.001153043,-0.002332515,0.003599031,0.005110204,0.00253467,0.003134654,0.00298943,0.002772231,-0.001963283,0.004030191,0.004378241,0.003491575,0.004639808,0.002921525,0.002888937,-0.001496441,0.001963355,0.004890665,0.003777799,0.002034943,0.003320123,0.001755153,-0.001743215,0.00320689,0.003978435,0.004931485,0.004614159,0.004748131,0.002129193,-0.001056168,0.003124842,0.004229809,0.005535829,0.003976614,0.004599374,0.001747959,-0.00043403,0.003637801,0.005514959,0.004126931,0.00465737,0.004205116,0.001515354,-0.00118377,0.002891138,0.004819962,0.005118366,0.005361578,0.006000086
"(0.22, 0.24)",0.00187319,,0.001237027,0.001453465,0.001309611,0.001149742,-0.001701631,-0.001537337,0.000702644,0.001988401,0.000335472,-0.000132403,0.002640989,0.003043817,,0.00201429,0.00038911,-0.001793471,0.002425658,-0.00198859,0.001497057,0.003134352,0.001286021,0.003339707,0.001579438,0.001260662,-0.001082561,0.002547038,0.000555265,0.000526329,0.001747966,0.002667298,-0.001502403,0.003086302,0.002521553,0.003977116,0.002631932,0.000830213,0.003210555,-0.001096836,0.003820486,0.002897491,0.003604546,0.004477349,0.004062333,0.00149441,-0.002566755,0.003656697,0.004312986,0.004055995,0.005246958,0.002534489,0.002430386,-0.001778038,0.004752447,0.004336213,0.00511253,0.002982978,0.002950526,0.003260892,-0.000799087,0.003770326,0.003582632,0.004356901,0.001252559,0.002920583,0.001751266,-0.001118368,0.003976624,0.004216288,0.004014508,0.003547851,0.002314976,0.001905019,-0.000826017,0.002864546,0.004636845,0.005583699,0.004790358,0.004732889,0.001200903,-0.000528887,0.00327252,0.003631173,0.003658804,0.00693355,0.003706078
"(0.24, 0.26)",0.00203554,,-0.000994012,-0.00081444,-0.001059186,-0.00092172,-0.00227287,-0.002205819,0.002752918,0.000722426,0.002297811,4.05E-05,0.000584362,0.002241209,,0.002393438,0.00186406,-0.002222591,0.002876009,-0.002033885,0.001821371,0.000972998,0.002261471,0.002222409,0.001379251,0.001066201,-0.002291531,0.003775119,-0.000320558,-0.000120786,-0.000327539,0.001963904,-0.001438374,0.00424021,0.003401736,0.004495623,0.002437246,0.002405594,0.001133416,-0.002604889,0.00369755,0.002462244,0.003317942,0.003865646,0.001371313,0.001531836,-0.001834123,0.003633239,0.003505857,0.002736241,0.002380077,0.003820123,0.002200262,-0.002471454,0.003648079,0.003143785,0.00353082,0.004603102,0.001846579,0.004289509,-0.001570253,0.004491632,0.003392334,0.004209924,0.00386212,0.001672679,0.002358159,-0.001099797,0.002608475,0.002795317,0.004215319,0.00305147,0.003687068,0.002945894,-0.00178156,0.004134514,0.003029114,0.004862843,0.002945043,0.004106741,0.001894582,-0.002453578,0.003764074,0.004279565,0.005600721,0.004226934,0.003874054
"(0.26, 0.28)",0.000807769,,0.000729999,0.000517882,0.000986811,0.000896094,-0.001326047,-0.001128071,0.002309509,0.001695788,0.001304351,0.001378296,-0.000723652,-0.002473062,,0.000443878,0.002253579,-0.000759212,0.001933447,-0.000938098,0.002286322,0.002582308,0.002516988,0.002875991,0.000482425,0.000113581,-0.001790378,0.001985643,0.000519883,0.000707649,-0.000507117,0.00191959,-0.001320864,0.002437073,0.002853233,0.003107831,0.002712114,0.000784272,0.002885008,-0.001805519,0.003481361,0.003724667,0.003230145,0.002218744,0.002382123,0.00155485,-0.001745244,0.003228337,0.003144241,0.002624132,0.002133755,0.003210559,0.002907179,-0.001636923,0.003742156,0.002262826,0.004170856,0.003706787,0.003310396,0.001788971,-0.00168063,0.002492182,0.00334103,0.003668369,0.003378405,0.003717578,0.001925216,-0.001758101,0.004104569,0.003698521,0.006196109,0.002756531,0.002504544,0.002135641,-0.001153394,0.00412499,0.003883717,0.004139883,0.002446208,0.001339909,0.002586442,-0.001952009,0.003851809,0.004730375,0.00572267,0.002928616,0.004018133
"(0.28, 0.3)",-0.000449384,,0.001995079,0.002762649,0.002006542,0.001616772,-0.000451956,-0.000846068,0.000580178,0.002962435,0.003313064,0.000548348,0.001608352,-0.000946681,,0.001529877,9.72E-05,-0.000565411,0.003285718,-3.82E-05,0.002065602,0.002906159,0.001402852,0.003193298,-0.000218203,-0.001005698,-0.000362277,0.003133342,-0.000552284,-0.000132534,-0.000523362,0.001186212,0.000101222,0.003069865,0.003350864,0.003074727,0.002218148,0.001621714,0.001989685,0.000406232,0.002324196,0.003754972,0.002310971,0.002094616,0.003247895,0.001541529,-0.000452353,0.003614807,0.003336321,0.004726292,0.002289042,0.00185861,0.002960524,4.06E-06,0.002474331,0.003336751,0.002764886,0.002441919,0.003600767,0.003192754,-0.00079711,0.003298372,0.003017944,0.003502343,0.003058154,0.003805378,0.00279205,-0.001331041,0.003334464,0.003343984,0.002208309,0.002904973,0.002521234,0.002333442,-0.000925163,0.003242073,0.002851714,0.005786974,0.003325063,0.002510056,0.003642642,-6.00E-05,0.003435711,0.002827692,0.005116802,0.001300312,0.00217285
"(0.3, 0.32)",0.00170938,,0.000225373,-0.000195387,0.000917909,0.000596345,-0.001036453,4.10E-05,0.000725098,0.000962987,0.001840803,0.003035184,0.001741905,0.002627661,,0.001127312,0.001539185,0.00010091,0.00298955,-0.000865831,0.001661222,0.001576867,0.001140772,0.004171263,-0.000121128,-0.000990317,9.94E-05,0.003241172,0.000455988,0.000565051,0.000208298,0.002526805,-0.000291035,0.003600147,0.002819243,0.003623618,0.003149117,0.002367772,0.002399328,-4.99E-05,0.003865949,0.003540704,0.00195421,0.002354677,0.000888618,0.00271175,0.001565498,0.002209825,0.003225374,0.002892113,0.003888203,0.001632422,0.00372635,-0.000665645,0.003191125,0.002598334,0.003892977,0.002389772,0.003448886,0.002030038,-0.000130897,0.003474514,0.001909957,0.003386425,0.003944525,0.002590829,0.003164122,-0.000381771,0.002447816,0.003377949,0.003285347,0.002772942,0.003937945,0.003168757,-0.000885153,0.00219386,0.003840799,0.002747977,0.003785361,0.004068367,0.002956386,-0.000170752,0.003741692,0.004256775,0.003885555,0.003879932,0.00281662
"(0.32, 0.34)",0.001891709,,0.001242655,0.000841472,0.000311396,0.001171283,-0.001413984,0.000269161,0.001141578,0.002075506,0.002198188,0.003006498,0.000732394,0.000698034,,0.002136877,0.002231084,0.000180412,0.003445066,-0.001008211,0.003150405,0.002413447,0.002310832,0.004182952,0.000122319,-0.001127551,-0.000859028,0.001766735,-0.001646654,-0.001168467,0.00122496,0.003858322,-0.000865113,0.003332901,0.003730413,0.002018018,0.004027054,0.003167813,0.001712115,-0.000498645,0.003267393,0.00389728,0.003026915,0.001852904,0.002959827,0.002669303,-0.000359321,0.003547089,0.002960982,0.003106077,0.002954327,0.002220462,0.00329887,-0.000134008,0.002534628,0.004416277,0.002674325,0.00146837,0.000557197,0.003360169,-0.000567482,0.002250265,0.004089208,0.003336164,0.002326628,0.002682939,0.002363631,0.000698149,0.003300927,0.002213074,0.002803552,0.002856038,0.003386754,0.003116488,0.000747531,0.002942429,0.004356046,0.002772407,0.002499137,0.001766058,0.003774353,0.000912775,0.001625638,0.003749561,0.00399041,0.001785169,0.00433855
"(0.34, 0.36)",-0.000488594,,0.001236005,0.000968535,0.001162938,0.000618498,-0.000292748,8.28E-05,0.001544355,0.002068752,0.002217659,0.003705119,0.003323702,0.002527947,,0.003159887,0.00110947,-0.000613958,0.003593454,-0.000383748,0.00276072,0.001925783,0.001853825,0.002114779,0.000572484,0.000203958,-0.001098824,0.001261281,-0.000291508,0.000420077,-0.0003574,0.001795895,0.000428664,0.002595531,0.003640276,0.001747224,0.002772845,0.002325926,0.002810606,0.00191912,0.00318915,0.002929467,0.003162029,0.002269725,0.000959302,0.004190386,0.000332255,0.003502249,0.003630223,0.001985101,0.001558107,0.001914873,0.001230615,0.000723574,0.004354119,0.002384453,0.001478962,0.003692541,0.000599109,0.003496523,0.000557384,0.004113325,0.003097419,0.003480945,0.002005649,0.001381782,0.002863201,0.000531213,0.003296976,0.002578501,0.004305439,0.001947725,0.001604007,0.002265357,-4.06E-05,0.004144442,0.003871746,0.003729731,0.002974393,0.003765069,0.003159773,-0.00056932,0.003830055,0.003222334,0.003029677,0.002216752,0.001917005
"(0.36, 0.38)",0.002117778,,5.13E-05,0.00016667,0.000295504,0.000494667,0.000141121,0.000788104,0.001483345,0.001148325,0.002635206,0.003506018,0.00110227,-0.004029563,,0.003659925,0.001612416,0.000443274,0.004684577,-0.00014388,0.002980686,0.001458316,0.00284861,0.002898483,0.000686654,7.08E-05,0.000553685,0.002040867,-0.000906696,-0.000351179,0.000794549,0.002490631,0.001399093,0.002590745,0.002514342,0.000742461,0.002215347,0.00220644,0.003058569,3.37E-05,0.003317657,0.002224144,0.002350658,0.002446611,0.00243515,0.003041644,-0.000483427,0.003442556,0.002335309,0.001744302,0.001664703,0.002184092,0.00208991,0.000186286,0.004057174,0.001550253,0.003014867,0.001193094,0.001576607,0.002314279,0.000275278,0.003706629,0.003548567,0.002395735,0.001115882,-0.000253833,0.003298999,-0.001273121,0.004776558,0.004267975,0.002634499,0.001218853,0.00158311,0.001765375,-0.000116699,0.004322239,0.002556943,0.004389249,0.000982012,0.001226409,0.003106876,-0.000308731,0.004789491,0.00380765,0.003250447,0.002867046,0.001268711
"(0.38, 0.4)",-0.003198739,,0.002149111,0.002157713,0.002421345,0.002234836,0.000106628,-0.000412979,0.002166663,0.001954492,0.002524113,0.002827024,0.002265202,0.002156034,,0.002752729,0.002117606,-0.0005348,0.004069504,0.001003984,0.003463629,0.001756137,0.00217878,0.004060874,-0.001605647,-0.001184317,-0.000932591,0.002161682,0.000654186,0.000471831,-0.000472295,0.002738849,0.001014752,0.003974014,0.003692886,0.001158398,0.000691674,0.000202153,0.00151752,-0.000246977,0.002991688,0.002454991,0.002142628,0.00195763,0.002600827,0.003377697,-3.87E-05,0.003334471,0.002072763,0.002347475,0.00307231,0.003128682,0.002364775,-0.000414266,0.002213571,0.002980612,0.002512044,0.002621844,0.002335432,0.001664428,0.000299579,0.002579797,0.001970196,0.002762804,0.000564194,0.001732995,0.002894993,0.001759032,0.002517228,0.001629317,0.003185837,5.18E-05,0.000402092,0.003205027,0.000683304,0.003158036,0.003334939,0.002548574,0.000967929,0.000825167,0.001770407,0.000520232,0.0038522,0.005481318,0.003674587,0.000755316,0.002687479
"(0.4, 0.42)",0.000407126,,0.000314196,-9.04E-05,-0.000290448,-4.76E-05,8.31E-05,0.001326696,0.00142601,0.001033658,0.001470293,0.0022505,0.001111483,0.000206677,,-0.000150732,0.001136419,0.00202029,0.004047823,-0.000274129,0.002893424,0.001072105,0.003785888,0.001784276,0.000244858,0.000112066,-0.000397017,0.001365474,-0.00206947,-0.001607823,0.000351471,0.001751773,0.000712074,0.003550375,0.003428228,0.003034412,0.001406553,0.002325389,0.002745102,0.000877546,0.004088932,0.002847375,0.00220111,0.001367376,0.001726003,0.00265716,0.000634027,0.001951354,0.00192312,0.002187765,0.001715063,0.00341876,0.002844655,0.00066284,0.00276508,0.003854907,0.001725446,0.001293746,0.003042038,0.004412896,0.000943802,0.003246851,0.001429411,0.00189095,0.001908356,0.001441675,0.003167605,0.000417378,0.002407025,0.002956778,0.001197161,0.002180632,0.000302212,0.003376682,0.000981967,0.00249648,0.003853617,0.003502307,-0.000702736,0.002247165,0.002079069,0.001347762,0.002578287,0.003456357,0.002512309,0.002753778,0.002561331
"(0.42, 0.44)",0.00067354,,0.001019932,0.001232381,0.000789868,0.001246981,-0.000317296,0.001363348,0.002119512,0.002637895,0.003356339,0.002662011,0.000663868,-0.001105676,,-0.001843016,0.002214004,0.001811678,0.004355349,-0.000429999,0.00385255,0.00380881,0.001522357,0.003285429,-0.001657445,-0.000730449,-0.000143641,0.002445841,-0.000260585,-0.000413729,-0.000770584,0.002930844,0.001807835,0.002773186,0.002717458,0.001324774,0.000226376,0.000749885,0.003797787,0.001593783,0.00126018,0.001918726,0.002374615,0.001587591,0.001103979,0.00282868,0.00214589,0.002743949,0.002491819,0.001668808,0.001014747,0.000732244,0.002684901,0.001851486,0.002258665,0.000935236,0.001720757,0.003311803,0.003974605,0.003626189,0.00139554,0.003949445,0.002702144,0.002224235,0.002127765,0.002023743,0.002981336,0.001118636,0.002348478,0.003025082,0.003392241,0.002001119,0.003021722,0.002739668,0.001764421,0.002377931,0.003499084,0.001855259,0.002839189,0.002476139,0.0026595,0.002553032,0.001555815,0.003259774,0.002757922,0.00163927,0.003376265
"(0.44, 0.46)",0.000578735,,0.000138225,0.000597878,0.000529332,-8.34E-05,0.001236047,0.001066689,0.003033555,0.002660987,0.003300819,0.002235886,0.002170626,-0.001354546,,0.000899219,0.002811861,0.000935326,0.004245628,0.000518256,0.003488103,0.00252451,0.002315706,0.002535062,-0.001286854,-0.000685897,0.000978734,0.001055535,-0.000731549,-0.000786374,-0.001504526,0.001986948,0.000860302,0.002239631,0.001736992,0.000723712,0.000423095,0.001588544,0.003691916,0.002037839,0.000963952,0.002437936,0.002142621,0.001380416,0.00120378,0.004151637,0.003212398,0.001532846,0.001132215,0.002253392,0.002267024,0.002063354,0.003751152,0.003158839,0.002258196,0.001679062,0.00187401,0.000949505,0.001261059,0.002812221,0.002663759,0.000833242,0.003153534,0.001817648,0.002163526,0.003102729,0.003006426,0.00368663,0.002111534,0.00310278,0.00200712,0.001625611,0.002162534,0.002563527,0.002928269,0.000778872,0.002294371,0.001729985,0.00337794,0.003040568,0.002707734,0.002393942,0.001352704,0.001797478,0.003308839,0.003140611,0.001526767
"(0.46, 0.48)",-0.002348817,,9.27E-05,0.000340216,0.000114885,7.66E-06,0.000541354,0.000464463,0.003159683,0.002344709,0.002147385,0.002299889,0.001544262,-0.001134677,,0.002534095,0.002617916,0.0013273,0.00405062,0.001012288,0.003699681,0.00125348,0.001215262,0.001773465,-0.001712906,-0.001314722,0.001975004,0.000476596,-0.001087655,-0.002209268,-0.001089574,0.002826359,0.001228904,0.00074497,0.000967378,0.001888143,0.000101937,0.001076134,0.002939703,0.001766581,0.001542863,0.002954706,0.001952067,0.001476223,0.000910698,0.002497377,0.002627798,0.001723298,0.001302734,0.00208846,0.001210011,0.001213704,0.003706885,0.003248634,0.001414554,0.001902804,0.00105127,0.001528408,0.002461278,0.001827257,0.001946482,0.002179142,0.002443725,0.000997529,0.003539594,0.003070167,0.001463282,0.00098749,0.001701121,0.002597675,0.001930138,0.002247482,0.001744625,0.003687987,0.001977794,0.001376912,0.003496135,0.003893688,0.003627945,0.001771187,0.002956742,0.002157555,0.000808464,0.003377364,0.001404012,0.002515327,0.002026755
"(0.48, 0.5)",-0.001485059,,0.001684681,0.001143124,0.001189806,0.0017649,3.53E-05,0.002074458,0.002299397,0.002526279,0.004577966,0.002664424,-0.001349542,-0.000566812,,0.002880269,0.002870753,0.002491618,0.003407969,0.000383842,0.004108927,0.002882312,0.002354865,0.002120192,0.000845715,0.000306225,-0.00125171,-5.46E-05,-0.000960939,-0.001215046,2.72E-05,0.003132556,0.002537187,0.001902474,0.001826068,0.001418197,0.001411286,0.001219497,0.001611374,0.004599497,0.002556463,0.002041123,0.001808876,0.000988419,0.001444282,0.002577857,0.002666781,0.002473773,0.001951363,0.001917847,0.001077156,0.001964545,0.002635219,0.002582024,0.002629836,0.001811799,0.001406952,0.000540051,0.001369026,0.002468907,0.003327684,0.002134036,0.001626979,0.000360036,0.002079708,0.002249321,0.003981098,0.003300194,0.001730713,0.001567044,0.00151027,0.003140098,0.002763702,0.002027091,0.00233984,0.002403149,0.001280351,0.001901895,0.00216667,0.001696005,0.003600133,0.002508952,0.002843715,0.002460369,0.004053605,0.002492721,0.000869139
"(0.5, 0.52)",-0.001894916,,-0.000126908,-0.000328264,-0.000129154,0.00010014,0.001163689,0.002426346,0.002122279,0.002992615,0.004007471,0.002123471,0.001816538,0.001376476,,-0.003677671,0.002293179,0.002422622,0.004196366,0.000954529,0.004176295,0.001827024,0.002305826,0.003289841,-0.00144151,-0.001849962,0.001762095,-4.83E-05,-0.001059383,-0.001459315,-0.001468946,0.002749107,0.003068363,0.00251255,0.001058113,0.002035727,2.37E-05,0.001288998,0.00406339,0.001601907,0.004073453,0.001989418,0.001968537,-0.000212019,0.001044694,0.00258711,0.002279891,0.003122058,0.003437155,0.00296517,-0.000532536,0.000605907,0.002703334,0.002407983,0.002021186,0.001642228,0.002563813,0.001639748,0.001377571,0.002463288,0.001910706,0.00218056,0.00262885,0.002184541,0.001315078,0.001604897,0.003307694,0.001825859,0.001998223,0.001854144,0.000680083,0.001606751,0.001757025,0.00269923,0.001669631,0.002913884,0.002085121,0.001383141,0.000753801,0.002910952,0.00174377,0.000875237,0.002853608,0.001997759,0.002134188,0.000609435,0.002699165
"(0.52, 0.54)",-0.004913121,,-0.001688567,-0.001299897,-0.00060759,-0.002079131,0.000892081,0.002783716,0.003820552,0.002620238,0.002288227,0.002233624,0.001379081,0.002254759,,0.001423449,0.003173968,0.001902832,0.00359485,0.0005728,0.002965188,0.00207202,0.001432596,0.001162393,-0.000874759,-0.002749983,-0.002648454,0.00160246,-0.002125572,-0.004020301,0.000686661,0.001182651,0.001143973,0.001664287,0.002243851,0.001746858,-0.000506339,-0.000359368,0.002046965,0.001466637,0.002017547,0.001834978,0.001882959,-0.000523635,4.44E-05,0.001819223,0.001067487,0.002308152,0.003189672,0.002043757,0.000766622,0.00046544,0.002264916,0.00184612,0.003232865,0.003202512,0.00154346,-0.00031943,0.000959792,0.003206892,0.002026439,0.002256265,0.000523975,0.0012336,0.000454994,0.000200569,0.00349093,0.00096424,0.002616501,0.001185552,0.000328103,0.001161733,0.002828743,0.002790137,0.000621511,0.002243727,0.001001198,0.000989079,0.001086003,0.001829224,0.002851861,0.000707536,0.00147726,0.001940621,0.001520909,0.001898476,0.0019053
"(0.54, 0.56)",0.002520491,,4.78E-05,-0.00019572,-0.000623176,0.000335193,0.002210235,0.002968267,0.002925812,0.001442399,0.002511096,0.002497368,0.001665675,-0.001778992,,0.002428701,0.002755144,0.002346494,0.003186517,0.00196914,0.002410424,0.001080085,0.003922304,0.001155388,-0.000625314,-0.002193421,-0.002656095,0.001703882,-0.001000312,-0.000200237,-6.89E-05,0.003799019,0.002116367,0.000916629,0.001840952,0.001022491,-0.000644512,0.000652484,0.002982805,0.001857296,0.001902458,0.001695575,0.000668331,0.000267595,-0.000119449,0.003511759,0.002768345,0.002330574,0.001732353,0.00142662,0.000593617,0.000108916,0.004925996,0.00096219,0.002273233,0.001246583,0.002010176,0.000313073,0.000525355,0.003659422,0.002045878,0.002928025,0.001734928,0.000800067,-0.001296209,0.000885761,0.00264504,0.001953602,0.002164795,0.001642991,0.002087469,0.000658886,3.05E-05,0.002134393,0.001787915,0.001474743,0.001851851,0.00169976,0.002149915,0.000379578,0.002846316,0.001538492,0.000649172,0.00069763,6.44E-05,0.001442825,0.000189166
"(0.56, 0.58)",-0.000179467,,0.002351734,0.002538344,0.002608371,0.001815916,0.00239008,0.003116294,0.002090462,0.002339843,0.003838196,0.00288545,0.000418764,0.005333453,,0.001663122,0.002024923,0.00265685,0.003788593,0.002482672,0.003653764,0.002121675,0.002902595,0.002334858,-0.001321021,-0.002996934,-0.005296107,0.000339462,-0.001243253,-0.002495308,4.39E-05,0.00313112,0.002024056,0.001864668,0.000964646,0.00094271,0.001106373,-0.001351093,0.003288727,0.00136347,0.000899556,0.002002197,0.001933017,0.000271638,-0.000710368,0.003293182,0.001662359,0.002873088,0.001503185,0.001326097,0.000975668,-0.000555602,0.001667257,0.002023904,0.001862437,0.003456168,0.001123206,-0.000238797,-0.000689285,0.002878175,0.002001894,0.000534155,0.002682707,0.001877562,0.000326625,-0.001093006,0.00375406,0.002316331,0.001331381,0.002640333,0.000959286,-0.000442885,0.001016296,0.003239052,0.002541595,0.001197217,0.000632929,0.002282361,0.00137514,-0.000124914,0.002048517,0.002446263,0.002204116,0.00146151,0.002305521,0.001504493,0.000709809
"(0.58, 0.6)",-0.001527363,,0.000908562,-9.36E-05,0.000593051,0.001422544,0.002261727,0.002477793,0.002316881,0.002494461,0.002586288,0.002034535,0.001877273,0.002069209,,0.00233044,0.001775922,0.002832944,0.003095253,0.00251822,0.002025818,0.002123288,0.002091539,0.001947146,-0.000421798,-0.000534748,5.76E-05,-0.000686149,-0.000772305,-0.004640394,-0.003305569,0.003073432,0.003719669,0.001468572,0.001516172,0.000100097,0.001028198,-0.000163389,0.002184435,0.002998791,0.001667337,0.000921269,0.001356277,0.001105274,0.000655147,0.001678753,0.001931794,-0.000225396,0.002106462,0.002452988,0.000562726,0.000400844,0.002467923,0.003785421,0.000244849,0.002715273,0.001421803,-0.000532692,-0.000693046,0.001976051,0.002380522,0.000918191,0.001159908,0.002524305,-0.000474787,0.00065179,0.002652147,0.002534663,0.000647394,0.002733286,0.000326106,-0.000199882,-0.001951948,0.002614095,0.002381597,0.00150276,0.001922999,0.001367471,-0.000665839,0.000120943,0.002266835,0.002262438,0.001516842,0.0010736,0.001901051,-0.000527644,-0.00138206
"(0.6, 0.62)",-0.002611612,,0.000177951,0.000914733,0.000596999,-9.38E-05,0.002748535,0.004361236,0.003367255,0.002868228,0.004417427,0.004032568,0.001857091,0.001134832,,-0.000251216,0.003564086,0.004135789,0.003331534,0.002403106,0.002844567,0.002531151,0.001089953,-0.000737231,-0.001746177,-0.002910806,-0.002504412,-0.001043506,-0.001318713,-0.004197771,0.000372599,0.001616062,0.003897432,0.000642499,0.000372345,0.000564061,0.000579313,0.000815599,0.002585537,0.003936575,-9.25E-05,0.000174778,0.001128354,0.000445073,0.000129481,0.002296728,0.003573503,0.000641217,0.001139122,0.000229189,-0.001045681,-8.88E-05,0.002025482,0.002782022,0.000427199,0.000909588,0.001548085,0.000270112,-0.000905073,0.00168255,0.004246982,0.001444389,0.001339435,-0.000204741,0.000153804,-0.001090254,0.002976964,0.003601103,0.0013203,0.001157245,0.001909956,-0.000647632,-0.000536516,0.002794749,0.003263098,0.000494753,0.003099677,-0.000233581,0.000568864,-0.000965864,0.002437331,0.00323768,0.001179987,0.002070507,0.001963784,-0.000110612,0.001460883
"(0.62, 0.64)",-0.000600916,,0.000718805,0.000962947,0.000863477,0.001072049,0.001777621,0.00229575,0.00259593,0.003366107,0.002851342,0.002898703,0.001198855,0.000211713,,0.004400537,0.002532584,0.002435195,0.004005592,0.000988991,0.002260593,0.00363798,0.001159729,0.000683364,5.29E-05,-0.000855665,0.003798817,0.000321034,-8.25E-05,-0.003636745,-0.002916405,0.002959641,0.003543945,0.000729525,-0.000670387,0.001113545,-0.000456046,-0.00018494,0.002448507,0.002740308,0.000420118,0.000564319,0.000103368,0.000440254,-0.000997021,0.001885239,0.003004333,-0.000466952,0.001650524,0.000536999,0.000310056,-0.001274683,0.002399396,0.003771665,0.00093262,0.000903373,0.001188802,8.34E-05,0.00036308,0.001751444,0.002693068,-0.000348439,0.001823477,0.000933543,0.000129005,-0.000800137,0.002384419,0.003594962,0.000223912,0.001428983,0.00102065,-0.000568247,-0.000269791,0.002434314,0.004260653,0.000708863,0.002375247,0.00015607,-0.000647226,0.000228887,0.001886619,0.004784257,0.000856039,0.002197479,0.001704637,-0.001240084,0.001650243
"(0.64, 0.66)",-0.000462971,,0.000146943,0.000708515,0.000513322,1.95E-05,0.003101153,0.002635817,0.002671891,0.0015791,0.002604988,0.000977304,0.001799138,0.001549234,,0.0019498,0.002253715,0.002043755,0.002831583,0.002437161,0.003215593,0.001473043,0.001277135,0.000256556,-0.000822149,0.001482122,0.002822425,-0.001174577,-0.001416944,-0.005975308,-0.00305063,0.000714192,0.00225715,0.000532824,0.000772471,4.91E-05,6.14E-05,-0.000648523,0.003156732,0.00429369,0.00036989,0.000799815,-0.000547522,-0.001392485,0.000133685,0.002697237,0.003930407,4.34E-05,0.001206899,-0.000188212,-0.000973384,-0.001295982,0.001671654,0.002711646,0.000905654,0.001855741,0.001305969,1.19E-05,-0.000776233,0.002472484,0.003908156,0.000987275,0.001294125,-0.000125829,-0.000502711,-0.001023599,0.001948622,0.004241382,0.000229528,-0.000880703,-0.000617268,0.00059365,-0.001011103,0.002108111,0.004902716,0.000189645,9.01E-05,0.001941912,-0.001929617,0.000213937,0.002246557,0.004638791,0.001397314,0.001801537,0.000255783,-3.34E-05,-0.000494351
"(0.66, 0.68)",-0.000246161,,0.000373033,0.000434779,0.000528599,0.00078538,0.002880575,0.004779623,0.002879159,0.00157254,0.001998706,0.003122618,0.002506425,0.002778985,,0.00180452,0.002581223,0.004068319,0.002980756,0.002737621,0.001355434,0.001158045,0.002804825,0.000106192,0.000104943,0.001230118,0.012478237,-0.000904769,0.00099258,-0.002704583,-0.004506882,0.001884128,0.003096519,-0.000141257,-0.000264463,0.000161712,-0.001620944,-0.000335682,0.003591911,0.002612072,0.000250087,0.000187802,-0.000651706,8.12E-05,-0.000306358,0.002795869,0.004288391,0.001057979,-0.000421077,0.001444151,0.001174891,0.000357714,0.00300959,0.004017799,-0.001113519,0.000505193,-0.000837538,0.000339999,-0.00035515,0.001996223,0.003491511,-0.000302981,0.001093172,0.001188433,0.000356569,-0.001321009,0.001936708,0.002818434,7.84E-05,-0.00010266,0.000745471,-0.001509379,-0.00112198,0.002033832,0.003417819,0.001199502,-0.000893321,-0.000461437,-0.00212178,-0.00122318,0.001782147,0.003148105,-0.00048984,-0.000667918,-0.001130539,-0.000951568,-0.000523293
"(0.68, 0.7000000000000001)",-0.000134098,,0.003108887,0.002965772,0.002731614,0.002801371,0.003433038,0.004110307,0.001944266,0.002305949,0.002033729,0.002980193,0.003365097,0.000247361,,0.003966459,0.001798754,0.004326507,0.002089884,0.002970972,0.001946012,0.002125532,0.002797633,-0.000747517,0.000641936,0.003673614,0.012215903,-0.002145671,0.000201009,-0.002584019,-0.001714675,0.001816836,0.003210531,-0.00016484,0.00054929,-0.001406761,-0.000417643,-0.00131547,0.001398406,0.003394511,0.000568475,-0.000985118,0.000419313,-0.000315182,0.001274029,0.002817962,0.002773746,8.15E-05,-7.04E-05,9.79E-05,-0.000237662,-0.001031884,0.00185401,0.003167011,-0.000315488,0.000407264,-0.001317519,0.000176631,-7.71E-05,0.00231839,0.002914192,-0.000841379,-0.000347081,0.000585787,-0.002447505,-0.001458864,0.000624537,0.003237376,-0.000700246,0.000965768,7.47E-05,-0.0014715,-0.002107778,0.001620216,0.001781582,-0.001070673,-0.001136344,-0.00194073,-0.000671385,-6.27E-05,0.00245191,0.002673768,-0.001298652,-0.001486264,-0.001299764,-0.001150376,-0.001294181
"(0.7000000000000001, 0.72)",-0.000496006,,0.000618993,0.00028259,0.000534404,0.000413909,0.002452297,0.003299175,0.001918148,0.003747147,0.001735235,0.002811172,0.003069532,0.000662692,,0.002524535,0.002388552,0.002712558,0.002288929,0.002527606,0.002371212,0.003932044,0.00160444,3.07E-05,-0.001398195,-0.004883021,0.011722247,-0.001818323,-0.000792942,0.002283544,-0.005664013,0.000954994,0.004072484,-0.00035018,0.000146701,-0.000439744,-0.001327627,-0.001692082,0.002032133,0.00371395,-0.000545221,0.000200069,-0.000537083,-0.000851324,2.53E-05,0.002164428,0.003153809,-0.000544826,-0.001018981,-0.001457476,-0.000330112,0.00075369,0.002358253,0.002833127,0.00011638,-0.001998259,0.000847431,-0.001596185,-0.001674896,0.002133905,0.00367661,-0.000206031,-0.001432111,-0.001014143,-0.001487023,-0.000754857,0.001913913,0.003506332,-0.000757598,-0.001126123,-7.46E-05,-0.00022473,-0.000798704,0.001512503,0.003415334,-0.001167797,-0.000359686,0.000991267,0.000156963,-0.002129239,0.002017578,0.00330558,-0.000499353,2.31E-05,3.73E-05,-0.001311237,-0.001044889
"(0.72, 0.74)",-0.003242507,,0.003132795,0.003350518,0.00343716,0.002743965,0.002024874,0.003436193,0.002065456,0.002523692,0.001555491,0.002373521,0.004065447,0.001341033,,0.002779981,0.001588711,0.002894473,0.00137426,0.002228356,0.002100082,0.001417656,0.002141572,-0.001443045,-0.001070153,0.002956384,0.007105271,-0.001133676,0.000136913,0.004198723,-0.003329039,0.001989023,0.003071597,-0.002034711,0.00031192,-0.000617953,-0.00189403,-0.001051068,0.002260908,0.00308881,-0.001072363,9.28E-05,-0.000331164,-0.001086771,-0.002316406,0.00127143,0.003448345,-0.001264332,-0.001560402,-0.000564612,-0.001245782,-0.000510454,0.002443162,0.003348783,-0.001055926,-0.002457165,-0.000309545,-0.000655349,-0.001563282,0.001909519,0.002746193,-0.001346379,-0.001240827,-0.001300701,-0.000814979,-0.000605547,0.001425344,0.003506694,-0.00070549,-0.001246655,0.000211985,-0.001775042,-0.001515162,0.002997807,0.003504529,-0.000393257,0.000844118,0.000250499,-0.001391166,-0.002378057,0.003040743,0.003832804,-0.000371441,-0.00047904,0.00011552,0.000474508,-0.002269074
"(0.74, 0.76)",-0.003350913,,0.003172853,0.003106764,0.002398478,0.003688674,0.003656465,0.003092307,0.002154684,0.001428958,0.001899643,0.001603589,0.004481282,0.00133511,,0.002362333,0.002278344,0.003344067,0.001242156,0.002764804,0.002168149,0.001376679,0.002225978,-0.001107377,-0.00109053,0.007928528,0.008633186,-0.002585902,-3.68E-05,0.004697299,-0.003543377,0.001467083,0.00386356,-0.000684253,-0.001025599,-0.000806595,-0.001245227,-0.002434705,0.001970666,0.004165195,-0.002883061,-0.000324585,-5.33E-05,-0.002070938,-0.001590289,0.002078276,0.003952459,-0.002070221,-0.000692745,0.000443142,-0.001340977,-0.000939051,0.001092714,0.004978212,-0.002813123,-0.001183583,-0.000938796,-0.001698277,-0.002315325,0.002164271,0.004570268,-0.00116377,-0.002075579,-0.000356281,-0.000913986,-0.001364804,0.002017922,0.003340379,-0.002096251,-0.00065713,-0.000988981,-0.001560499,-0.000965108,0.00190776,0.004031859,-0.002327756,-0.002287926,-0.001374352,-0.001520115,-0.001109889,0.001672885,0.003406044,-0.002312664,-0.000259445,0.000174108,-0.002139442,-0.001493452
"(0.76, 0.78)",0.000681204,,0.002269627,0.002383202,0.002856433,0.00197395,0.002707774,0.003403851,0.003100128,0.002424657,0.002018032,0.00240209,0.004846301,-4.13E-05,,0.001230318,0.003147116,0.002574271,0.001102673,0.00220928,-0.000664039,0.002594121,0.002172591,-0.001830112,-0.000187148,0.008825821,0.007822092,-0.002744336,0.001665039,0.008740332,0.001426354,0.000980383,0.003004949,-0.001722644,-0.000414397,-0.002405313,-0.000552935,-0.000750589,0.002423045,0.004017887,-0.001554849,-0.00153077,-0.001821121,-0.001485489,-0.001897854,0.002408024,0.003487765,-0.002179838,-0.000168058,-0.00099757,-0.001824037,-0.00214414,0.001595411,0.003922821,-0.001463283,-0.001676717,-0.000938173,-0.002237153,-0.001749592,0.002097278,0.003956668,-0.001842606,-0.00191396,-0.00129291,-0.001401553,-0.002168961,0.001162766,0.004130568,-0.001656338,-0.001873314,-0.000407154,-0.002511828,-0.001717989,0.000897095,0.00387007,-0.000645306,-0.001190636,0.000723011,-0.001662412,-0.001710736,0.001921917,0.0038188,-0.000370137,-0.003384937,-0.000858085,-0.00242821,-0.002022668
"(0.78, 0.8)",-0.00269195,,0.001895404,0.001783272,0.002006287,0.000998579,0.002099467,0.004329241,0.001472483,0.002541892,0.000948044,0.002536579,0.002220691,0.000528245,,0.000685571,0.001263684,0.004217457,0.001667837,0.002213266,-0.000211893,0.001652909,0.002027965,-0.001891077,-0.000576083,0.003215931,0.016860699,-0.002470878,-0.000501283,0.009204416,0.001758581,0.002006939,0.004010823,-0.002862217,0.000381338,-0.000684761,0.000555752,-0.001646637,0.001319911,0.003444839,-0.001389342,-0.001306568,9.84E-05,-0.001873957,-0.001740484,0.001325672,0.003122383,-0.001490554,-0.000989691,-0.001055139,-0.002824148,-0.001253028,0.001160386,0.003068285,-0.001422291,-0.002483688,0.000103136,-0.001437904,-0.001224106,0.001622507,0.003856802,-0.001122095,-0.000876704,6.67E-05,-0.00290435,-0.002317714,0.001298515,0.004489606,0.000321672,-0.001718755,-0.000313564,-0.002765311,-0.001553904,0.001648491,0.004192504,-0.000638561,-0.00090352,6.98E-05,-0.00151938,-0.001663594,0.00120032,0.004769073,-0.001121601,3.38E-05,-0.001008303,-0.00154081,-0.002540876
"(0.8, 0.8200000000000001)",0.001186596,,0.003573274,0.003412694,0.00324951,0.003875615,0.003850807,0.004921651,0.001675293,0.002355429,0.000176942,0.001588977,-0.001136702,0.000563485,,0.002460542,0.001683661,0.005383198,0.000957771,0.004249668,-0.000132084,0.002071148,0.001376224,-0.001241863,0.00134772,0.006241297,0.018370349,-0.001665288,-0.000803884,0.001334923,-0.025043023,0.001195392,0.003864672,-0.001936869,-0.000955957,-0.000703209,-0.000802502,-0.00112949,0.000905889,0.004204417,-0.002616277,-0.000726922,-9.08E-05,-0.001261807,-0.001193172,0.000587911,0.005112636,-0.00151747,-0.001201799,-0.001159662,-0.002611185,-0.002186366,0.002134679,0.003322227,-0.001032773,0.000284353,-0.000128571,-0.001927955,-0.001136522,0.000916836,0.003498501,-0.001621552,-0.001969605,0.000158387,-0.00211623,-0.001397199,0.00056595,0.002425405,-0.003180157,-0.001002958,-0.000586255,-0.002004933,-0.001546068,0.002198734,0.00374805,-0.003176692,-0.001074385,-0.001431729,-0.002777562,-0.000709121,0.001139497,0.003650778,-0.002559243,0.000771564,-0.000303914,-0.000351119,-0.001379254
"(0.8200000000000001, 0.84)",0.000313138,,0.003715546,0.003806015,0.003881709,0.00431684,0.003907079,0.004688974,0.002626649,0.002216969,0.000521145,0.002280238,-0.005667824,0.00220658,,-0.000468736,0.002201203,0.004867087,-0.000421063,0.003968234,0.000506698,0.002311921,0.001005638,-0.002610472,0.000900269,0.003083413,0.017726661,-0.002275776,0.002573143,0.002563762,-0.003128827,0.001470936,0.005199494,-0.002204251,-0.003013309,-0.003051008,-0.000877096,0.000118169,0.000606663,0.005086277,-0.001909269,-0.001101611,-0.000667493,-0.00156057,-7.16E-05,0.001054345,0.004528143,-0.002801249,-0.001263917,-0.001420111,-0.000259316,-0.001038616,0.001048786,0.005014736,-0.00343214,-0.000731177,-0.002297732,-0.001056315,0.000213661,-0.000620508,0.005127909,-0.002821021,9.39E-05,-0.000705662,-0.001394607,-0.001199245,-0.000300356,0.004519165,-0.001761802,-0.000606188,-0.001926388,-0.001752178,-0.002816476,-0.000845113,0.004237056,-0.000962663,-0.000550707,-0.000452562,-0.001358235,-0.001386581,0.00083501,0.00396463,-0.001986388,-0.001558624,-0.00171491,-0.001562714,-0.00012687
"(0.84, 0.86)",0.001682755,,0.001256173,0.000946628,0.000811903,0.001323803,0.003088395,0.004664037,0.001231549,0.001049785,0.000756775,0.00225078,-0.019933474,0.001831883,,0.000486103,0.000911047,0.004528906,4.45E-05,0.002762754,-0.000322898,0.000640931,0.001022373,-0.004024977,0.001552717,-0.002415282,-0.000988339,-0.001784704,0.001454685,0.017032632,-0.011507513,0.000960601,0.005407532,-0.002484173,-0.002116846,-0.002599161,-0.000981509,-0.000325811,0.000648171,0.005714059,-0.00270913,-5.36E-05,-0.000992325,-0.00058345,-0.001600035,0.00135261,0.005948317,-0.003072236,-0.000395242,0.000900146,-0.000618295,-0.000579509,-0.000220254,0.005683747,-0.002650916,-0.000711106,-0.000782743,-0.000858499,-0.001471911,0.001327919,0.004664364,-0.002966918,-0.000995477,-0.002717557,-0.000488604,-0.000964627,0.000982851,0.005217786,-0.002919019,3.74E-05,-0.000631667,-0.000283893,-0.000974177,1.83E-05,0.003824131,-0.003447032,-3.59E-05,-0.00190659,-0.000324739,-0.002125505,0.000795194,0.004042587,-0.003580601,-0.000926957,-0.002030552,-0.001068634,-0.001775345
"(0.86, 0.88)",0.002690112,,0.001556866,0.001779127,0.001429914,0.001962699,0.005005178,0.004725785,0.001473347,-0.000259128,0.000382113,0.003247164,,-0.003563201,,0.000753045,0.001641089,0.00452471,-7.75E-05,0.004976857,0.000278965,-0.001325599,0.00140263,-0.002672711,0.001287271,-0.004588673,-0.009855271,-0.003020411,0.002147712,-0.000854572,-0.009655467,0.000110315,0.005458883,-0.003379007,-0.003045206,-0.000500584,-0.003043782,-0.001559072,5.35E-05,0.004157559,-0.004050704,-0.001731695,-0.00308507,0.000395608,-5.31E-06,9.45E-05,0.004433675,-0.003411814,-0.001868541,-0.000753819,1.93E-05,-0.000739565,0.000952212,0.005092837,-0.004551442,-0.002178316,-0.001341817,0.000110051,-0.001780802,0.001200837,0.004774534,-0.004007102,-0.000726115,-0.001391785,-0.000209696,-0.000678721,-0.000363734,0.005239508,-0.003993543,-0.001461461,-0.002767874,0.00110677,-0.001891297,-0.001043594,0.004728926,-0.003556115,-0.002041592,-0.001907797,-9.65E-05,-0.000744304,-0.001145664,0.004950897,-0.002417252,-0.00113894,-0.001181156,-0.000434217,-0.001488177
"(0.88, 0.9)",0.001556486,,0.002792249,0.003358745,0.003621896,0.002225224,0.00395175,0.005822477,0.001189768,-0.000358778,0.000628614,0.003003083,,0.000820761,,-0.001610636,0.001164854,0.005336215,-0.001562659,0.003660575,-0.000628109,-0.000458045,0.00066121,-0.004457236,0.002078144,-0.004615395,-0.016043974,-0.001958947,0.001241865,-0.010080566,-0.020948538,-0.000164792,0.004354844,-0.004478305,-0.002896394,-0.001373678,-0.001916221,-0.002258054,0.000249309,0.00520589,-0.004490889,-0.004544458,-0.00255168,-0.001815484,-0.002557225,0.000278048,0.004300191,-0.003339255,-0.003223366,-0.001184841,-0.000596098,-0.001903943,-0.000203721,0.003291437,-0.002553147,-0.000190848,-0.002325287,-0.001453672,-0.000644623,-0.000493882,0.00414528,-0.002752227,-0.002693592,-0.002569231,-0.000480336,-0.00119648,0.000709933,0.00308633,-0.001875809,-0.002105357,-0.002381814,-0.001113201,-0.000439265,0.000577121,0.004213933,-0.000523877,-0.001930395,-0.003521282,-0.00054939,-0.001390737,-0.000422183,0.004146039,-0.001092898,-0.002424639,-0.002094265,-0.000152905,-0.000239902
"(0.9, 0.92)",0.00202246,,0.003236443,0.002780282,0.00274524,0.003260718,0.005400359,0.004309091,0.001355635,0.000497904,-0.000852102,0.001946697,,-5.15E-05,,3.83E-05,0.001231302,0.004127484,-0.002913408,0.00506805,-0.001941722,0.000164481,-0.000353562,-0.005905162,0.002762443,-0.005394715,-0.014448684,-0.004119859,0.0022399,,-0.018322544,0.000676337,0.004469241,-0.006623257,-0.004151198,-0.002053324,-0.002185048,-0.001582074,0.001099356,0.004033624,-0.004454813,-0.003295722,-0.002055502,-0.002357155,-0.001159901,0.000215028,0.005637804,-0.004149778,-0.002321738,-0.004443555,-0.001290887,-0.001266,-0.00048851,0.004891237,-0.003142136,-0.003571204,-0.002389305,-0.001429069,-0.001551401,0.00015592,0.004328876,-0.002417616,-0.001979289,-0.004424492,-0.002196513,-0.001581983,0.001799768,0.004391237,-0.002952897,-0.003781696,-0.004587375,-0.001969105,-0.002374147,0.00077706,0.003538238,-0.003246343,-0.003172274,-0.003487277,-0.002825486,-0.002420357,0.000775376,0.00335419,-0.002445429,-0.003128871,-0.004492113,-0.00262446,-0.0030112
"(0.92, 0.9400000000000001)",-0.00046289,,-0.001147072,-0.001314462,-0.001249417,-0.000979975,0.006012025,0.004465561,0.000836543,0.000401012,-0.000484773,0.002643192,,0.003118923,,-0.002259529,0.000721367,0.004567494,-0.00135839,0.006072954,-0.003376734,-0.00042869,-0.001406659,-0.005857521,0.002640562,,,-0.00418425,0.003754104,,-0.000991889,-0.001307207,0.004458086,-0.00556007,-0.00389778,-0.002267077,-0.000607791,-0.000923418,-0.001225216,0.005999988,-0.005613951,-0.002936554,-0.002233843,-0.001452666,-0.002118827,6.97E-05,0.005898703,-0.005415016,-0.004305305,-0.00378639,-0.00292679,-0.001104043,-0.000209815,0.007195152,-0.005522782,-0.00595867,-0.004280354,-0.002722586,-0.001377538,-0.00076922,0.007368653,-0.004267499,-0.004659045,-0.002669394,-0.002711645,-0.001638502,1.13E-05,0.007480223,-0.00410614,-0.004271444,-0.004534919,-0.00306028,-0.001661619,0.000757819,0.007488455,-0.004413734,-0.00513797,-0.004890281,-0.002499916,-0.002157524,0.000495987,0.006601269,-0.00522954,-0.005478156,-0.005088973,-0.002986679,-0.002252099
"(0.9400000000000001, 0.96)",0.003173142,,0.000930988,0.001137826,0.001376004,0.000603783,0.005386659,0.00684408,0.000694608,-0.000478277,-0.000632618,0.00214857,,0.003591928,,-0.000680491,0.000929853,0.006413735,-0.003093295,0.005205538,-0.001901213,-0.000605208,-0.000335562,-0.004727039,0.002740406,,,-0.003362468,0.005104531,,,-0.00012458,0.007161964,-0.004837188,-0.002524873,-0.002564565,-0.002829358,-0.00164285,-0.001259528,0.00744778,-0.005015937,-0.003339169,-0.002718127,-0.001942831,-0.000485658,-0.001777193,0.007046801,-0.005213205,-0.002940657,-0.003067724,-0.003539867,-0.001996409,-0.000369549,0.007204444,-0.003888524,-0.003790182,-0.004015811,-0.003022752,-0.002447592,0.000424862,0.007098881,-0.004648701,-0.007064028,-0.003898839,-0.003741713,-0.003061278,-6.71E-05,0.007293545,-0.004402936,-0.00592503,-0.002278459,-0.004138618,-0.00416725,-0.000800237,0.006920864,-0.004320012,-0.003866774,-0.002185181,-0.004634184,-0.003952217,-0.00082304,0.008745317,-0.004023934,-0.002977188,-0.002465429,-0.004589922,-0.00362815
"(0.96, 0.98)",0.001555671,,0.002252452,0.002032078,0.002974964,0.001664997,0.004873035,0.008033504,-9.40E-05,-0.000755479,-0.002372337,0.002663046,,0.000903987,,-0.004804409,-0.000206315,0.007336286,-0.00407165,0.004632203,-0.004666736,-0.000632358,-0.001865173,-0.006398375,0.003580058,,,-0.002380875,0.005345288,,,-0.000686778,0.007374856,-0.005574637,-0.006136274,-0.004891901,-0.001761837,-0.002265868,-0.001569982,0.006508966,-0.00475371,-0.004179606,-0.003710148,-0.001683502,-0.002001442,-0.000876614,0.006477266,-0.003762998,-0.004739192,-0.00318775,4.79E-05,-0.00182841,-0.000621749,0.006181794,-0.004402076,-0.003197232,-0.003949372,-0.001558413,-0.001719707,-0.000428816,0.006017818,-0.004471809,-0.00272201,-0.004533479,-0.001417597,-0.001940962,-0.000641132,0.005946474,-0.004272793,-0.003471394,-0.004422445,-0.001888185,-0.001017097,0.000322096,0.006724677,-0.003975323,-0.003881984,-0.003663331,-0.001411421,-0.001165469,-0.00037024,0.006861357,-0.003519329,-0.003842299,-0.003808032,-0.001337076,-0.001287931
"(0.98, 1.0)",0.004709994,0.000721382,0.012732601,0.016573038,0.011132315,0.018384538,0.006689322,0.008277435,0.004229096,-0.0087833,-0.002518285,0.00325506,,0.002443903,0.000721382,-0.011925347,0.000976476,0.008287718,-0.005965222,0.006652718,-0.004411016,-0.005684032,-0.00622061,-0.007250078,0.005532502,0.000858205,0.000977536,-0.002203557,0.005059214,0.000895345,0.000782385,-0.005697282,0.00848255,-0.007016533,-0.002071333,0.001009925,-0.00115629,0.001432226,-0.00416806,0.008633626,-0.006718083,-0.006288221,-0.003409073,-0.003333791,-0.001991317,-0.002559942,0.008766105,-0.006547688,-0.00611307,-0.007242617,-0.003663333,-0.00365616,-0.001744809,0.008581723,-0.005897013,-0.007674214,-0.007523288,-0.003231966,-0.004378835,-0.002335122,0.008645375,-0.005291073,-0.00755513,-0.007191534,-0.003803886,-0.004092847,-0.002383929,0.008498509,-0.005373706,-0.007701137,-0.00723692,-0.003642799,-0.003719101,-0.001973189,0.008597477,-0.005488319,-0.008050041,-0.007727841,-0.003403963,-0.003405812,-0.002015208,0.008377891,-0.006116427,-0.007391877,-0.006623951,-0.003244764,-0.00332162
