,_id_rank,timestamp_rank,代码_rank,日期_rank,开盘_rank,最高_rank,最低_rank,收盘_rank,成交量_rank,收盘timestamp_rank,成交额_rank,成交笔数_rank,主动买入成交量_rank,主动买入成交额_rank,开盘收盘幅_rank,涨跌幅_rank,昨日振幅_rank,昨日成交额_rank,delta昨日成交额_rank,昨日成交量_rank,delta昨日成交量_rank,昨日涨跌_rank,delta昨日涨跌_rank,昨日资金贡献_rank,delta昨日资金贡献_rank,up昨日资金贡献_rank,down昨日资金贡献_rank,昨日资金波动_rank,delta昨日资金波动_rank,up昨日资金波动_rank,down昨日资金波动_rank,过去2日总涨跌_rank,过去2日总成交额_rank,过去2日资金贡献_rank,ma_up4周期昨日资金贡献_rank,ma_down4周期昨日资金贡献_rank,ma_up4周期昨日资金波动_rank,ma_down4周期昨日资金波动_rank,过去3日总涨跌_rank,过去3日总成交额_rank,过去3日资金贡献_rank,ma_up6周期昨日资金贡献_rank,ma_down6周期昨日资金贡献_rank,ma_up6周期昨日资金波动_rank,ma_down6周期昨日资金波动_rank,过去4日总涨跌_rank,过去4日总成交额_rank,过去4日资金贡献_rank,ma_up8周期昨日资金贡献_rank,ma_down8周期昨日资金贡献_rank,ma_up8周期昨日资金波动_rank,ma_down8周期昨日资金波动_rank,过去5日总涨跌_rank,过去5日总成交额_rank,过去5日资金贡献_rank,ma_up10周期昨日资金贡献_rank,ma_down10周期昨日资金贡献_rank,ma_up10周期昨日资金波动_rank,ma_down10周期昨日资金波动_rank,过去6日总涨跌_rank,过去6日总成交额_rank,过去6日资金贡献_rank,ma_up12周期昨日资金贡献_rank,ma_down12周期昨日资金贡献_rank,ma_up12周期昨日资金波动_rank,ma_down12周期昨日资金波动_rank,过去7日总涨跌_rank,过去7日总成交额_rank,过去7日资金贡献_rank,ma_up14周期昨日资金贡献_rank,ma_down14周期昨日资金贡献_rank,ma_up14周期昨日资金波动_rank,ma_down14周期昨日资金波动_rank,过去8日总涨跌_rank,过去8日总成交额_rank,过去8日资金贡献_rank,ma_up16周期昨日资金贡献_rank,ma_down16周期昨日资金贡献_rank,ma_up16周期昨日资金波动_rank,ma_down16周期昨日资金波动_rank,过去9日总涨跌_rank,过去9日总成交额_rank,过去9日资金贡献_rank,ma_up18周期昨日资金贡献_rank,ma_down18周期昨日资金贡献_rank,ma_up18周期昨日资金波动_rank,ma_down18周期昨日资金波动_rank
"(0.0, 0.02)",0.000175653,,-0.00013765,,3.98E-06,3.98E-06,3.98E-06,3.98E-06,-6.71E-05,,-0.000168088,-0.000177546,-9.51E-05,-0.000257641,2.81E-05,-0.000351152,-4.22E-05,-9.25E-05,2.31E-05,-2.60E-05,5.79E-06,-6.72E-05,5.89E-05,,-0.001251264,-0.001447216,-0.000244202,-0.001544402,-0.001698986,-0.001698986,-0.000146674,-0.000215039,-0.000144412,,-7.23E-05,-5.95E-05,-0.000221622,-0.000265721,-0.000271417,-0.000114079,,-3.68E-05,-4.25E-05,-0.000225881,-0.000161577,-0.000185223,-6.18E-05,,-4.35E-05,-5.85E-05,-0.000171345,-4.76E-05,-0.000264996,1.01E-05,,-0.000116473,-0.000129122,-9.49E-05,-0.000122396,-0.000245226,-1.38E-05,,-0.000204548,-0.000250259,-0.000124159,-0.000106829,-0.000303691,-2.98E-05,,-0.000223753,-0.000188997,-8.07E-05,-1.56E-05,-0.000244812,-2.87E-05,,-0.000141641,-0.000127966,-1.91E-05,2.22E-05,-0.000272657,-3.35E-05,,-0.000100221,-9.42E-05,-7.17E-05,-3.18E-05
"(0.02, 0.04)",0.000211022,,-6.60E-05,,-0.000140799,-0.000140799,-0.000140799,-0.000140799,-1.97E-05,,6.34E-05,0.000144397,-3.03E-06,8.11E-05,0.000126576,-0.00011075,1.48E-05,4.50E-05,2.71E-05,3.05E-05,1.74E-06,-3.36E-05,2.88E-05,,-0.000533703,-0.000468051,-0.000144801,-0.002252064,-0.001569142,-0.001569142,-1.23E-05,-1.42E-05,0.000121657,,-0.000396008,-0.000234871,-0.000118235,-6.69E-05,-3.93E-05,0.000144278,,-0.000270832,-0.000163523,-0.000218549,-0.000218264,-5.90E-05,0.000156476,,-0.000180645,-0.000191323,-0.000226984,-0.000195866,5.38E-05,9.09E-05,,-0.000189997,-0.000201906,-0.00016259,-0.000178435,-6.52E-05,0.000107373,,-0.00017815,-0.000258686,-0.000168185,-0.000142947,-3.26E-05,0.000131865,,-0.000240486,-0.000202444,-0.000159815,-0.000103105,-4.65E-05,0.0001508,,-0.000127629,-0.000185793,-0.000152573,-0.000120415,4.93E-05,0.000176996,,-0.000119535,-0.000124215,-0.000175161,-0.000130602
"(0.04, 0.06)",-9.86E-05,,4.72E-05,,-2.07E-05,-2.07E-05,-2.07E-05,-2.07E-05,1.24E-05,,0.000125289,7.98E-05,-4.70E-05,0.000146298,-2.42E-05,-8.14E-05,0.000106615,0.000135377,9.18E-05,2.11E-05,9.32E-05,2.16E-06,1.98E-05,-0.002645503,-0.000101687,0.000125284,-9.28E-05,-0.002515484,-0.000406038,-0.000379026,-9.74E-05,-4.42E-05,8.42E-05,-0.00159209,-0.000188696,-9.42E-05,-2.81E-05,5.42E-05,-3.62E-06,6.95E-05,-0.002041017,-0.00017503,-0.000257926,-3.64E-05,2.99E-07,-2.40E-05,2.77E-05,-0.001019856,-0.000158524,-6.22E-05,-1.47E-05,-4.85E-05,7.05E-06,5.70E-05,-0.001178841,-3.49E-05,-2.59E-05,-9.14E-05,2.47E-05,5.40E-05,8.36E-05,-0.00138024,-7.52E-05,-7.66E-05,-8.01E-05,-0.000123695,3.98E-05,9.04E-05,-0.001230713,-0.00012488,-0.000203353,-0.000120546,-0.000223675,-4.26E-05,0.000118099,-0.001425002,-0.000223271,-0.000251947,-0.000215451,-0.000206632,5.09E-05,0.000120882,-0.000717444,-0.000288976,-0.00027228,-0.000119425,-0.000149193
"(0.06, 0.08)",9.13E-05,,-4.02E-05,,2.57E-05,2.57E-05,2.57E-05,2.57E-05,5.24E-05,,8.57E-05,0.000106535,8.46E-05,5.95E-05,9.74E-05,-0.000149143,0.000160808,9.25E-05,5.61E-05,2.60E-05,3.92E-05,-6.96E-05,7.94E-05,-0.002770187,-0.00034816,-0.000348181,-9.21E-05,-0.001133865,-7.32E-05,-4.47E-05,-3.39E-05,5.13E-05,0.000128155,-0.002219726,-8.70E-05,-0.000221813,-3.11E-05,-0.000149156,9.25E-05,6.09E-05,-0.001355733,-0.000171031,-0.000149017,-9.98E-05,7.28E-08,9.59E-05,4.89E-05,-0.0012193,-0.000189935,-0.000189334,9.84E-06,-2.35E-05,-3.92E-05,1.99E-05,-0.001549521,-0.000221755,-0.000186581,2.72E-05,-6.92E-05,3.85E-05,3.26E-05,-0.00126385,-0.000149886,-6.81E-05,-0.000128017,4.33E-05,1.79E-05,9.06E-06,-0.001384259,-0.000141146,-6.47E-06,-0.000119207,-9.45E-06,-6.19E-05,-2.34E-05,-0.000931433,-0.000129941,-9.43E-05,-5.13E-05,-3.82E-05,-4.08E-05,-6.37E-05,-0.00115481,-0.000156891,-8.92E-05,-4.78E-05,-8.97E-05
"(0.08, 0.1)",-0.000146961,,-1.47E-05,,-6.47E-05,-6.47E-05,-6.47E-05,-6.47E-05,0.000101114,,2.50E-05,4.03E-06,4.34E-05,-3.33E-06,-1.65E-05,-0.000140481,0.000103014,2.56E-05,5.53E-05,9.37E-05,8.91E-05,6.08E-06,-5.16E-06,-0.001215378,-0.000166172,0.000199165,1.88E-07,-0.001449399,-0.000348277,-0.000330785,3.29E-05,-2.48E-05,7.35E-05,-0.001348611,-3.35E-05,-0.000142103,-7.95E-05,5.13E-05,-2.88E-05,7.44E-05,-0.00134765,-0.000135303,-7.20E-05,0.000242776,7.15E-05,-2.92E-05,4.83E-05,-0.001245141,-0.000164446,-0.000110876,-0.000156333,-0.000221925,4.37E-05,2.61E-05,-0.001353913,-0.000279476,-0.000167948,-0.000158272,-0.000119379,-5.97E-06,-4.21E-07,-0.001338039,-0.000287158,-0.000193173,-7.17E-05,-0.000156416,8.00E-05,2.99E-05,-0.000680436,-0.000203751,-0.000149924,1.99E-05,-1.69E-05,-2.66E-05,-5.29E-06,-0.001100497,-0.000125021,-6.06E-06,-8.60E-05,-0.000130092,3.03E-05,1.78E-05,-0.000983168,-0.000113791,-0.000118827,-0.000103992,-6.38E-05
"(0.1, 0.12)",-3.64E-05,,0.000131774,,1.72E-05,1.72E-05,1.72E-05,1.72E-05,0.000152661,,1.64E-05,4.37E-05,0.000112971,3.01E-05,9.47E-05,-9.53E-05,8.20E-06,4.16E-05,3.92E-05,9.29E-05,4.86E-05,-5.06E-05,-2.27E-05,-0.001541919,6.00E-05,0.000197674,-5.61E-05,-0.000604069,-0.000171847,-0.000142315,-2.95E-05,7.12E-05,5.59E-06,-0.001066991,2.54E-05,-4.79E-05,-7.23E-05,-0.000227409,-0.000117168,6.00E-05,-0.000939942,-8.66E-05,3.51E-05,-8.95E-05,-9.52E-05,2.38E-05,4.53E-05,-0.001103452,-1.87E-05,9.51E-06,2.10E-05,-9.90E-05,2.73E-05,6.45E-05,-0.001086663,-6.92E-05,-5.26E-05,-0.000253746,-0.000147964,-8.49E-05,4.03E-05,-0.000928852,-9.26E-05,-2.76E-05,-8.03E-05,-8.19E-05,2.23E-05,1.91E-05,-0.000976441,-0.00015824,-0.000128616,-0.000168028,-0.000220429,1.37E-05,3.65E-05,-0.000427192,-0.000213148,-0.000222696,-0.000123051,-8.71E-05,-2.62E-05,4.21E-05,-0.000754114,-0.000197398,-0.000192738,-6.96E-05,-9.18E-05
"(0.12, 0.14)",-1.09E-05,,-2.57E-05,,6.58E-06,6.58E-06,6.58E-06,6.58E-06,9.95E-05,,0.000156352,3.65E-05,5.38E-05,8.74E-05,2.46E-05,-9.75E-05,8.01E-05,0.000134899,6.51E-05,8.46E-05,3.69E-06,1.37E-05,-1.37E-05,-0.00150828,-9.59E-05,0.000100355,2.48E-06,-0.000464511,-0.000167246,-0.000136246,1.06E-05,-4.73E-05,0.000105764,-0.001713689,-0.000103432,-5.73E-05,-0.000104044,-7.13E-05,-1.15E-08,0.000108191,-0.001269225,-0.000103287,-0.000121169,-0.000137816,-0.000197043,-1.24E-05,0.000146302,-0.001051409,9.57E-07,-0.000110596,-3.66E-05,5.80E-05,-5.10E-05,0.000183713,-0.000611589,-3.25E-05,-0.000137502,1.88E-05,-5.85E-05,3.81E-05,0.000201648,-0.000545859,-4.08E-05,-3.14E-05,-4.85E-05,-2.40E-05,1.46E-05,0.000232996,-0.000596143,-1.37E-05,-2.44E-05,-6.04E-05,3.22E-05,1.74E-05,0.000243491,-0.000551152,-9.99E-05,-2.21E-05,-0.000162615,-0.000208192,-4.84E-05,0.000257141,-0.00038902,-7.58E-05,-9.84E-05,-0.000293934,-0.000165882
"(0.14, 0.16)",-3.31E-06,,1.54E-05,,7.62E-05,7.62E-05,7.62E-05,7.62E-05,0.000102005,,8.88E-05,5.40E-05,0.000221453,1.47E-05,4.08E-05,-8.95E-05,0.000124545,8.98E-05,6.89E-05,8.12E-05,6.91E-05,3.34E-06,3.42E-05,-0.001740904,1.33E-05,5.48E-05,5.72E-05,-0.00021091,-0.000187519,-0.000169302,-5.59E-05,-2.14E-05,5.07E-05,-0.001250203,-0.000229363,-0.000113911,-5.27E-05,0.000107637,-0.000111229,0.000103515,-0.000996706,-0.000173096,-6.00E-05,3.60E-05,-2.33E-05,5.15E-06,0.000125626,-0.00097974,-0.000128394,-6.75E-05,-0.000154319,-9.42E-06,-7.81E-05,0.000127653,-0.000452831,-0.000196391,-0.000100451,-0.000140506,1.35E-05,-4.62E-05,0.000152616,-0.000338263,-0.000175714,-0.000145212,-9.76E-05,-6.21E-05,1.60E-05,0.000140798,-0.000261393,-1.66E-05,-1.47E-05,-8.60E-05,-4.33E-05,9.95E-05,0.000151899,-0.000262586,2.36E-05,-5.74E-05,-2.51E-05,5.50E-06,3.63E-05,0.000154081,-0.00034803,-5.79E-05,-6.60E-05,-5.46E-05,-3.51E-05
"(0.16, 0.18)",-5.68E-05,,-4.89E-05,,3.06E-05,3.06E-05,3.06E-05,3.06E-05,0.000134393,,7.97E-05,6.28E-05,0.000191951,9.88E-05,4.72E-05,-0.000102482,0.000121321,6.72E-05,-2.11E-05,0.000129035,2.58E-05,8.60E-06,5.46E-05,-0.002599918,-9.79E-05,-5.11E-05,-3.41E-05,-0.000480122,-7.08E-05,-3.77E-05,2.80E-05,-4.21E-05,0.00011057,-0.001072433,-0.00021102,-0.000130944,-8.61E-05,-0.000126365,-0.000140849,7.95E-05,-0.00083281,-0.00019312,-0.000168122,-0.000114757,2.95E-05,-9.00E-05,6.95E-05,-0.000421149,-0.000202801,-0.000153117,1.28E-05,-9.25E-05,-0.000131619,6.86E-05,-0.000498318,-6.82E-05,-8.63E-05,1.86E-05,-6.64E-05,-8.61E-05,3.78E-05,-0.000477833,-0.000113272,-0.000222868,1.64E-05,-3.57E-05,-5.18E-05,5.96E-05,-0.000575473,-0.000125524,-0.000155193,-7.81E-05,-5.46E-05,-4.09E-05,2.27E-05,-0.000557176,-9.97E-05,-1.43E-05,-2.57E-05,-7.42E-05,-3.23E-05,1.06E-05,-0.00035042,-2.22E-05,-3.66E-06,-2.11E-05,-0.000138511
"(0.18, 0.2)",-4.12E-05,,5.82E-05,,6.26E-06,6.26E-06,6.26E-06,6.26E-06,0.000209734,,6.04E-05,0.000105515,-6.74E-05,7.45E-05,7.72E-05,-0.000174972,-2.53E-05,6.75E-05,8.74E-05,0.000204558,0.00010342,-1.08E-05,-0.000101233,-0.001672872,8.36E-05,0.000140669,6.35E-05,-0.00042178,-8.57E-05,-5.84E-05,6.97E-05,-0.000163205,7.62E-05,-0.000997751,-0.000149978,-0.000116738,-2.22E-05,-7.09E-05,-6.15E-05,3.76E-05,-0.000846543,-0.000172441,-0.000171813,-5.74E-05,-3.70E-05,-2.00E-05,3.75E-05,-0.000523392,-2.33E-06,-0.000179189,-5.89E-05,-4.59E-05,-2.39E-05,3.67E-05,-0.000544036,-0.000157346,-0.000146091,-9.44E-06,2.90E-05,6.23E-05,2.03E-05,-0.000461846,6.36E-05,-9.26E-05,-5.33E-05,-0.000141074,7.26E-05,1.84E-05,-0.000435889,-0.000241514,-0.000201959,8.97E-05,-9.23E-05,5.05E-05,4.43E-05,-0.000372732,-6.70E-05,-8.09E-05,5.63E-05,5.75E-05,-1.70E-05,3.96E-05,-0.000304515,-7.15E-05,-2.34E-05,-1.43E-05,-5.10E-05
"(0.2, 0.22)",0.000117114,,-1.45E-05,,1.08E-05,1.08E-05,1.29E-05,1.29E-05,-3.53E-07,,6.92E-05,9.99E-05,5.34E-05,3.41E-05,2.54E-05,-6.10E-05,6.65E-05,4.75E-05,4.18E-05,1.40E-06,5.15E-06,6.86E-05,5.18E-05,-0.001163517,0.000165447,0.000251815,7.97E-05,-0.000362156,0.000111673,0.000171468,1.25E-05,5.06E-05,0.000115052,-0.000680654,-0.000123983,-3.45E-05,-0.000111329,-3.84E-06,-2.34E-05,4.03E-05,-0.000722473,-0.000178255,-2.03E-05,-9.97E-05,-5.24E-05,4.97E-05,1.10E-05,-0.000403063,-0.000217108,-6.50E-05,2.14E-05,-7.62E-05,-4.85E-05,1.45E-05,-0.000386246,-0.000107431,-6.00E-05,-0.000107689,-1.36E-05,6.88E-05,5.61E-05,-0.000528686,-0.000156561,-3.76E-05,-0.000112663,-1.54E-05,9.75E-05,1.20E-05,-0.000259837,-0.000148275,-0.000168587,2.72E-05,-0.000120486,3.96E-05,1.57E-05,-0.000379202,-0.00025961,-0.000211516,-0.000178901,-0.000181457,7.53E-05,1.33E-05,-0.00028515,-0.000188462,-0.000157985,-2.67E-05,-6.96E-05
"(0.22, 0.24)",8.45E-05,,-2.33E-05,,-4.16E-05,-4.16E-05,-4.29E-05,-4.29E-05,-2.68E-06,,2.08E-05,3.45E-05,1.49E-05,4.07E-05,8.88E-05,-0.000146729,2.06E-05,1.12E-05,1.49E-07,1.03E-05,2.43E-05,-0.000114361,-2.41E-05,-0.000904951,9.07E-05,0.000238945,6.93E-05,-0.000138222,0.000105633,0.000155692,2.95E-05,-6.69E-05,-7.63E-06,-0.000520518,-0.000100184,-7.08E-05,-0.000112439,-2.13E-05,-3.99E-05,7.90E-05,-0.000161438,-6.38E-05,-7.12E-05,-0.000217107,2.44E-05,4.74E-05,3.53E-05,-0.000461448,-0.000162465,-0.000153977,-0.000210292,-3.54E-05,5.52E-05,2.57E-05,-0.000364136,-4.23E-05,-8.72E-05,1.46E-05,-0.000114516,-8.14E-06,1.10E-05,-0.000260186,-0.000109195,-6.89E-05,-0.00015557,-0.000160773,2.00E-05,4.82E-05,-0.000298974,-0.000107995,-7.97E-05,-0.000299982,-0.000127684,8.62E-05,2.52E-05,-0.000190348,-0.000161835,-0.000200646,-0.000211658,-6.62E-05,5.30E-05,4.32E-06,-0.000316983,-0.000138109,-0.000185322,-0.000105891,-5.57E-05
"(0.24, 0.26)",0.000275285,,-0.000131344,,1.64E-05,1.49E-05,1.55E-05,1.45E-05,-1.53E-05,,7.99E-07,7.31E-05,3.40E-05,5.13E-05,8.57E-06,-3.53E-05,-3.17E-05,2.14E-05,-1.02E-05,4.07E-05,0.000107296,-2.18E-06,-4.16E-05,-0.000739873,2.83E-05,2.27E-05,0.000102849,-0.000100339,1.84E-06,5.31E-05,8.41E-06,6.88E-05,1.07E-06,-0.000510425,-5.88E-05,-0.000101415,-8.48E-05,3.42E-05,-1.25E-05,-2.11E-05,-0.000419833,2.91E-05,-3.14E-05,-9.69E-05,-0.000112633,1.33E-06,6.16E-05,-0.000533736,-9.14E-05,-2.97E-05,-6.73E-05,-2.64E-05,2.47E-05,2.00E-05,-0.000410448,-6.19E-05,-3.06E-05,-2.95E-05,-8.88E-05,0.000104533,3.12E-05,-0.00016733,-9.07E-05,1.52E-06,-6.99E-05,-2.17E-05,-8.92E-06,-7.04E-06,-0.000227584,1.63E-05,-6.02E-05,-9.55E-06,1.00E-05,4.54E-05,5.77E-06,-0.000213602,-7.73E-05,-0.000132118,-0.000120346,-7.63E-05,9.25E-05,-9.92E-07,-0.000235627,-0.00017336,-0.000197186,-0.000115356,4.45E-05
"(0.26, 0.28)",-3.67E-05,,-0.000167881,,3.38E-05,3.83E-05,3.35E-05,3.24E-05,5.54E-05,,0.000113693,-3.06E-06,-3.91E-05,1.58E-05,-2.14E-05,-6.00E-06,-3.44E-05,8.46E-05,-3.28E-06,4.12E-05,0.000114612,-3.55E-05,1.74E-05,-0.000543498,4.62E-05,5.23E-05,4.36E-05,-0.000175243,-0.00018909,-0.000104026,-1.97E-05,3.58E-05,-9.82E-06,-0.000384132,-0.000136551,6.21E-06,-2.07E-05,-4.84E-06,8.35E-05,8.79E-05,-0.000326889,-0.000132649,-1.87E-05,-2.88E-05,1.44E-05,-7.69E-06,-1.60E-05,-0.000201584,-9.32E-05,-4.63E-05,-6.11E-05,6.18E-05,8.97E-06,-2.98E-05,-0.000172585,-8.85E-05,-0.000103744,-0.000126349,-6.40E-05,5.45E-06,-8.60E-05,-0.000225307,-0.000102156,-0.000109808,-8.24E-05,-2.67E-05,-4.89E-06,4.05E-06,-3.01E-05,-2.14E-05,-9.96E-06,-0.000133415,-4.32E-05,6.55E-06,5.56E-05,-0.000241607,5.30E-05,4.76E-05,-4.81E-05,-2.03E-05,5.34E-05,0.000103382,-0.000202939,-4.09E-05,-2.76E-05,-9.10E-05,-6.92E-05
"(0.28, 0.3)",-0.000169883,,-2.39E-06,,-4.31E-05,-5.16E-05,-3.99E-05,-4.43E-05,-1.20E-05,,1.75E-05,1.90E-05,1.61E-05,5.39E-05,-7.58E-05,-1.20E-06,-1.14E-05,5.86E-05,0.00013881,3.66E-05,-2.38E-05,3.74E-05,3.52E-05,-0.000331576,9.09E-05,8.54E-05,8.26E-05,2.60E-05,0.000110096,0.000173411,7.23E-05,5.80E-05,5.11E-05,-0.000237509,-2.09E-05,-3.93E-05,4.29E-05,4.02E-06,-8.35E-05,-3.81E-06,-0.0003322,-2.81E-05,-0.000112258,-6.48E-05,2.96E-05,-5.47E-06,4.94E-05,-0.000190901,-8.61E-05,-0.000100745,-5.71E-05,-0.000120042,-2.20E-05,1.51E-06,-0.000222952,-0.000162644,-0.00010409,-0.000123181,5.47E-05,2.01E-06,2.20E-05,-0.000298948,-0.000129073,-0.000136967,-0.000110259,-6.77E-05,1.38E-05,5.25E-05,-0.000255292,-0.000132844,-0.000180337,-0.000144297,-0.000130918,1.80E-05,2.90E-05,-0.000132007,-5.52E-05,2.57E-05,4.52E-06,5.23E-05,-4.73E-05,8.62E-06,-0.000201149,1.67E-05,5.93E-06,-9.77E-05,-4.70E-05
"(0.3, 0.32)",4.20E-05,,-0.000130205,,-0.000156804,-0.000150171,-0.000156478,-0.000144856,8.80E-05,,1.90E-05,4.36E-05,2.42E-05,1.67E-05,-4.25E-05,-0.000116039,2.37E-05,2.03E-05,5.61E-05,9.02E-05,8.90E-05,-4.43E-06,-1.67E-05,-0.000279947,1.58E-05,2.26E-05,1.13E-05,-2.31E-05,4.59E-05,0.000103727,6.59E-05,-8.63E-06,-1.01E-05,-0.000302461,-9.40E-05,-0.000116227,-2.35E-05,4.73E-05,-4.33E-05,1.11E-05,-0.000236786,-8.91E-05,-0.00010733,-4.30E-05,6.20E-05,-1.82E-05,4.76E-05,-0.00016522,-0.000157098,-3.05E-05,-0.000128933,-2.55E-05,6.20E-05,8.37E-05,-9.20E-05,-0.000180776,-8.17E-05,-0.000107464,-4.87E-05,-4.25E-06,8.74E-05,-0.000160748,-0.00011317,-9.45E-05,-2.71E-05,-2.11E-05,-1.10E-05,6.78E-05,-0.00019292,-0.000108413,4.60E-06,-0.000106566,-3.05E-05,6.33E-05,6.39E-05,-0.00014623,-0.000170707,-5.68E-05,-0.000119623,-0.000151554,3.30E-05,0.000120529,-0.00012507,-4.16E-05,-2.78E-05,-4.89E-05,-8.59E-05
"(0.32, 0.34)",6.06E-05,,3.09E-05,,4.33E-05,4.48E-05,3.94E-05,4.02E-05,1.66E-05,,3.13E-05,3.00E-05,6.79E-05,4.63E-06,7.80E-05,-0.000120577,-5.29E-06,1.35E-05,1.19E-05,-3.62E-05,-4.38E-05,-6.74E-05,1.68E-05,-0.000279238,3.61E-05,8.64E-05,1.38E-05,-2.90E-05,4.47E-05,8.64E-05,5.75E-05,9.89E-05,4.18E-05,-0.000221482,-0.000189528,-9.24E-05,-0.000126724,-0.000124851,3.20E-05,-3.33E-05,-0.000141549,-9.11E-05,-6.03E-05,3.91E-05,3.52E-05,4.26E-05,-2.91E-05,-0.000131964,2.33E-05,-0.00012183,-1.60E-05,-1.08E-05,0.000109669,4.76E-06,-0.000175917,-1.11E-05,-2.53E-05,-1.45E-05,-4.34E-05,-1.74E-05,2.13E-05,-0.000173811,-6.06E-05,-0.000113283,1.28E-05,7.16E-05,1.03E-05,3.75E-05,-9.10E-05,-7.04E-05,-2.88E-05,5.20E-05,1.82E-05,-4.29E-05,6.04E-05,-0.00011334,-7.34E-05,-0.000131108,-7.51E-05,4.68E-05,4.51E-05,3.82E-05,-6.01E-05,-3.65E-05,3.07E-05,-4.32E-05,3.75E-05
"(0.34, 0.36)",5.45E-05,,-0.000113857,,-0.000259242,-0.000234749,-0.000279084,-0.000250712,4.13E-06,,-1.58E-05,-5.29E-06,-2.40E-05,4.18E-06,-7.17E-05,5.18E-05,-9.13E-05,-2.53E-05,-0.000192705,2.24E-05,-4.16E-05,7.62E-05,7.75E-05,-0.000243343,3.83E-05,2.55E-05,5.71E-05,-0.000112227,9.44E-05,0.000162903,4.37E-07,-5.28E-05,1.87E-06,-0.000296193,1.15E-05,4.15E-05,-5.58E-06,0.000115358,-2.07E-05,-2.36E-06,-0.000174486,3.96E-05,-9.78E-05,0.000113891,0.000134776,1.53E-05,-2.53E-06,-0.000194004,-2.34E-05,-7.97E-05,-1.24E-05,2.54E-05,1.33E-06,1.55E-05,-0.000120965,-7.55E-05,-0.000150477,-2.33E-05,-1.10E-05,8.16E-06,-2.66E-05,-0.000115906,-9.91E-05,1.35E-07,-1.74E-05,2.72E-05,3.66E-05,-7.81E-05,-0.000145195,-0.000103721,-9.76E-05,1.48E-05,4.88E-05,-3.51E-05,-4.79E-05,-0.000218133,-5.27E-05,-3.16E-05,4.23E-05,2.65E-05,6.92E-05,-4.37E-05,-0.000187333,-0.00011902,-5.45E-05,-4.56E-05,2.65E-05
"(0.36, 0.38)",0.000283411,,-2.06E-05,,0.000239594,0.000234125,0.000242132,0.000233388,5.80E-06,,5.98E-05,1.94E-05,-2.19E-05,-1.19E-05,-2.84E-05,1.31E-05,-9.13E-05,1.60E-05,2.12E-05,-1.78E-05,-6.50E-05,2.29E-05,1.10E-05,-0.000280057,8.11E-05,1.92E-05,-1.67E-05,5.76E-05,9.06E-05,0.000160535,6.77E-05,-6.68E-05,-3.75E-05,-0.000130411,-0.000204522,-2.35E-05,-7.05E-05,-2.22E-05,-4.17E-05,6.37E-05,-0.000144812,-9.14E-05,2.44E-05,0.000113067,8.32E-05,6.91E-05,-9.10E-05,-6.94E-05,-8.45E-06,1.52E-05,8.35E-05,6.28E-05,0.000161193,-3.21E-05,-0.000183887,4.81E-06,-5.10E-05,-4.53E-05,7.01E-05,5.95E-06,-1.76E-05,-0.000142595,-4.18E-05,-2.48E-05,-2.28E-05,2.64E-05,9.96E-05,9.45E-06,-0.000138234,-3.86E-05,-0.000113417,-4.52E-05,-1.50E-05,1.48E-05,-6.87E-05,-2.60E-05,-0.000118809,-0.000113987,-1.55E-05,9.64E-05,1.47E-05,-5.10E-05,-6.01E-05,1.07E-05,-4.10E-05,6.80E-05,7.90E-05
"(0.38, 0.4)",2.51E-05,,3.64E-05,,4.08E-05,4.11E-05,4.43E-05,4.76E-05,6.38E-06,,-1.03E-05,1.18E-05,-7.53E-06,4.54E-05,8.24E-05,1.73E-05,3.42E-05,4.62E-05,-7.20E-05,5.60E-05,-7.74E-05,-9.41E-05,-2.40E-05,-0.00028375,-7.70E-05,-6.78E-05,5.25E-05,1.89E-06,5.22E-05,8.54E-05,5.80E-05,0.000112869,4.45E-05,-0.000215126,-8.29E-06,-1.16E-05,-2.83E-05,2.38E-05,-2.07E-05,-6.98E-06,-5.90E-05,-9.55E-05,2.22E-05,-0.000146328,-1.27E-05,7.81E-06,2.52E-05,-0.000109273,-0.000148111,-6.25E-05,2.88E-05,9.45E-05,-7.13E-05,-4.35E-05,-8.69E-05,-3.83E-05,-3.84E-05,-3.26E-05,7.34E-06,5.02E-05,-2.26E-05,-8.26E-05,-5.12E-05,-4.61E-05,3.67E-05,7.66E-05,1.34E-05,-3.72E-05,-0.000163062,-5.96E-05,-6.26E-05,0.000163755,5.72E-05,5.07E-05,-4.80E-05,-0.000109904,-0.000101115,-5.54E-05,1.37E-06,3.40E-05,-1.69E-05,-3.41E-05,-0.000167582,-7.98E-05,-0.00014526,4.60E-05,5.76E-05
"(0.4, 0.42)",-7.08E-05,,8.57E-05,,6.83E-05,5.44E-05,5.80E-05,6.30E-05,-1.77E-05,,-7.40E-06,1.57E-05,4.87E-05,4.49E-05,-9.25E-05,1.39E-05,-6.21E-06,-5.16E-05,-7.58E-05,1.17E-05,-2.45E-06,-1.73E-05,-5.69E-05,-0.000212375,0.000105198,0.000102773,-2.11E-06,4.43E-05,3.88E-05,5.97E-05,1.27E-05,8.97E-06,-3.08E-05,-7.21E-05,0.000113281,6.06E-05,-3.20E-05,8.79E-06,2.59E-05,-8.38E-05,-8.24E-06,-0.000100281,1.21E-05,1.80E-05,-8.69E-05,3.09E-05,-8.39E-06,-7.28E-05,-4.61E-06,-4.85E-05,-4.39E-05,2.10E-05,4.85E-05,-1.50E-08,-1.83E-05,-5.11E-05,-7.58E-05,0.000108933,9.40E-05,7.93E-05,-6.58E-05,-8.13E-05,-9.14E-05,-4.67E-05,0.000115797,0.000106999,6.89E-05,-5.30E-05,-3.50E-05,1.38E-06,-2.23E-05,-1.02E-06,2.82E-05,-2.97E-05,-3.45E-05,-0.000135307,-1.40E-05,-1.68E-05,0.000128618,6.29E-05,-0.000113031,-7.29E-05,-0.00011656,-4.90E-05,2.78E-05,7.39E-05,2.33E-05
"(0.42, 0.44)",-0.000273677,,0.000127084,,9.67E-06,5.32E-06,2.91E-05,3.71E-06,-9.11E-05,,-2.56E-05,-2.08E-05,4.24E-05,-5.26E-06,3.29E-05,2.92E-05,-1.58E-05,3.15E-05,-6.55E-05,-8.95E-05,-5.24E-05,8.23E-05,7.56E-05,-0.000305469,1.32E-05,2.14E-05,9.03E-05,-2.89E-05,9.19E-05,9.81E-05,9.90E-05,1.71E-05,1.11E-05,8.95E-06,1.32E-05,-5.25E-05,-5.80E-05,-8.39E-05,0.000109084,1.69E-05,-0.000106597,3.52E-05,-2.00E-05,-3.92E-05,0.000124087,3.78E-05,-4.73E-05,1.98E-05,8.63E-07,4.73E-05,0.000116403,7.23E-05,3.08E-05,-8.32E-05,-0.000115403,-7.62E-05,-1.26E-05,3.51E-05,4.60E-05,6.07E-06,-5.75E-05,-2.34E-05,-9.29E-06,-3.69E-05,9.01E-05,2.11E-05,1.79E-05,-3.32E-05,-5.31E-05,-5.88E-05,5.06E-05,7.73E-05,1.96E-05,7.82E-05,-2.53E-05,-2.71E-05,1.92E-05,-2.92E-05,0.000117339,2.47E-05,6.31E-05,-3.22E-05,-6.81E-06,3.43E-05,-1.19E-05,0.000128919,4.47E-05
"(0.44, 0.46)",6.29E-05,,0.00026466,,0.000306954,0.000328399,0.000282577,0.000327911,8.86E-06,,1.20E-06,1.57E-05,2.40E-05,-4.52E-06,-0.000366344,8.43E-06,8.06E-05,4.85E-05,-4.79E-05,5.88E-05,-0.000120309,6.98E-05,-4.49E-05,-0.000189544,7.05E-05,4.01E-05,2.33E-05,-2.04E-05,-3.39E-05,-5.08E-05,5.61E-05,2.15E-05,9.13E-06,-0.000102153,0.000111441,3.23E-05,-3.13E-05,-8.81E-05,0.000189392,-6.08E-06,-1.50E-05,6.01E-05,5.01E-06,-1.27E-05,-0.000123945,-4.72E-05,-4.51E-05,-5.84E-05,-5.01E-05,0.000116026,7.14E-05,6.39E-05,9.82E-05,-7.49E-05,-4.23E-05,6.05E-05,0.000139783,-9.22E-06,2.79E-05,-6.59E-05,4.31E-05,-4.95E-05,3.28E-05,2.12E-05,-3.92E-05,-7.76E-05,3.45E-05,-9.04E-05,-3.76E-05,1.91E-05,4.67E-05,-2.18E-05,0.000142336,7.86E-05,-2.81E-05,-7.26E-05,7.47E-06,0.000106673,-1.12E-05,2.17E-06,-2.54E-05,-3.37E-05,-2.29E-05,1.57E-05,5.12E-05,-1.48E-05,8.14E-05
"(0.46, 0.48)",-0.000197577,,-0.000300539,,-5.20E-05,-5.15E-05,-5.57E-05,-5.71E-05,6.47E-05,,0.00010464,-4.48E-05,1.69E-05,-3.70E-05,0.000665791,2.66E-05,1.01E-06,4.01E-05,-0.000200456,-1.52E-05,1.58E-05,3.83E-05,1.25E-05,-8.79E-05,2.83E-05,1.51E-05,8.81E-06,2.37E-05,2.17E-05,-9.93E-05,-8.40E-05,-5.27E-06,3.27E-05,-1.62E-05,-1.93E-06,-3.86E-05,2.08E-05,-3.63E-06,5.32E-05,3.55E-05,-3.02E-05,-2.02E-05,6.22E-05,-1.51E-06,-2.84E-05,-6.13E-05,3.81E-05,1.34E-05,1.30E-06,2.84E-05,-1.45E-05,-3.28E-06,-6.63E-05,4.51E-05,-4.96E-06,2.71E-05,0.000121487,0.00012408,0.000103899,-4.90E-07,4.01E-06,-2.47E-05,7.08E-05,0.00011173,7.48E-05,-2.35E-05,-6.98E-05,9.53E-05,-3.27E-05,9.62E-05,1.34E-05,7.38E-05,5.83E-05,6.50E-05,7.56E-05,-6.38E-05,0.000153796,7.41E-05,0.000110526,6.09E-05,2.41E-05,2.39E-06,-0.000120022,0.00010164,0.0001171,4.92E-05,-7.46E-06
"(0.48, 0.5)",-7.37E-05,,0.000109915,,-1.14E-05,-1.14E-05,-1.14E-05,-1.14E-05,2.85E-06,,2.65E-06,1.13E-05,-1.76E-05,4.28E-05,7.48E-07,5.66E-05,4.88E-05,6.82E-05,-3.29E-05,2.50E-05,-2.16E-05,0.000105768,-3.11E-05,-7.76E-06,-2.40E-06,3.53E-05,1.93E-05,8.33E-05,6.24E-06,-7.38E-06,8.73E-05,3.57E-05,-8.11E-06,5.71E-05,-5.58E-05,5.29E-05,-2.11E-05,-7.83E-05,9.32E-06,5.39E-06,-3.32E-06,-1.73E-05,1.38E-05,4.11E-05,-0.000155365,4.89E-05,-1.77E-05,-1.55E-05,0.000111381,1.03E-05,2.49E-05,7.05E-05,-5.45E-05,3.23E-05,2.57E-05,0.000124104,-1.75E-05,5.73E-05,3.31E-05,-1.80E-05,5.41E-05,-8.27E-06,0.000177559,7.57E-05,9.23E-05,7.81E-05,-5.59E-05,2.16E-05,1.26E-05,0.000118777,0.000183952,-2.72E-05,-7.91E-05,1.31E-05,6.30E-05,1.20E-05,0.000103992,0.000134284,3.58E-05,3.32E-05,8.23E-05,0.000169018,2.76E-05,6.14E-05,9.34E-05,7.08E-05,-6.16E-06
"(0.5, 0.52)",6.34E-05,,2.02E-05,,1.32E-05,1.69E-05,1.26E-05,6.00E-06,6.15E-05,,-4.14E-05,-3.46E-05,2.10E-05,-8.76E-05,0.001109745,2.31E-05,1.06E-05,-2.32E-07,-0.000133394,-1.47E-05,-6.46E-05,-1.05E-05,1.17E-06,7.69E-05,2.05E-05,-3.12E-05,9.05E-05,5.25E-05,6.43E-05,0.000108721,0.000113608,-3.93E-05,-8.47E-06,-5.89E-05,2.05E-05,7.10E-05,7.13E-05,4.13E-05,-1.20E-05,-6.24E-05,-2.18E-05,6.11E-05,5.68E-05,-2.83E-05,8.83E-06,4.86E-05,-1.90E-05,-6.60E-05,-9.34E-07,9.65E-05,-2.27E-05,2.25E-05,7.85E-06,3.55E-05,-4.09E-06,1.75E-06,5.90E-05,1.98E-05,2.06E-05,9.60E-05,3.25E-06,3.22E-05,2.19E-05,6.75E-05,2.82E-05,5.61E-05,-1.08E-05,2.31E-05,2.52E-05,0.000150039,0.00010224,0.000103943,5.07E-06,1.33E-05,-3.94E-05,2.05E-05,0.000156689,0.000187789,-3.37E-06,-5.30E-05,4.08E-05,4.06E-05,0.000140016,0.000132906,0.000142604,-3.20E-05,-6.09E-05
"(0.52, 0.54)",9.75E-06,,-4.68E-05,,0.000120578,0.000117255,0.000120254,0.00012706,1.76E-05,,-3.77E-05,1.38E-05,1.86E-05,2.95E-05,-0.000652474,3.24E-05,-1.15E-05,-6.86E-05,-0.00015621,3.26E-05,1.58E-05,-5.39E-06,2.91E-05,-9.10E-06,3.05E-07,-5.21E-05,2.12E-05,4.14E-05,5.92E-05,9.38E-05,3.52E-05,-4.66E-05,-1.86E-07,2.20E-05,4.67E-05,2.44E-05,-1.26E-05,2.22E-06,7.94E-05,3.87E-05,2.14E-05,2.71E-05,-2.13E-05,-5.86E-05,-1.12E-05,4.54E-05,-1.24E-05,4.55E-05,5.60E-05,2.26E-05,-3.26E-06,-1.40E-05,8.16E-05,-7.33E-06,8.11E-05,3.30E-06,0.000128632,1.19E-05,4.23E-05,-6.19E-05,-3.55E-05,2.33E-05,3.58E-05,8.63E-05,-3.24E-05,6.19E-05,-2.27E-05,-4.94E-05,3.33E-05,2.89E-05,5.52E-05,4.46E-05,0.000126344,-2.19E-05,-1.52E-05,0.000104233,2.18E-05,3.21E-05,0.00010002,6.51E-05,5.48E-05,-9.62E-05,5.25E-05,9.84E-05,6.56E-05,2.07E-05,4.09E-05
"(0.54, 0.56)",-0.000185454,,-0.000185916,,2.05E-05,2.02E-05,2.14E-05,2.09E-05,-1.81E-05,,-3.86E-06,7.59E-06,-3.47E-05,-1.74E-06,3.04E-05,3.69E-06,3.41E-05,-0.000138897,-0.000224136,-8.59E-05,-3.92E-05,-2.35E-05,7.78E-05,8.58E-05,4.19E-05,4.49E-05,1.00E-05,-2.61E-05,2.62E-05,5.37E-05,-6.97E-06,-2.16E-05,-7.28E-05,8.58E-05,8.89E-05,6.31E-05,-2.51E-05,6.37E-05,-2.17E-05,-6.75E-05,5.45E-05,5.69E-05,7.34E-05,5.94E-05,-2.98E-05,-7.02E-06,-2.54E-05,9.65E-06,1.39E-05,1.32E-05,-6.10E-05,-5.76E-05,-9.77E-06,-2.86E-05,-7.66E-05,0.000119977,-2.42E-05,-2.34E-05,-5.51E-06,-0.000117558,-4.06E-05,7.20E-05,-2.72E-06,4.79E-05,-2.07E-05,2.75E-05,-5.10E-05,-1.32E-05,9.31E-06,3.38E-05,-1.18E-05,3.51E-05,-2.78E-06,4.03E-05,-2.64E-05,6.73E-06,6.29E-05,4.05E-05,2.43E-06,8.06E-06,4.70E-05,-3.17E-05,-2.13E-05,5.52E-05,-7.81E-06,2.70E-05,2.31E-05
"(0.56, 0.58)",-6.73E-05,,7.42E-05,,7.38E-05,7.38E-05,7.38E-05,7.38E-05,2.92E-05,,-2.88E-05,-1.95E-05,1.12E-06,1.21E-05,-0.000214546,5.72E-05,3.65E-06,-0.000309882,-3.37E-05,1.53E-05,5.08E-05,0.000135261,7.52E-05,6.14E-05,7.71E-06,-5.28E-05,1.91E-05,6.00E-05,4.92E-05,1.87E-05,-0.000149138,-5.13E-05,-1.34E-05,1.01E-05,-1.44E-05,5.14E-05,-1.59E-05,1.17E-05,-8.91E-06,-7.65E-05,4.28E-06,3.38E-05,2.10E-05,-2.61E-05,3.48E-05,7.93E-05,3.15E-05,-4.25E-05,7.31E-05,0.000129837,-1.73E-05,-7.07E-06,-4.89E-05,-0.000101518,-7.65E-05,-6.88E-06,7.37E-05,-1.18E-05,-3.04E-05,-4.71E-05,-1.27E-05,-5.97E-05,2.83E-06,-3.10E-05,1.50E-05,-2.30E-07,3.74E-05,-2.53E-05,-5.54E-05,-6.62E-06,-1.94E-05,-1.06E-06,-1.59E-05,0.000115145,-4.80E-05,-6.82E-05,5.69E-05,4.47E-06,-1.27E-05,-3.52E-06,-8.82E-06,-4.95E-05,-5.00E-05,4.05E-05,6.96E-05,-8.21E-06,2.10E-05
"(0.58, 0.6)",-1.57E-05,,0.000136774,,-4.51E-05,-4.51E-05,-4.51E-05,-4.51E-05,4.63E-05,,-6.06E-05,-4.81E-05,7.04E-05,-4.39E-05,-5.42E-05,0.000131963,-2.70E-05,-0.000229454,-7.06E-05,1.70E-05,-6.39E-05,9.20E-05,3.88E-05,-6.77E-05,1.12E-07,-8.18E-06,4.89E-05,1.05E-05,3.12E-05,-0.000111921,-0.000176598,6.44E-05,-5.74E-05,-6.02E-05,2.60E-05,-2.74E-05,6.57E-05,-1.86E-06,-2.26E-05,-4.91E-05,-4.37E-05,-1.52E-05,-1.50E-05,7.02E-05,8.89E-05,-5.29E-05,-7.05E-05,-3.33E-06,4.25E-05,-1.96E-05,4.09E-05,1.73E-05,-3.20E-05,-4.32E-05,-1.25E-05,5.27E-05,7.53E-05,6.57E-05,-2.25E-05,2.93E-05,-8.27E-05,-7.78E-05,5.01E-05,0.000102271,-3.14E-05,-4.06E-05,6.57E-05,-7.54E-05,-1.80E-05,1.68E-05,6.17E-05,-2.69E-05,-1.87E-05,-7.71E-05,-0.000107297,-3.87E-06,-2.00E-05,-5.77E-05,-7.01E-05,2.42E-06,2.32E-05,-5.97E-05,-4.39E-05,1.09E-05,-4.90E-05,-3.37E-05,5.07E-05
"(0.6, 0.62)",-1.26E-05,,4.67E-05,,5.74E-05,6.29E-05,2.92E-05,4.55E-05,-3.42E-05,,-6.54E-05,5.12E-05,1.22E-06,2.01E-05,-7.61E-05,-0.000111531,7.27E-06,-0.000291017,-0.000120548,-5.96E-05,-7.86E-05,-0.000115092,4.36E-05,5.37E-05,4.53E-05,5.29E-05,2.41E-05,8.57E-05,2.86E-05,-0.000310301,-0.000416832,-2.74E-06,-0.000175585,5.67E-05,-1.42E-05,6.79E-05,9.55E-05,8.02E-05,8.72E-05,7.38E-07,-5.58E-05,1.11E-05,4.17E-05,5.81E-06,-2.96E-05,-2.38E-05,-0.000140923,-1.02E-06,2.30E-05,2.67E-05,1.42E-05,4.84E-05,-5.86E-05,-4.15E-05,-2.24E-05,8.28E-05,9.42E-05,-3.83E-05,-2.03E-05,1.90E-05,-5.80E-05,-3.64E-05,9.43E-05,9.53E-05,-2.79E-05,-4.39E-05,8.99E-05,-8.26E-05,-2.33E-05,5.83E-05,7.09E-05,-9.91E-05,-6.58E-05,2.66E-05,-7.36E-05,-5.33E-05,6.61E-05,6.90E-05,-1.65E-05,2.32E-05,1.13E-05,-0.000176337,-4.99E-05,1.21E-05,3.21E-05,8.77E-06,-8.28E-06
"(0.62, 0.64)",-5.98E-05,,2.69E-06,,7.47E-05,5.53E-05,0.000124416,9.00E-05,-1.86E-05,,1.74E-05,1.71E-05,4.07E-05,-8.78E-05,0.000326835,-0.000102569,-3.00E-05,-0.000205179,-0.000164961,-0.000103232,3.29E-05,-7.82E-05,1.70E-05,-1.11E-05,2.20E-05,4.05E-05,9.08E-06,4.59E-05,-3.57E-05,-0.000264722,-0.0003859,-4.71E-05,-0.000160255,-2.21E-05,2.61E-05,-2.47E-05,-2.10E-05,2.56E-05,5.77E-05,-0.000147832,5.56E-05,8.30E-05,3.84E-05,1.88E-05,6.64E-05,2.95E-05,-1.39E-05,-6.98E-05,-8.14E-06,2.58E-05,8.21E-05,1.51E-05,-4.51E-05,-0.000249769,-4.64E-05,0.000116294,-4.73E-06,3.66E-05,8.97E-05,-2.17E-06,-0.000143349,-1.57E-05,6.47E-05,3.78E-05,4.51E-05,5.03E-07,-2.41E-05,-0.000160661,-3.60E-05,6.73E-05,6.91E-05,1.82E-05,-2.32E-05,-3.91E-05,-5.83E-05,-3.01E-05,2.30E-05,5.76E-05,1.91E-05,-7.08E-05,2.99E-05,-4.41E-05,-5.32E-05,2.27E-05,5.74E-05,6.02E-05,-2.63E-05
"(0.64, 0.66)",-5.92E-05,,7.70E-05,,-3.52E-05,-2.48E-05,-4.40E-05,-3.41E-05,4.93E-05,,-0.000150697,2.95E-05,2.76E-05,-0.000135877,0.000260496,-2.82E-05,8.15E-06,-0.000291868,-0.000120318,2.82E-05,1.81E-05,-4.42E-05,5.30E-05,1.14E-05,-1.04E-06,-4.40E-05,2.31E-05,1.48E-05,1.89E-05,-0.000400734,-0.000239385,5.77E-05,-0.000260694,-7.42E-06,-2.99E-05,1.86E-05,4.54E-05,-1.92E-05,-1.26E-06,-0.000231003,-5.07E-06,1.87E-05,2.72E-05,0.000101755,6.97E-05,3.73E-05,-0.000208593,-1.69E-05,9.03E-05,7.37E-05,6.99E-05,4.97E-05,9.64E-07,-0.000122671,-3.07E-05,-1.40E-05,4.17E-05,5.75E-05,7.48E-05,-8.56E-06,-0.000126547,-3.40E-05,5.08E-05,1.41E-06,7.64E-05,0.000117953,-3.63E-05,-0.000150626,-9.04E-05,3.52E-05,-4.25E-06,7.45E-05,8.56E-05,1.33E-05,-0.000229132,-7.20E-05,3.71E-05,2.06E-05,3.42E-06,9.19E-06,6.68E-05,-0.000131574,-5.59E-05,4.03E-05,1.45E-05,-1.58E-05,-3.39E-05
"(0.66, 0.68)",2.88E-05,,2.28E-05,,-5.96E-05,-7.01E-05,-4.39E-05,-5.70E-05,-1.99E-05,,-4.06E-07,-4.86E-05,-1.03E-05,-1.88E-05,-6.46E-05,0.000152307,-4.10E-05,-0.00028608,-3.32E-05,-8.59E-06,-8.02E-06,9.63E-05,3.51E-05,-1.81E-06,2.69E-05,2.68E-05,0.000125111,5.86E-05,1.60E-05,-0.000188358,-0.000984715,1.16E-05,-0.000209558,5.55E-05,4.94E-05,6.85E-06,6.59E-05,1.63E-05,5.59E-05,-8.42E-05,-2.48E-05,3.42E-05,1.74E-05,7.13E-06,3.14E-05,-1.69E-05,-0.000121211,-2.38E-05,3.26E-05,1.87E-05,5.10E-05,1.71E-05,-3.75E-05,-0.000150556,2.74E-05,8.12E-05,1.43E-05,9.40E-05,6.59E-05,-4.35E-05,-0.000150806,4.18E-06,1.43E-05,-8.80E-06,4.51E-05,5.24E-05,-2.97E-05,-0.000129657,1.70E-05,6.45E-05,2.66E-06,9.68E-06,5.24E-05,-6.23E-05,-7.59E-05,3.75E-05,2.83E-05,4.42E-05,5.12E-05,2.05E-06,-1.23E-05,-9.88E-05,4.96E-05,5.04E-05,2.49E-05,2.48E-05,4.11E-05
"(0.68, 0.7000000000000001)",0.000216893,,-8.15E-05,,1.86E-05,1.86E-05,1.86E-05,1.86E-05,-3.52E-05,,-5.80E-05,-5.54E-05,1.19E-05,-3.16E-05,0.000166168,-0.000111187,6.27E-05,-0.000262261,-8.51E-05,-1.13E-05,3.64E-06,-6.01E-05,-6.38E-05,9.99E-06,6.13E-05,2.31E-05,-4.66E-05,6.67E-05,-2.50E-05,-0.000403895,-0.001138516,3.79E-05,-0.000260934,-1.09E-05,7.71E-05,1.10E-05,1.86E-05,-7.39E-06,4.27E-05,-0.00017971,4.20E-05,6.02E-05,-8.95E-06,2.53E-05,2.13E-05,-3.22E-05,-0.000163739,4.23E-05,-2.40E-05,-1.41E-05,6.32E-05,-1.67E-06,0.000117365,-8.92E-05,7.98E-05,-2.52E-05,-3.62E-05,4.24E-05,-3.19E-05,5.35E-05,-0.000189256,7.70E-05,-2.66E-05,-1.01E-05,6.56E-05,-1.95E-05,4.30E-05,-0.000125402,8.46E-05,-6.41E-05,-3.03E-05,4.10E-05,-1.02E-05,5.59E-05,-0.000165055,6.21E-05,-5.32E-05,-6.99E-05,-1.91E-05,3.00E-05,2.52E-05,-0.00021262,6.75E-05,-6.58E-05,-3.57E-05,-8.03E-06,-5.08E-06
"(0.7000000000000001, 0.72)",8.26E-05,,-2.86E-06,,-0.000388684,-0.000388684,-0.000388684,-0.000388684,4.26E-05,,-0.000125384,-0.00013538,-3.71E-05,-5.01E-05,0.000231537,3.59E-05,2.92E-05,-0.000342283,8.17E-05,4.03E-05,-1.63E-05,3.58E-05,5.44E-05,4.19E-05,6.38E-05,-3.36E-05,0.000115673,7.06E-05,5.76E-05,-0.000850993,-0.001397006,-1.56E-05,-0.000335113,4.21E-05,3.46E-05,1.97E-05,7.67E-06,4.28E-05,1.22E-06,-0.000328059,-2.29E-05,3.40E-05,2.45E-05,-8.30E-06,-2.85E-05,-5.88E-05,-0.000221205,3.72E-05,4.03E-05,-1.02E-05,5.48E-05,4.37E-05,6.78E-05,-0.000190742,2.65E-05,-2.29E-05,-4.32E-05,1.40E-05,2.91E-05,6.37E-06,-0.000243104,4.44E-05,9.35E-06,-2.91E-05,-3.82E-05,-2.10E-06,9.54E-05,-0.000209279,6.35E-05,-3.78E-05,-3.19E-05,-1.12E-05,-4.24E-06,-4.24E-05,-8.05E-05,2.21E-05,-7.15E-05,-5.74E-05,2.29E-05,8.56E-06,2.19E-05,-6.44E-05,2.48E-05,-5.66E-05,-5.73E-05,4.68E-05,-1.82E-06
"(0.72, 0.74)",-0.000180772,,-1.01E-05,,-0.000113345,-9.41E-05,-0.000119,-0.000120316,-6.76E-05,,-9.54E-05,-9.91E-05,3.17E-05,-6.06E-05,0.000155145,2.33E-05,-2.68E-05,-0.00047974,-1.74E-06,2.61E-05,-2.33E-06,8.12E-05,6.97E-05,9.55E-05,-7.73E-06,-0.000101668,2.33E-05,1.06E-05,-3.14E-05,-0.0008484,-0.00142751,3.13E-05,-0.000219813,7.40E-06,2.68E-05,5.71E-05,1.54E-06,1.38E-05,-6.12E-05,-0.00033246,5.72E-05,5.11E-05,7.76E-05,9.00E-05,-4.75E-05,-7.54E-05,-0.000230072,-1.75E-05,8.78E-05,4.26E-05,-2.53E-05,-1.16E-05,2.26E-05,-0.000289382,-5.14E-05,8.70E-05,1.53E-05,6.61E-05,2.63E-05,3.25E-05,-0.000251131,-6.76E-05,3.60E-05,-2.18E-05,4.02E-05,4.18E-06,4.89E-05,-0.000162692,1.39E-05,-8.45E-06,-2.90E-05,1.20E-05,1.06E-05,9.29E-06,-0.000259477,4.78E-05,1.30E-05,4.43E-06,8.89E-05,3.82E-05,2.80E-05,-0.000296011,0.00010454,-7.15E-06,2.02E-05,0.000106232,0.000133621
"(0.74, 0.76)",1.92E-05,,6.31E-05,,0.000173353,0.000175412,0.000162945,0.000172415,5.45E-05,,-0.000110953,-6.76E-05,-1.15E-06,1.71E-05,-5.86E-05,3.23E-05,-3.37E-05,-0.000595244,-0.000114868,7.06E-05,-0.000158894,9.22E-05,5.40E-06,2.00E-05,3.96E-05,-0.000153322,-0.000231652,-1.43E-05,-9.94E-06,-0.000670321,-0.001849873,3.42E-06,-0.000545568,-7.88E-06,2.68E-05,2.76E-05,4.14E-05,-1.98E-05,2.28E-05,-0.000375692,2.51E-06,8.21E-05,5.75E-05,1.44E-05,-2.64E-05,-5.75E-05,-0.000385399,5.96E-05,5.27E-05,7.68E-05,-3.61E-05,-5.49E-06,0.000115059,-0.000266018,2.33E-06,7.34E-05,0.000150846,1.06E-05,-4.14E-05,8.47E-05,-0.000166892,4.53E-05,4.77E-05,0.000103695,-7.52E-06,2.17E-05,2.25E-05,-0.000245324,-2.31E-05,5.12E-05,4.54E-05,9.06E-06,3.56E-05,-9.82E-06,-0.000266371,7.65E-06,-2.14E-05,4.03E-05,-6.46E-07,4.26E-05,-9.29E-06,-0.000206804,1.56E-06,4.71E-05,3.73E-05,1.64E-05,8.15E-06
"(0.76, 0.78)",-4.38E-05,,-2.07E-05,,0.000257142,0.000234536,0.000272413,0.000266363,3.47E-06,,-0.000160203,-0.000141391,-6.82E-06,-2.55E-06,-1.05E-05,0.000163711,1.19E-06,-0.000905696,-9.67E-06,-9.16E-05,-0.000106216,1.33E-06,-6.88E-05,3.67E-05,-2.32E-06,-0.000306445,-7.52E-05,0.000111494,3.30E-05,0.001390647,-0.001040562,0.000166742,-0.000385213,-8.00E-07,5.33E-05,8.76E-05,6.10E-05,0.00011603,5.34E-05,-0.000286842,6.54E-05,1.19E-05,3.64E-05,7.34E-05,5.57E-05,1.43E-05,-0.000496886,2.36E-05,2.83E-05,0.000127546,3.07E-05,2.92E-05,-4.22E-05,-0.000385541,3.57E-05,7.42E-05,6.59E-06,-8.69E-05,-2.08E-05,-8.11E-05,-0.000204803,-2.62E-05,5.63E-05,3.57E-05,-3.26E-05,-1.92E-05,-3.69E-05,-0.000170325,2.45E-05,4.92E-05,4.62E-05,-9.30E-07,-2.63E-05,1.95E-05,-0.000111587,3.76E-05,0.000154238,0.000107638,4.91E-05,1.02E-05,-7.24E-06,-0.000306363,2.89E-05,0.000116499,8.63E-05,4.07E-05,7.08E-05
"(0.78, 0.8)",3.83E-05,,7.96E-05,,1.87E-05,1.87E-05,1.87E-05,1.87E-05,-8.20E-06,,-0.000139134,-0.000103062,-6.73E-06,-3.74E-05,-8.69E-05,9.88E-05,-3.17E-05,-0.001040836,-1.52E-05,1.44E-05,1.38E-05,8.16E-05,-2.91E-05,3.41E-06,2.83E-05,0.000286589,7.36E-05,9.13E-05,9.31E-05,0.001437939,0.000124591,0.000150248,-0.000712627,0.000100836,9.08E-05,4.63E-05,9.71E-05,8.62E-05,5.28E-05,-0.000582839,5.07E-05,7.33E-05,8.40E-06,5.09E-05,0.000115849,-4.77E-06,-0.000459236,3.50E-05,9.09E-05,6.43E-05,7.01E-05,1.18E-05,-6.76E-05,-0.000371343,3.20E-05,1.43E-05,0.000104606,2.93E-05,6.19E-05,-2.21E-05,-0.000419714,6.98E-05,-4.17E-05,-4.42E-05,6.36E-05,4.36E-05,-9.34E-06,-0.000315901,4.29E-05,-1.19E-05,-1.25E-05,4.96E-05,4.90E-05,8.05E-05,-0.000315741,1.90E-05,2.42E-05,-2.80E-06,6.51E-06,6.34E-05,6.24E-06,-0.000333599,1.28E-05,9.70E-05,7.35E-05,3.97E-05,6.37E-05
"(0.8, 0.8200000000000001)",-0.000152056,,-5.79E-06,,5.52E-05,5.52E-05,5.52E-05,5.52E-05,-3.44E-05,,-0.000334915,8.63E-06,1.70E-05,-0.00015088,7.12E-05,9.49E-06,-4.75E-05,-0.001674014,6.99E-05,-1.43E-05,0.000120121,-6.54E-05,3.35E-05,5.25E-05,8.26E-07,-0.000210158,-0.000131485,-5.04E-06,-4.21E-05,0.000265465,-0.001428558,-6.57E-05,-0.001016304,6.07E-05,8.72E-06,5.41E-05,9.01E-05,1.71E-05,8.18E-05,-0.000576691,2.97E-05,0.000131856,7.11E-05,7.21E-05,4.91E-05,0.000132624,-0.000410428,4.08E-05,0.000105306,1.73E-05,5.84E-05,0.000104504,4.83E-05,-0.000529262,1.86E-05,6.25E-05,-8.36E-06,0.000131705,0.000123646,0.000168063,-0.000359374,1.05E-05,4.97E-05,0.000112068,8.11E-05,7.02E-05,0.000108604,-0.000308376,9.67E-07,8.73E-05,0.000110435,4.31E-05,7.41E-05,2.67E-06,-0.000500717,3.23E-05,0.000151416,0.000124567,4.14E-05,6.96E-05,4.65E-05,-0.000288216,1.63E-05,0.000162615,0.000108125,-3.26E-05,2.36E-07
"(0.8200000000000001, 0.84)",0.000171905,,-3.02E-05,,9.35E-05,9.35E-05,9.35E-05,9.35E-05,1.51E-06,,-8.92E-05,-0.000157303,-7.83E-05,4.66E-06,0.000174257,0.000133508,3.95E-05,-0.00229831,2.01E-05,5.78E-06,0.000106477,4.20E-05,-3.63E-05,8.89E-05,2.58E-05,-0.000177287,-0.000439107,5.93E-05,-4.81E-05,0.002893077,-0.001127656,-1.59E-06,-0.001073637,9.61E-05,0.000102105,2.63E-05,0.0001057,2.64E-05,1.06E-05,-0.000994073,8.47E-05,1.13E-05,8.06E-05,7.56E-05,5.18E-05,3.24E-05,-0.000380727,6.93E-05,5.26E-05,-6.12E-05,0.000137596,7.90E-05,-4.92E-05,-0.000445367,7.30E-05,3.90E-05,-5.74E-05,0.000128607,7.14E-05,2.41E-05,-0.000560189,2.38E-05,3.69E-05,-9.06E-05,8.33E-05,8.49E-05,1.05E-05,-0.000618754,3.17E-05,7.47E-05,2.14E-08,4.67E-05,5.55E-05,0.000129799,-0.000486175,1.73E-05,4.88E-05,7.45E-05,5.86E-05,5.69E-05,3.38E-05,-0.00035099,5.77E-06,5.08E-05,0.00013363,8.31E-05,5.47E-07
"(0.84, 0.86)",-0.000143569,,-1.01E-05,,4.47E-06,4.47E-06,4.47E-06,4.47E-06,-0.000104358,,-0.000184998,-0.000218745,-0.000119036,-5.73E-05,-0.000181059,9.46E-05,-8.96E-05,-0.001929427,-5.98E-05,-8.01E-05,0.000112438,5.49E-07,-5.71E-05,7.16E-05,-3.77E-05,-6.32E-05,-0.000163806,-3.41E-05,-8.13E-05,0.005712419,-0.000919291,2.60E-05,-0.001045865,6.33E-05,6.76E-05,0.000119213,1.20E-05,7.55E-05,2.69E-05,-0.000936754,8.06E-05,4.61E-05,5.78E-05,5.87E-05,9.03E-05,5.63E-05,-0.000864531,5.97E-05,-4.58E-05,2.60E-05,7.73E-05,8.89E-05,2.35E-05,-0.000591447,9.18E-05,-9.99E-06,2.72E-06,5.41E-05,7.23E-06,7.58E-05,-0.000442206,0.000122295,1.84E-05,7.93E-05,9.32E-05,-1.08E-05,2.21E-05,-0.000316817,0.00010507,9.87E-06,6.76E-05,0.000100386,5.28E-05,0.000130203,-0.000364926,0.000118969,5.26E-06,7.22E-06,0.000164211,3.18E-05,4.88E-05,-0.000356373,0.000140249,-0.000127242,-0.000103803,0.00013513,0.000100635
"(0.86, 0.88)",4.14E-06,,-1.25E-05,,-0.000196605,-0.000196605,-0.000196605,-0.000196605,-3.81E-05,,-0.000109424,-0.000145449,-7.48E-05,-0.000245499,-0.000124272,8.86E-05,-2.14E-05,-0.001792385,8.90E-05,1.07E-05,2.54E-05,6.55E-05,4.48E-05,0.000107209,-5.57E-05,-0.000183926,-0.000744005,0.000106733,1.90E-05,0.000344528,-2.85E-05,7.83E-05,-0.001706211,8.94E-05,0.000104435,1.93E-05,5.61E-05,0.000125852,1.46E-06,-0.001145103,0.000125663,8.31E-05,2.14E-05,5.71E-05,7.29E-05,1.90E-05,-0.001188362,0.00017773,7.93E-05,6.70E-05,0.000101346,0.000105331,6.80E-05,-0.000485764,0.000187388,0.000104252,0.000132439,6.26E-05,0.000125712,5.34E-05,-0.000426597,0.000221695,0.000131564,0.000116192,2.43E-05,0.000162932,8.97E-05,-0.000408338,0.000253566,0.000101551,6.49E-05,6.17E-05,9.26E-05,6.21E-05,-0.000388707,0.000245027,7.46E-05,-2.72E-05,-3.37E-06,0.000116571,4.55E-05,-0.00026201,0.000243669,0.000126554,4.99E-05,9.65E-05,0.000197373
"(0.88, 0.9)",-2.89E-06,,0.000264519,,-3.85E-05,-3.85E-05,-3.85E-05,-3.85E-05,-6.83E-05,,-3.13E-05,-9.74E-05,-4.94E-05,2.78E-05,-0.000143562,0.000276611,4.15E-06,-0.00140489,-3.79E-05,-8.93E-05,2.14E-05,0.00013754,-3.60E-05,8.09E-05,-3.87E-05,0.000415546,-0.000523745,-6.69E-05,1.55E-05,0.000489244,0.000591144,-3.03E-05,-0.001011309,2.63E-05,1.59E-05,1.65E-05,-3.18E-05,6.17E-05,-3.44E-05,-0.000991018,6.93E-05,5.64E-05,4.96E-05,7.76E-05,0.000120408,-1.24E-05,-0.001113663,6.46E-05,0.000100453,9.65E-05,3.80E-05,5.22E-05,-2.52E-06,-0.001017839,6.39E-05,7.23E-05,9.72E-05,9.07E-05,0.000168301,-1.55E-07,-0.00097696,7.99E-05,2.75E-05,2.85E-05,0.000142197,0.00010049,8.86E-05,-0.000933593,8.00E-05,-2.62E-06,3.18E-05,0.000109869,0.000143684,-3.59E-06,-0.000552262,8.40E-05,4.02E-05,0.000125627,0.000139151,0.000153836,-3.80E-06,-0.000688462,8.77E-05,0.000110255,0.00014044,0.000130667,5.88E-05
"(0.9, 0.92)",-9.96E-06,,4.68E-05,,-0.000395309,-0.000395309,-0.000395309,-0.000395309,-9.67E-05,,-0.000151616,-4.94E-05,-5.66E-05,-0.000147221,-5.74E-05,4.94E-05,-2.17E-05,-0.001195802,5.72E-05,-0.000103386,5.84E-05,2.95E-05,-1.77E-05,3.02E-05,-0.00011905,0.002021824,-0.000811818,-2.82E-05,-0.000216634,-0.000330745,-0.000257852,0.000100906,-0.001242958,8.19E-05,6.85E-05,8.24E-05,6.50E-05,-1.07E-05,4.47E-05,-0.001700947,2.04E-05,0.0002009,0.000105875,7.65E-05,6.74E-05,3.62E-05,-0.000940861,5.16E-05,0.000184851,0.000119979,0.000126868,0.00011208,7.23E-05,-0.001093817,5.56E-05,0.000137205,0.000184239,0.00021007,9.01E-05,9.48E-05,-0.00100828,2.32E-05,0.000282985,0.000306579,0.000142265,6.30E-05,4.04E-05,-0.000813063,1.53E-05,0.000317548,0.000256235,8.77E-05,6.58E-05,2.40E-05,-0.000837707,3.64E-05,0.000207878,0.000180031,1.82E-05,-2.51E-05,4.72E-05,-0.000616825,3.91E-05,0.000141862,0.000196892,-7.47E-05,-5.17E-06
"(0.92, 0.9400000000000001)",-1.69E-05,,-7.25E-05,,0.000104973,0.000104973,0.000104973,0.000104973,-4.93E-05,,-0.00017216,-0.000143964,-9.76E-05,-4.36E-05,-0.000115342,0.000282177,-0.000102714,-0.002377906,7.65E-05,-0.000100545,0.000246041,0.000127871,7.15E-05,5.88E-05,-8.35E-05,-0.001310942,-0.000894493,-7.35E-05,-7.92E-05,0.000153422,0.000268326,6.50E-05,-0.002114341,8.84E-05,-6.89E-06,1.14E-05,-0.00010008,-6.62E-05,5.10E-05,-0.000981655,0.000117503,-1.57E-05,0.000258499,-0.000139137,-6.26E-05,0.000100636,-0.00124009,8.00E-05,1.61E-05,0.000175037,-0.000229542,-0.000132236,0.000120427,-0.001855209,4.26E-05,5.80E-05,5.39E-05,-0.000282787,-0.000311786,0.000135463,-0.001456259,1.29E-06,-0.000127049,-9.51E-05,-0.000353313,-0.000276292,4.57E-07,-0.001161059,-2.27E-05,-0.000249963,-0.000150238,-0.000327273,-0.000399146,0.000101615,-0.000985933,-8.43E-05,-0.000270004,-0.000161019,-0.000308525,-0.000373482,6.56E-05,-0.001425249,-0.000118269,-0.000215174,-0.000156666,-0.000324336,-0.000297064
"(0.9400000000000001, 0.96)",4.01E-06,,2.36E-05,,-0.000198813,-0.000198813,-0.000198813,-0.000198813,-0.000105594,,-0.000256153,-0.000156516,-0.000268531,-0.000191285,-0.000201611,0.000245496,-0.000197211,-0.002792187,0.000108279,-0.000101196,1.77E-05,8.61E-05,2.97E-05,0.000108635,-0.000275293,6.26E-05,0.000208797,2.92E-06,-4.42E-05,6.30E-05,7.24E-05,1.97E-05,-0.002041017,0.000109541,-0.000158785,-5.11E-05,-7.04E-05,-0.000108271,0.000211407,-0.002000859,4.23E-05,-0.00032748,-0.000317173,-0.000119985,-0.000203766,0.000139541,-0.000854601,-2.27E-05,-0.000393796,-0.000321383,-0.000237339,-0.00021066,8.08E-05,-0.001032726,3.95E-05,-0.000540943,-0.000411926,-0.000424018,-0.000186157,5.11E-05,-0.001030083,7.94E-05,-0.000348465,-0.000125249,-0.000219997,-0.000207823,0.000122097,-0.001076728,0.000117009,2.21E-05,0.00037316,1.52E-05,3.16E-05,7.06E-05,-0.001190496,0.000157733,0.000449441,0.000631431,0.000165213,0.000339376,0.000152694,-0.000798764,0.000165171,0.000685856,0.000652248,0.000389397,0.000428443
"(0.96, 0.98)",3.29E-05,,-9.23E-05,,0.000128543,0.000128543,0.000128543,0.000128543,-0.000118174,,0.000329506,-0.000229571,-0.0005216,0.001512104,-2.88E-06,0.00014713,-7.66E-06,,0.000111207,-0.00034546,-1.21E-05,3.56E-06,4.77E-05,0.000146664,-0.000147898,7.54E-06,9.93E-07,-1.95E-05,-0.000340054,-0.000135823,-7.79E-05,8.37E-05,,0.000135519,-0.000344826,0.000138041,-5.66E-05,-7.77E-05,0.00016524,,0.000145408,0.000136919,1.15E-05,0.000321406,7.44E-05,0.000120927,,0.000222274,0.00032054,0.00030332,0.000280755,0.000280755,0.000131137,,0.000194317,0.000427426,0.000594526,0.000596057,0.000596057,0.000142427,,0.000190859,0.000755703,0.000874652,0.000886159,0.000886159,7.67E-05,,0.000179917,0.001263055,0.001483276,0.00145759,0.00145759,0.000162985,0.000124611,0.000188746,0.001433905,0.001700503,0.000494288,0.000494288,0.000109631,,0.000202323,,,,
"(0.98, 1.0)",2.72E-05,1.92E-05,0.00019252,1.92E-05,-0.000272728,-0.000272728,-0.000272728,-0.000272728,0.000567295,1.92E-05,0.000567295,0.000567295,0.000375326,0.000375326,-6.66E-05,0.000379152,0.000155613,,5.85E-06,,-1.70E-05,8.06E-05,6.20E-05,-0.000133853,,,,,,,,0.000210723,,-0.000115585,,,,,0.000206224,,-8.53E-05,,,,,0.000106712,,-8.43E-05,,,,,0.000148287,,-8.45E-05,,,,,9.64E-05,,-6.65E-05,,,,,4.74E-05,,-5.50E-05,,,,,5.08E-06,,-5.34E-05,,,,,-3.07E-06,,-5.41E-05,,,,
