,_id_rank,时间_rank,开盘_rank,收盘_rank,最高_rank,最低_rank,涨跌幅_rank,涨跌额_rank,成交量_rank,成交额_rank,振幅_rank,换手率_rank,代码_rank,日期_rank,timestamp_rank,开盘收盘幅_rank,昨日振幅_rank,昨日成交额_rank,昨日成交量_rank,昨日涨跌_rank,昨日资金贡献_rank,昨日资金波动_rank,过去2日总涨跌_rank,过去2日总成交额_rank,过去2日资金贡献_rank,过去3日总涨跌_rank,过去3日总成交额_rank,过去3日资金贡献_rank,过去4日总涨跌_rank,过去4日总成交额_rank,过去4日资金贡献_rank,过去5日总涨跌_rank,过去5日总成交额_rank,过去5日资金贡献_rank,过去6日总涨跌_rank,过去6日总成交额_rank,过去6日资金贡献_rank,过去7日总涨跌_rank,过去7日总成交额_rank,过去7日资金贡献_rank,过去8日总涨跌_rank,过去8日总成交额_rank,过去8日资金贡献_rank,过去9日总涨跌_rank,过去9日总成交额_rank,过去9日资金贡献_rank
"(0.0, 0.02)",5.457592977539846e-05,,0.0008385060048157981,0.0008385060048157981,0.0008385060048157981,0.0008385060048157981,0.00025180291930556567,0.0002792704886153052,0.0013402793171882537,0.0011136793332104807,0.001071706113424209,0.001043256707225327,0.0001027753509041226,,,0.00020249939351952534,0.0007348665365928206,0.001096643576015573,0.0009591259544121512,0.0007481887274803403,0.00045094082662284145,0.0003307057473322659,0.0009406960432215924,0.0009190950703388458,0.00032142021597091644,0.0009927487788291456,0.0009422088589077973,0.00017431072793776747,0.001282012002193669,0.0009331704335058564,0.00015111718972468568,0.0009348626936655172,0.0010470777315349218,0.00018186472708759784,0.0006735262711362678,0.001154766034705233,7.809344752714976e-05,0.00046122827233996107,0.0012809633075969492,2.5699323281592965e-05,0.0005896821321954636,0.0013712861592589279,8.274989264676991e-05,0.00043742580918780516,0.001371331576265132,9.203485481768594e-05
"(0.02, 0.04)",8.653586075989906e-05,,0.0005644566295180646,0.0005644566295180646,0.0005644566295180646,0.0005644566295180646,4.676401477103038e-05,0.000601425506782846,0.0010423193615987664,0.0007932253252667849,0.001093131787860794,0.0010107957214759303,0.00031521550033321505,,,0.00039150710611831745,0.0009079369358834147,0.0007699474881190126,0.0011346626038252624,0.000299726216798798,0.00031831182125384607,0.00030809321818016795,0.00030605611523400287,0.0009445118406602902,6.802873015918887e-05,0.00010107199507502709,0.000737084155706896,0.0002195176035714338,0.0002393113347086891,0.0007430596012736453,9.906356808107172e-05,0.00039715441163910056,0.0007163960833128602,1.4445342242715496e-05,0.00046747731396873946,0.0005010999762188361,5.181112981973895e-05,0.0006854620033919756,0.0004374230621817327,0.00010167683110810425,0.0005088197289989535,0.00026897536500720775,6.946418083717245e-05,0.000258923666934984,0.0003134434271840796,5.143943410201058e-05
"(0.04, 0.06)",-0.00016603491900860027,,0.00043861345966352217,0.0004380492139426606,0.0004339689707637674,0.00044708489808694915,-0.00031687599768596584,0.0002402347577957983,0.00045793316126975227,0.000751103836678779,0.00047031873727196684,0.0005611747350344537,0.00025371141526375215,,,0.0002156433978427524,0.000306385668963974,0.0005593794615958986,0.0005747277865935311,0.00022096637431426053,5.135269923660044e-05,0.0002012247356191499,0.00026308946722923175,0.0002058661368501073,0.00028747425755016107,0.00019621746498194715,0.00048055816890105966,0.0001397566977963119,8.426935809903513e-05,0.00048223795773182906,7.058268046069901e-05,0.0002216442396153536,0.0002790433128962673,1.2295570173667632e-05,-5.851218040009479e-06,0.00033466767320674553,7.29231055628714e-05,0.00017866452536332157,0.0003971160017047458,-6.040811046455215e-05,0.00029141354951493927,0.0005355306546983727,-3.423834076586882e-05,0.00046634560853384447,0.0004479686364122408,0.00010577229125063489
"(0.06, 0.08)",-0.0001071741426300625,,0.00025110331568109376,0.00025181256119661985,0.0002558038057826848,0.00024263092053609803,-0.00029569679916596916,0.00019066108827371983,0.00027385473519654126,0.0006040335889675181,0.0008231531447154084,0.0007705797050216247,0.0002345835106274494,,,0.00014189110250158437,0.0005976179272328369,0.0005547455262209676,0.00014928610658052684,0.000248157434025114,0.00028773511637757474,0.00030395327567496726,0.0003555365325714869,0.0006919468760619545,0.0002850165491473666,0.0002788067284056454,0.0003432970255293401,0.00013808633501010035,0.0002029806613034952,0.000290196606610639,0.0001783852978272938,6.180656550936908e-06,0.00020122629962169262,0.00011670373230954002,0.0002667353114423943,0.000299742446430948,7.577917871675924e-05,4.322347743455853e-05,0.00016788190988660526,0.00019112556046270074,-1.5799910282911503e-05,0.0001488230317159079,0.00029589830923676977,1.108850328301826e-05,0.00025273442228212193,0.00021251606292806832
"(0.08, 0.1)",3.7374574964571124e-05,,9.196404530775134e-05,8.002713080773496e-05,8.93613818675168e-05,0.00010398318044124861,-0.0002409281103748943,0.00021005142190241993,0.00047896661641298597,0.0007593291880141866,0.00045186682119580725,0.000654837289757161,0.0007150969967713287,,,8.411075101435284e-05,0.0004651557054417611,0.000681490831671105,0.00045237847311880983,0.0001711440820150828,0.00026507095975481675,0.00010668879401679943,0.00027115513165986793,0.0006409632257253834,0.00010728929906501996,-4.1289024901026425e-06,0.0007338374375773227,0.00019303641577344063,2.9101917400774066e-05,0.0004560122484834649,0.00024776070658535357,2.2881743373311187e-05,0.0005902321649690895,0.00027818952365381674,0.00014529242239642764,0.0004178884334114578,0.00028611144198436813,0.00013107018562969977,0.0005007174262389996,0.000347121988187979,0.00013906296745943637,0.0004908597005246128,0.00020772393487319938,0.00016877479884931142,0.0005702107696369267,0.00014321025313271488
"(0.1, 0.12)",-4.561348463814185e-05,,0.0003034599625261675,0.0003151571501809524,0.0003053217343868781,0.0002919594760599501,-0.0001702493880182734,0.00027783615601887696,0.000528764867332058,0.00047566237658204665,0.0006786554676790975,0.0008531535040804761,0.0002930006320178852,,,0.00016799917296415827,0.0005821185925552005,0.00034142563906627404,0.000420744306408818,0.00027522207682562094,0.000380009527652522,0.00033899143972348215,0.00012101079043372221,0.00045250744006529155,0.00017128188895064957,0.00023824861422741325,0.0004651975580499128,0.0002661158601077516,2.8856425063889007e-05,0.0006036137175978817,0.00028586263318567935,-8.543397425794966e-05,0.0006389348545772952,0.00027275182435081694,0.00016878756758505526,0.0007466553494823402,0.0002794447351591423,-3.0442500854605736e-06,0.0007100622557314558,0.00025685211737009315,5.9310815151488125e-05,0.0006262269844592608,0.00022773490859660287,0.00012865710075608063,0.0004352659417517675,0.00023944351679074783
"(0.12, 0.14)",2.900151740270214e-05,,0.0003952716576330015,0.0003988383679562026,0.0003988383679562026,0.0003952716576330015,-0.0001321137685820697,0.0003199830241784201,0.0006031462311753888,0.00021365948854159154,0.00046986808617004275,0.0002666289845687045,0.00021502861484696758,,,0.00036368805681481547,0.0008104669580316752,0.00029365659144554255,0.0006514829130877386,0.00030312127943222015,0.0003019059410507972,0.0003097848307825677,0.00012506786758866405,0.0002649295672154568,0.00017540759716858832,-1.6330980799605352e-05,0.0003960996786387429,0.00024568218107729416,-1.5459145042287732e-05,0.00027060208211640314,0.00014947626936838256,0.00016546976743907674,0.0003408446254526208,0.0002323851217390967,-0.00010074523347908517,0.00039447748909915854,0.0002278900986787179,6.882604959435107e-05,0.0002414767901600474,0.0002165445261541585,-0.00013306407965026816,0.0002253400369497563,0.0002531180918031874,-2.7627536261286965e-05,0.0002313750058313976,0.0003461637995924355
"(0.14, 0.16)",-0.00010179658658179392,,0.0003251239134055106,0.0003099969270762919,0.000323431373524543,0.0002911970008629085,-3.5250847794923473e-05,0.0004585602060675305,0.00048805990689790215,0.0004134408168757225,0.00017912046356339848,0.0011241610631293674,0.00045640320269965884,,,0.0002186587987036252,-1.8267365238851854e-05,0.00030978378846554096,0.00040451629070602474,0.00027233239029855305,0.00020208814948969713,0.0003297401942764004,0.00010270377394655155,0.00031990041930868605,0.0002930622622019092,0.0002600693928388404,0.0002394552289115771,0.0001823435512519933,9.775039954212802e-05,0.00024405108006703233,0.0003190872010083856,2.09078509320358e-05,0.0001128453463452012,0.00039734245596192123,-7.915001432875799e-05,4.537712224583947e-05,0.00023962934086593996,-9.176334498260385e-05,0.0001576186322811223,0.00017986038366670157,2.5969225101215647e-05,0.00019533018360324037,0.00020084879486115836,-0.00010902356003338164,0.00033048840009677167,0.00019527756009998464
"(0.16, 0.18)",8.630579833949973e-05,,0.000301929806559791,0.00030782843731715434,0.0002838405026625696,0.0003447463359203412,0.0001146901630320195,-0.0002658621163060735,0.00011444154896636784,0.0004792711209314686,0.00040303320623701863,0.0009386499467530081,0.00012100837008355576,,,0.0005163036784585946,0.0004407076943093351,0.0003901990851885124,4.231112611501857e-05,0.00031853227948272256,9.95320257185638e-05,0.00022890707510685664,0.00021696026708502156,0.0001908957024508291,0.0002495124781226798,0.00011785070738126467,0.0001895563114504087,0.00022425848963959546,4.294564781134944e-05,0.0002754618281174742,0.00025861714734847727,8.664393021509503e-05,9.782364187739118e-05,0.0002971643163439029,-5.9308215074778545e-05,9.887296087594603e-05,0.00024231823561047337,9.888187218276568e-06,9.426446533249735e-05,0.0002963864005677067,2.994325135859928e-06,0.00019994095826368977,0.0002061242784982287,3.862593264450869e-05,0.0002486440623717125,0.00018837443624605162
"(0.18, 0.2)",6.066744641239055e-05,,0.0009691709930414959,0.000989823466334969,0.0009856981481395737,0.000977726620275244,5.2359541374696216e-05,0.00034942410379751424,0.00046110229734548733,0.00040886134773906037,0.00044071351415005973,0.0005526202825226774,0.00011474610670091121,,,0.0006334745571222689,0.0004865263936304087,0.0004340197274812319,0.0004323638011413181,0.00027614872383393776,0.0002209508049503159,0.00028634671061029146,0.00015255606003303853,0.00044016965670473006,0.00023386605013924692,0.000133806107416377,0.00030758525035206024,0.00033924244426701913,0.000133002291818465,0.00035012924499232826,0.00031406950141599444,0.00011855568103265759,0.00025786771685695585,0.00011627234527857133,4.2002754890054426e-05,0.00022968616993233076,0.00021576849878805843,-0.0001048522770511435,0.0003742436218624583,0.0001736278688761772,-3.896097972081956e-05,0.00033733722980588043,0.0002897402494746776,0.00012091444708139206,0.0002169944097314788,0.00014446941555748376
"(0.2, 0.22)",-3.5978780769360006e-05,,0.0006843243167623107,0.000650069948869591,0.0006791419850319245,0.0007065210373674411,0.00026460452574879654,-3.24205906685263e-05,0.000455838792249293,0.00048355312934048343,0.00024832883175587877,0.00018952073367002769,-4.595656962674907e-06,,,0.0006425568009228127,0.00019498091127008427,0.0004507411473365684,0.00040178583006059555,0.00031776259034336027,0.000264011621319225,0.0002446861465601173,0.0004293501146029387,0.00040147086043653156,0.00020068021315711472,6.374966988846341e-05,0.0002826253421173272,0.00027512194073110285,0.00035824694800579393,0.00023416377753026664,0.0002216481164569816,0.00014989698692886117,0.0005997272700373732,0.00023188126900751637,0.00032292046762104397,0.00040317701955028333,0.00023272533681118068,-4.341269050919087e-05,0.0002673739595997107,0.00016713027139360448,9.730467513588105e-05,0.00020958813954487912,0.00011209565316246968,7.685753513271895e-05,0.0002819185054029697,0.00026922640372787233
"(0.22, 0.24)",0.00016126114729073628,,0.00027263165423965134,0.0002852521870391543,0.00028289960888325304,0.00022125991447005376,0.0004016873626902994,0.00013871711585847996,0.0003734409308572582,0.0004112386948970842,0.00044058729901513876,0.0007092843116498725,0.0003263382509682602,,,0.0008044535792636335,0.0001892923469596333,0.0005055506892980952,0.0004061879010365476,0.0004926699666499918,0.00029207749218658914,0.0002935861046014116,6.341181822474292e-05,0.00039039970955482845,0.00035086702031398177,0.00017595712189729014,0.00027105286268232605,0.0002525685775522193,0.0001012054446654232,0.0002904378412078062,0.00018369775345209658,9.723546313749227e-06,0.0002255817754197633,0.00023518466566173118,-1.872774648915121e-05,0.00022266745414674496,0.00019701174385338026,0.00013902153971639942,0.0002434075990376376,0.00023511654371581296,-4.01319315326733e-05,0.0002816861867898958,0.0001690781313298537,4.272121989467136e-05,4.179511561689796e-05,0.00018419328843641806
"(0.24, 0.26)",9.474872692601332e-05,,0.00016095041984206244,0.00015963673230744507,0.00016309960339114848,0.00019754202320876457,0.00019225812114633288,-0.00048579186546392563,0.0003657014249288235,0.00019046370965011643,0.0003203730890290375,0.0004835612042802849,0.0002868864723210188,,,0.00030012529341325966,0.0005555877543501372,0.00021865318169938665,0.0003524338108664838,0.0002676958709964198,0.0002115475230394493,7.36688978026977e-05,0.00033121602764021684,0.00039137585700405915,0.00035865837706532827,0.00029681963367882006,0.0004380410594829129,0.0003691254157807185,5.708319782790493e-06,0.00018128916406006914,0.00020965083600986837,0.00013551655302570828,0.00016478315685513204,0.00023778027655279278,-3.4467254960425304e-05,0.00015955528819077287,0.00017068247480083498,0.00016536915999830018,0.00019279656097086282,0.00018724221310506022,0.00031830915326634993,0.00024638238460669633,0.00018136237839262508,8.33789015022701e-05,0.00026720793217656824,0.0001592788763308535
"(0.26, 0.28)",6.413692314097848e-05,,0.0003185915854371115,0.00032998784540826614,0.0003148408134748934,0.0003029282159516332,0.0003580815268163982,3.8158665698988903e-05,0.00046831743905551525,0.0005155716088937855,0.0004307669350066214,0.0006219123124727418,0.0006094295389370057,,,0.0008885775245819834,0.0004533429515630399,0.0005033556607567098,0.000492710443382224,0.00038235489180220343,0.00022457324077594757,0.0003811191043438843,0.0002678333368429346,0.00025532300638303186,0.0003227704682251811,0.0004101240159973623,0.0005159838269134393,0.0002245553620177765,0.00017273665450510137,0.00038351324608056395,0.00029724463101089865,5.2833766186197645e-05,0.0002073178335853638,0.0003225311221277004,0.00022465452863562688,0.0003291711622500463,0.0002496617983308852,0.00017181796190051968,0.00029874737047706047,0.00028403669336967113,-1.3458328771333575e-05,7.06616361107986e-05,0.00024670048438177946,0.00012409008695918612,0.00016963721543376318,9.156869796526897e-05
"(0.28, 0.3)",0.00020274438358485145,,0.00011918802542358199,0.00012138419628737856,0.00013168621532915143,0.00011048286606020102,0.00038244722406136154,-0.00038635302877007506,0.0002973972490452334,0.00027850418385361094,0.00036878310151019204,3.515966986345135e-05,0.0005844354958456243,,,0.0012199105598650237,0.0003308981412436274,0.00036001466459729676,0.0001932664202356304,0.00022343034494403774,0.00027306227195539014,0.0004786086294899114,0.0003561440561614639,0.00041771081281130953,0.00036227401954867387,0.00015376572644775464,0.00038409714340583833,0.00038280491144739454,0.0003800584963109046,0.00042189083703253396,0.0002701358163188826,0.0002320931269640931,0.000235723461371194,0.00022076119012903592,7.946994718784905e-05,0.0002684444453371948,0.00027177258239596895,0.00028506886387865413,0.00021750899146783109,0.00016613683168092795,0.00026117327617532356,0.0002970667584179742,0.00027814021295776575,0.00012875832980062607,0.0002680945389208748,0.00022901203073757032
"(0.3, 0.32)",1.237302741491929e-05,,0.0006756859551611854,0.0006993687901368127,0.0006989404606933167,0.00063579477979194,0.0005767479350169889,-0.0004364596142961935,0.00018513624580557072,0.00033784205072574694,0.00021177954242575714,-7.671950233289e-05,0.0005517244748532483,,,0.0009890680587466352,0.00032416372568762813,0.000255812480878577,0.00022181048697549012,0.0007560055671924341,0.0002795922193869,0.0001892897157160606,0.0004723209800146169,0.00030616286911467933,4.8232755828338165e-05,0.00017103145517260933,0.00024292657709276883,0.00019484461493757323,7.47018625850235e-05,0.00037979595551219627,0.00025884498719620157,0.00032321189468733844,0.0004412201824324595,0.00011630477001487786,0.00031379230194401175,0.0002673292210013691,2.925691800340496e-05,0.0003092851914708394,0.00030818096772609345,9.018886648465093e-05,0.00016205342175999626,0.00029345957568201495,0.00012547792233567973,0.00030043885371205026,0.00028222282753927506,0.00020499035151735507
"(0.32, 0.34)",0.000404394036794377,,0.0004256550500799271,0.0003911310253468595,0.0003786372723536437,0.0004567286527187336,0.0007085901193909568,-0.0001069892739252425,0.0002883248664849703,0.00040053086087903366,0.00041409281035130046,0.0004571257145994421,0.00021358081682092033,,,0.0005735355692299565,0.0004226942188497174,0.00034988071077743415,0.00021685982292722383,0.0007959266321819112,0.00019382486591104883,0.00046174880600407706,0.000276487410765976,0.0003296787145806843,0.00018439804797541645,0.0002547762650044098,0.00028607947569354863,0.0002357450395871247,6.259535750392876e-05,0.0002759084739595508,0.00019945079570050136,0.00028095382514021605,0.00023266525924152428,8.025041782849676e-05,0.00010535987979844354,0.00043774945385230196,0.00022229312474064046,9.114316656385915e-05,0.00022614155427141757,0.00021907223802012483,7.447257610092594e-05,0.0003076599672914193,0.00013556945081380864,0.00014982632173118576,0.0003677990500192048,0.00018029918046535092
"(0.34, 0.36)",0.0003069736450629326,,0.0005012983203198208,0.000551370639622455,0.0005489108591423972,0.0005051790189105741,0.0008838790144838172,0.0004545240554554344,0.00039699382421066066,0.00039123448400090046,0.0004067488407612542,0.0006903511938651115,0.00036972725857859325,,,0.004273093904139401,0.0002715231721451829,0.0004274159379816773,0.0003514537713851048,0.0008755880615277281,0.00039011791445603465,0.0003779705105299781,0.00019989531759242662,0.000274086942404434,0.0004147750621820757,0.000405824407889233,0.00031073079565751194,8.548591900489425e-05,0.00041142097577762544,0.00027505397979408217,8.269121590517855e-05,0.00012974481143797294,0.0004417485974512745,7.415473389099357e-05,0.0002819827046702664,0.0003883720343918791,0.00019334982871224943,0.00011420150941615821,0.000490400125838223,0.00014731945364035215,0.00013773357919173777,0.00034949353431329227,0.0001821289053344215,0.00022857452157098754,0.0003107142059346448,0.00016504803189962167
"(0.36, 0.38)",7.883767832775466e-05,,0.0005464076633838293,0.0004986981525085142,0.0005024554023163236,0.000555217319732859,0.000908474209007337,0.00030261500349441337,0.0006048090597402918,0.0002367444162593287,0.0003439052974919255,0.0012293603139822416,0.0006135026762718968,,,-0.003189596985095567,0.00027801987977159234,0.0001867175130237374,0.000588403345822239,0.0009391754212608852,0.00011915130782891763,0.00026357143095957395,9.848712748297087e-05,0.00044821709798151114,0.0002980661244747425,0.0002897916357687264,0.000190053289181106,0.0002481921009840411,0.00023151242741335584,0.00045135819824212444,0.00012175434344181907,-1.415284224650834e-06,0.000238084088948843,0.0001347880502320047,5.12636157304715e-05,0.0004327642983809218,0.00022359219665962275,0.00032367437346965427,0.00042722818108885993,0.0002269002249236341,2.125243611831252e-05,0.0005718806677130089,0.0002545357535422117,0.00029753290813007855,0.0003849025694936028,0.00027044994898789323
"(0.38, 0.4)",9.02041849346557e-05,,0.0004196909680338551,0.00040982678376749314,0.0004228955815242326,0.00041746944734804696,0.0009049191830515764,0.00018392463124789412,0.00013271490524539883,0.0002462466678252414,9.745833074534845e-05,0.000258453727033632,0.0004633624310167508,,,,0.00017882300508842582,0.0003037204733419946,0.00018882777903968148,0.0007865973699030748,0.00024057252732857283,0.0002612377672291362,0.0005316712947560138,0.00023633427714730415,0.00022328656309598754,0.0002497285137992101,0.0003486602916406147,0.00020111893812095166,0.00022464793860469784,0.00024112720720968972,0.00010526882644001942,0.00023936064146383898,0.0004324462367801951,0.00024372691992753748,-0.00014433526795623488,0.0002384946213405146,0.00016845583008781232,0.0002740861101572561,0.00017210921039776934,0.0003544102865121631,0.00032212446909532234,0.00026432552305529015,0.0002502272012765194,6.887095436268226e-05,0.00028473789789625466,0.0001310032640083227
"(0.4, 0.42)",0.00018374557299075708,,-8.088915127990128e-06,4.843180744981642e-06,7.91286790143562e-08,-1.4602396975726988e-05,0.0015177060447149236,0.00042188164751175036,0.000323820722240589,0.000266313729457867,0.0001906900118023338,0.0004406740026797989,0.00016963256862373042,,,,0.0004053738374137226,0.0003080142221190182,0.00041690296337034126,0.0010514071174099646,0.00033168697342636966,0.00029603446132180967,0.000660150409587944,0.00029644211265436474,0.0002908152066882997,0.0007091190930565234,0.00032579069829470023,0.00024491887301882206,0.0005046519987447843,0.00030026868800668474,0.0002566749278424149,0.0002717373863957133,0.0005242191623432723,0.00032476566503360053,0.00031161826757663364,0.00028321337299919776,0.000273198985388309,0.0003345506309380431,0.0002960833615877249,0.0001840528470551945,6.763512333300142e-05,0.00019688940321584646,0.00018121625827346795,-1.415684081342518e-05,0.00026012546618584854,0.00025982636410146133
"(0.42, 0.44)",0.00014897198195331477,,0.0004770013462500239,0.0004943796256938219,0.0004710585614725539,0.0005199216936816515,0.0010935977787595863,8.492837991630962e-05,0.00036427384480119463,0.0003553749899366865,0.00033807960177040464,1.8202933084880625e-05,0.0003492345462757487,,,,0.0002283314266911125,0.0003771667657099257,0.0003159456712350611,0.0008629708347474902,0.00018955869828191703,0.00029662001687758406,0.0002626699583373651,0.00043371164972836885,0.00013135354775372778,0.0005332195826407152,0.00021873974145881714,0.00017912968889227183,-2.098774351027388e-05,0.00040379239738121283,0.0002162916720836257,0.0001008705668487751,0.0002532422362375635,0.00020012708644144764,0.00017277005742287723,0.0002512537668944402,0.0003201344085110059,-2.8254459241797782e-05,0.00021937772521663773,0.0003340555665820166,0.0001727013008125988,0.0001919830773919365,0.0002156037187345678,0.0003178730479164949,0.0004648607974440422,0.00013203950146254502
"(0.44, 0.46)",7.250953153074493e-05,,0.0010804221715862662,0.0010809829901262684,0.0010940098230974987,0.0010218345069932804,0.0005473661639235784,0.00021244156379737267,0.00033972979028478275,0.00017139730359058746,0.0005307244324074567,0.000150400443180232,0.0003403903501656473,,,,0.00028179050077310877,0.00023210514030506555,0.0003110063621283278,0.0004222648769560217,0.00023443727420315673,0.000332004919892241,0.0005839656331576571,0.0002858635662828273,0.0003745008454409778,0.00029272735757143297,0.0003751604268867163,0.00012211546095665818,0.0005321024882564272,0.00022326802704665413,0.0003389713194082499,0.00023721367286003658,0.000147433307974379,0.0003368057215919614,0.0002418631375655629,0.00042840299372890367,0.000106244931834752,0.00012783145672747245,0.0003572199421569199,0.00019003691432159162,0.00028737063807029203,0.0004737051863738411,0.00021525322852040715,0.00010562761441846356,0.0003948292675208719,0.00016000133684095755
"(0.46, 0.48)",0.0002146488720631378,,0.00016927204776933505,0.00014182965822824678,0.0001439366454192027,0.00016787063169440764,0.000944921730143413,0.0008626150630258063,0.00021377239512078967,0.0003268659008835135,0.00027586654551820726,0.0005124315035358943,1.4717847969397551e-05,,,,0.0003773380958853788,0.00033546101277528973,0.00020077857283804404,0.001037264166279057,0.00030079818592942893,0.0002764453772857194,0.0007134034433476737,0.00017129710328361492,0.00030811013122145395,0.00026048425303095546,0.0004844764040534805,0.0003296765059790501,-3.162272038085909e-05,0.0003059675729804947,0.00037502525834012655,0.00014015161651438336,0.00025095485614740873,2.951721155588404e-05,0.00017041768038489512,0.00030662992716508456,0.00026864026949020424,0.00027067012456675376,0.0005279995238857498,0.000245579588382346,-0.00019814855489190485,0.00030854097188391454,0.00016185157058861706,0.0003188843426057083,0.0003219139073367195,0.00026196126095888916
"(0.48, 0.5)",0.00014172821583466374,,0.00036451575881447023,0.00031040358463025426,0.00031830818816605934,0.00034530112826269225,0.0009632574518858045,0.0007670460413586586,0.0003103124258065601,0.0003175518267835796,0.0003539381527445741,0.00044285699175837957,0.0001615184080599849,,,,0.00036719955057481444,0.0002903684688941063,0.0004302195380568847,0.0014664137079443377,0.00033606450874474697,0.0004569144977883088,0.0008125380380669887,0.0002724949300054201,0.0002052861880331943,-2.292840776273667e-05,0.00028373232260254854,0.0002925289511077256,0.0002706438818180748,0.00020473184608050228,0.0002514999216447457,-5.6095246016763855e-06,0.0003279998555250998,0.00035866322662581794,-0.00013060576709151897,7.00805750096407e-05,0.0003170445690193613,0.0001405053726262232,0.0002025398714461086,3.4210746096126754e-05,0.0004442054656623289,0.00033811750833122594,0.00017937796986264363,8.2580806397289e-05,0.0002531788753198967,0.00030446202387333405
"(0.5, 0.52)",-3.628087176064074e-05,,0.00043821827044372344,0.0005278422673054155,0.0005342545825714075,0.0003798556550528285,-0.00024426241542262244,-7.616261594981701e-05,0.00039003820492628487,0.00038316390999828495,0.00030345860660646275,0.0009458478699581711,0.0005362075808164573,,,,0.0001740395856517764,0.0003489155471283639,0.000527613295216238,0.00021774707711726382,0.000323448631412924,0.0003936836330819817,0.000510937499622238,0.0003305653273065107,0.00031555829963491537,0.00016174237463191388,0.0003163048271775317,0.00034128867625531957,0.00028969802341478884,0.00016035884605957517,0.00021712117293621333,0.00013181075730527342,0.00030507752804145237,0.0002981538011740114,0.0001746855043110785,0.00030285725529667965,8.370474986000991e-05,0.000275050669596117,7.3246392095107104e-06,0.00017909235107231626,0.00035186955383165885,0.00021690980644859995,0.00036357814949516037,0.00018904374717575973,0.00030477754222541935,0.0002880638465117762
"(0.52, 0.54)",0.00015804342358095646,,0.000387652440236261,0.0003616653620800232,0.0003534118514815567,0.00041612977196154894,0.0003160311162030279,0.0005698406051343544,0.0004179776329211122,0.00016837557112234103,0.0001842573450238101,0.001055449065923545,8.820622141099421e-05,,,,0.00043778515333280137,0.00022255235429003692,0.0003546640771281977,0.0003787917620156967,0.0003180118378432427,0.0003306009348672341,0.00017590937417475943,0.00024181067676200537,0.00021402087911327085,0.0002967012638563183,0.0002544920122673191,0.0003379802293514729,8.187038704042902e-06,0.0004283292307199544,0.0002942227272132806,0.00014831580151271678,9.189539997009392e-05,0.00034516544355187224,0.0004794447169619559,0.0003061271589802111,0.00029306178264805786,2.0544185763309447e-05,0.00021153448703509401,0.0004354159142359661,-0.00013314751668268,0.000197009192023979,0.00031424913226435415,7.683149604539534e-06,0.00023881311383162597,0.000300214822438203
"(0.54, 0.56)",0.00022096898797277644,,0.0005028710250976306,0.0005161190749119236,0.0005123563766380786,0.0004864333476621672,8.776991071180834e-05,-1.2078238040847349e-05,0.00025264421571625346,0.0002791373533263974,3.028240688978583e-05,0.0013390923666252777,0.0003829948749011953,,,,0.00021386881479919335,0.00026439046814974264,0.00031198291512208795,5.2086522719883815e-06,0.00014093853768896915,0.0003143720940124076,-8.969184229487618e-07,0.0003285477005967403,0.0002223112844177686,0.00022839191444795016,0.00021008697998041727,0.0004625068417288749,0.0003153121669617894,0.00036357154113791137,0.00023455876953440254,0.0001622033206503787,0.00024727704418840837,0.00015026179297506973,0.0001315085263237476,0.0001267152792415451,0.00030815704852748914,0.00017923466587153712,0.00020172522864716274,0.0004447251443587314,4.0498366841643147e-05,0.00021116286090167182,0.00033218795274852646,2.8601791313737307e-05,0.00020727180207152094,0.0004011752931350669
"(0.56, 0.58)",0.00044677663400115195,,0.00011094468028974136,0.00010404154466655023,0.00010433400979163351,0.0001241996594808453,-0.0003831811494964319,-0.000641000570321555,0.00019739978245960737,0.00024106849429287238,0.00037217627623835375,0.0003997388420676293,0.0005173641169803362,,,,0.0002802548649344207,0.0002764582416833128,0.00012076601056341782,-0.00012998395237154794,0.00042028422199664,0.00033103030176312117,0.0005600559718413924,0.00016159954916159232,0.0004031359288037404,0.00011162232773829972,0.00021553416329940273,0.0002451496915054517,0.00010762204910577693,0.0002382929195348188,0.00038323229348894886,0.0003378898034460428,0.0002831071771816004,0.00022220353589183996,0.0005064788917395397,0.00029761647995512816,0.00034259020813429933,0.00015453968079671794,0.0003479087288604647,0.00027374213135956813,0.0004390645844635613,0.0002008941967794131,0.00034267683311799314,0.00013478879103375616,0.0001530267046488037,0.00049050262944382
"(0.58, 0.6)",0.0004505164470405378,,-7.399176810927768e-05,-7.872537332485984e-05,-7.761260531871144e-05,-7.785120815571373e-05,0.0002501225136390636,0.00036717186316622796,0.0001999198868392525,0.0002832914842982525,0.0002757390014579282,0.0013380142083919619,0.0009815648718174755,,,,0.0003915149953921691,0.0003266654303470019,0.00012751983035281836,0.00026600442164957053,0.0002715309153482449,0.00037067931612944793,-4.5274305353460345e-05,0.00024974712495792257,0.00034435040781903906,0.0002630274012718583,0.00019588728528396746,0.0003161423441906611,5.497801453751224e-05,0.00021570576403181162,0.0003530508698567968,0.00032818718913979835,0.00036627851755785074,0.00047502016675519216,0.00021800903611511136,0.0002619857308038408,0.0003240418651710624,0.00025147068736666896,0.0001699519302142299,0.0002673861960284478,0.00010874013494513908,0.0001764454770713991,0.00017873044541336398,0.0004957524551823015,0.00018189799417953084,0.0002241538962021484
"(0.6, 0.62)",0.00010148675804188366,,0.00024522739882866106,0.00023392177194989861,0.00023187177785173965,0.000235490629905188,-1.9884527337944814e-05,1.4720003529988035e-05,0.0003093622577436357,0.00026395023525374204,0.0003519994064394651,-0.00025080608329997424,0.0002398035303165929,,,,0.00047519641406959404,0.0002524226683984134,0.0002772187958555925,0.0004886642986272387,0.0002775349738511545,0.000427237591042953,0.00017996389381419656,0.0002862786621622441,0.00021924198847426515,-2.2698400401535646e-05,0.00015237449255159816,0.0003426987158364111,0.00044339535124220824,0.00014736732719419483,0.00022534200972598907,0.0003419096301258393,0.00016960254887282396,0.00040526162862944187,0.00026724731747670223,0.00014794860218788483,0.00018489079885403552,0.0001720276088109951,0.00035768383376241726,0.00020829732267980036,0.00039218674552782555,0.0002897970843162922,0.0002550866187901004,0.0004401259407544925,0.00018085412170313448,0.0004112051951773026
"(0.62, 0.64)",0.00021603778477936257,,-3.014177207034183e-05,-2.899343208430964e-05,-2.5481043945241897e-05,-2.917719003774424e-05,-9.255137440209575e-05,-0.00015125787239914502,0.00023510868217639275,0.00019542393574140067,0.0003586217570912305,,0.0003437767408728421,,,,0.0004216352586047228,8.832915085059897e-05,0.0003353723269532683,-2.058836160193039e-05,0.00017214553240835895,0.0003508100642788794,0.00029614213982123586,0.00027265829821015715,0.0004392526994952366,0.0003337627582032501,0.00032484285708796033,0.0001661786766046761,0.00020064502418594825,5.957021739377467e-05,0.00039162648591795464,0.00015054934508985693,0.0001114906340950558,0.00034916704973187996,0.00021535594857239874,0.0002190103894276008,0.00041108444623698756,0.0001555883543170657,0.00023724343913423835,0.0003492588266953409,0.00024546103327482033,0.0002679823927771637,0.00045876324314577576,0.00023557411202881798,0.00030897875234014934,0.0002935098936740259
"(0.64, 0.66)",0.0004502140010085568,,0.00030004931072605024,0.0003148687463175831,0.00030725832350711615,0.0003312396987834123,0.000233553551946259,0.00021375696029471674,0.00029925903427976594,0.0003274393257518085,0.0004207943781477731,6.591224586084468e-05,0.0005578951144170478,,,,0.00046585987965414586,0.000332402206377223,0.0003376790107822077,0.00038736801125128335,0.0003812719944825279,0.0005724636129709262,0.0001592552992364577,0.0003429202296971367,0.0002970539520409476,0.0001487858108867875,6.223727850016815e-05,0.00029107827169174425,0.00039599728360727236,0.00013083048284187943,0.0003857485678758548,0.00020057618864038478,0.0002030440539090719,0.00038768405621697943,0.00023320037335727107,0.0002575465574856134,0.00038184513040402375,0.0002434497479245797,0.00015963371649478595,0.0004766643827652183,0.00030795147357615143,0.00018116433798417885,0.0004260399910205434,0.00025154649508234313,0.00010590317852814004,0.00037008383567953306
"(0.66, 0.68)",0.0002758017460406886,,0.00013908571492539715,0.00013772727965598793,0.0001397051631213598,0.00012589793893175375,0.00040813685806254975,0.00041062746819740033,0.00020591721780119818,0.0002660560545621932,0.00032239188621987217,,0.00035378404648367715,,,,0.00038700565837002397,0.0003167370831501413,0.0001894654932299594,0.00040645511764769406,0.0003443239445384103,0.0005092629588280681,-5.702544725370689e-05,0.00024745812539838193,0.00036507740271634443,0.0005025080371971917,0.0002587524614282258,0.00030231302766277817,0.0002755032220254584,0.0001554317243524364,0.0002638911122077497,0.00042576488678362,3.8122954737837324e-05,0.0002321143421227795,0.0001607308603120231,0.00019361627498091512,0.00038944911488618774,0.0003364856169053156,0.0002400722110715963,0.00030890867655793705,0.00031491258334289833,0.00013105622470148444,0.00030676310643859344,0.00010398410273786303,0.00017087994804217162,0.00030311674839507
"(0.68, 0.7000000000000001)",0.00048471171517566123,,-8.772060863670324e-06,6.3125949406778646e-06,1.935977810066869e-06,-1.3136701164971293e-05,-5.31896521152793e-05,-7.65098550288023e-05,0.00031624323531156306,0.00026085560411941806,0.00034580020327336093,0.0009562102379521315,0.00018403841162293165,,,-4.613997860193673e-07,0.0003293965068393494,0.00023698398288205864,0.00038423846206377707,7.959833262765104e-05,0.00021434662300828786,0.0005808391126022503,0.00041788302672754923,0.00018180016186338657,0.0003096883969303639,3.435114712066678e-05,0.00020102473844221526,0.00029508048076645993,-4.318138682663605e-05,0.00027110601094298807,0.00035028822441558754,0.00023322685859802322,8.266143845087623e-05,0.0004645964281812467,0.00024008389980417847,2.883312236993044e-05,0.00038712816716898155,0.00035804045761220926,9.657714338372305e-05,0.000331049407532235,0.00017580566976210148,9.030586007712281e-05,0.000278571815958264,0.00046527305942208795,0.00029512752494982244,0.0003659437031423044
"(0.7000000000000001, 0.72)",6.315044803701205e-05,,0.00019416628784179476,0.00017595869434259984,0.00020419010055126584,0.00018932175243659437,0.0002377035073979331,0.00014667104992960358,0.00036976354595565466,0.00030776524428550967,0.00035455799917177237,0.0007329167046589844,2.8016540873659616e-05,,,0.00019976126455337832,0.00039050631228776844,0.0002722262290050696,0.00040176592072861894,0.0001242956078892566,0.0003411593853143663,0.000697449798354014,0.00010104369285884369,0.00024432551336162474,0.0003542360171189713,0.00018217315660562587,0.000351177449768969,0.00036904564170276593,0.0003075910555621552,0.00029326145137945585,0.00038682930341513985,0.0003597273026709223,0.00024558913196642666,0.0002816937606848005,0.00019041305884041435,0.00025830992028643763,0.0002602417539867772,0.00024726414064391955,0.00015085718058074416,0.00015706469324149695,0.0003205494344367303,0.0002584338219577706,0.00031917886349366593,0.00046600315139215667,0.00017724218175475101,0.00023894093358726477
"(0.72, 0.74)",0.00021168599000605506,,0.00041078704989252096,0.0004128471678727711,0.0003996068336509022,0.0004183429370604761,0.0001500720723957222,6.509332843716063e-06,0.00028321500781913614,0.0001993051391987584,0.00038823448934246477,0.0010948173144851895,0.0003132546481168061,,,0.0005041311148601581,0.00033796706717192617,0.0002530237002207131,0.00038283178350166305,0.0001371079294226025,0.000493065950844124,0.00041996700571644445,0.00038238255304877226,0.0002837004791663331,0.00032638033594430295,0.00028619979021047887,0.00023013075647550056,0.0004349445682995619,0.0003641280550744541,0.00024220139345065966,0.00035764555455608483,0.00016915672066417033,0.0003113545661820003,0.00021271162277397362,0.0002136610700423404,0.00025630210208341396,0.00023561810678999017,0.00015370610089046952,0.00022456749264700935,0.0003436273151008604,0.00015984549373089402,0.00015487338947698788,6.678296357063651e-05,8.193609378758502e-05,0.00012462175664632705,9.355730462517125e-05
"(0.74, 0.76)",0.0003396932566294941,,0.0003917327949083383,0.00035865290899333936,0.0003824709483679964,0.00036943195162861714,0.0002527471398796293,0.0001875700767607428,0.00018537153717373747,0.00018159222868656646,0.00033980939926615746,-0.0012427060797717822,0.0006060539968269458,,,0.0006135356643199963,0.0002873546662402761,0.0003067050291006655,0.0002609170015535825,0.0001533673011403248,0.00018285077668941325,0.0008853535541572342,0.00036053736871412783,0.0003862343349267692,0.0002804471362906482,0.0004928155853806048,0.00036803535944278734,0.000507137599656518,0.00021128073631529847,0.00030238934952798253,0.00022262127883029934,0.00023340974488089813,0.00018692044074666625,0.00016480382496977924,0.00012511440546587445,0.0001514787514463838,0.00023459183400047784,0.00027486322854277246,0.0002523315394200852,0.0002528943527877409,0.00028954272749168316,0.00028453080461704017,0.00027105069596164286,9.345096954811685e-05,0.00011727509286233537,0.0003490353461003455
"(0.76, 0.78)",0.00011258843437468668,,-2.8108712448554954e-05,-6.38530219702859e-05,-3.854044033098958e-05,1.1075783001903832e-06,0.0004492873686405326,0.0004496171506992553,0.0003286737006833691,0.00032454308830730857,0.0003448526472482649,,0.00022527559260442244,,,0.00019973775085654956,0.0004294465807059049,0.000283541093672017,0.00026784455679851885,0.000302088672377305,0.0004949687598400333,0.0003572208319307137,-0.00011936847585486267,0.0002738386175435726,0.00045720916568002307,0.0002822002415068226,0.00021847437609875421,0.0001818244932255515,0.0002915328902878697,0.0001222461796256668,0.00019917988369226583,0.0003485461528438953,0.0002976914322231068,0.00021256784433132264,0.00045150023755311414,0.00018974025851729254,0.00024047032238578428,5.1619301979821305e-05,0.0001855050303563637,0.0001582794672413224,2.125623515685966e-05,0.0001431795413768063,0.00025899149983708104,0.00019070097023688695,0.0001674416599865833,3.907475910594523e-05
"(0.78, 0.8)",0.0007483751306929462,,0.00041818272671104574,0.0004196321898747554,0.00047602942979885546,0.00045165382677233706,0.00048807700569255755,0.0005685560510432152,0.0003292167723002583,0.0002461313621179961,0.000570516582111004,,0.0005739072918233784,,,0.0001298452745711358,0.0004534396100011612,0.0002451784337766587,0.000262253063723525,0.00028444764059568144,0.00046240915567484416,0.0008375940659448223,0.0003869393815930999,0.0003245179393951593,0.0003655060262296678,0.00034921407076769334,0.0003132636302195486,0.0003287843950474222,0.00013350651494078934,0.00027113125127565304,0.00034178497087358094,0.00024877553342925185,0.0002122468467894785,0.0003798305517187979,0.0002261419829029693,0.000225094512245908,0.00034565985722556566,0.00020277247553594552,0.00022060840833999605,0.00029314123684548877,0.0003995330259372594,0.0001508630062952619,0.0002386949680400483,0.0003679882145463451,0.0002062124674255412,0.00025431550530455614
"(0.8, 0.8200000000000001)",0.00023914986411864073,,0.0002901976054202854,0.00032462047081706976,0.00023174002790519432,0.00023446794304221496,0.0006238383209502788,0.0006893287585322263,0.0001919073989780985,0.0001579273463449541,0.0005735773585659716,0.0027258072569810166,0.0003835813789344644,,,0.0006185856822215212,0.0006351506743888198,0.0002666854673178169,0.00019104393043678026,0.0004490649864978268,0.00043475208856765945,0.0011928939240385512,0.0004918838084275803,0.00017982660708612942,0.000489686320249395,0.00021253470181982953,0.00029518502788508134,0.00030677734343539123,0.0006719016678224821,0.0002209786095119916,0.0003406502052461595,0.00035884580289574424,0.00016584414420611122,0.0004068820814262447,0.0002969476895943058,0.000259315250295496,0.0003037538804718008,0.00034199684894017555,0.00013339774183188831,0.0003530987602289512,0.000552660126182941,0.0002687330120454518,0.0003909510386326402,0.0003641578522835375,0.0002531463232576319,0.00017391861887440925
"(0.8200000000000001, 0.84)",0.0003547251449966694,,0.0001887151645477413,0.00019973635495745758,0.000190325801170943,0.0001901748012803262,0.0006344694169145231,0.0007144183571324992,0.0001804133799661243,0.00010869010627794008,0.0006528896484726927,,0.00011234893687268623,,,0.00043537967264828354,0.0005777716633473815,0.00010453745032559176,0.0002455128164522773,0.00036260709248267054,0.00035923966568529976,0.0007227035692349382,0.0005636221326721488,0.000270279581791804,0.00014495108573616826,0.00040649064898550674,0.00028483930008558724,0.0002075267289836629,0.0002287553842493525,0.00038606006339853086,0.00034172949402428343,0.0003508091984175802,0.0002476631855412351,0.00017374699835144688,0.00037519821317923407,0.00024417865416022296,4.20069739429313e-05,0.0005508404397079905,0.0003006998565646069,0.0001527372615976876,0.0001599559194080284,0.00024025495644575522,6.786203972362293e-05,0.0004961486591083121,0.00020510548261567753,0.0002434563961558031
"(0.84, 0.86)",0.0007143686947166877,,0.00038492878144254054,0.00040649723002385177,0.00039319546315039043,0.0003915833633790252,0.0007901788327131994,0.000698446664123308,0.00024500050337888067,0.00015481631289703942,0.0006758427061969636,,0.00019924745481229817,,,5.8140425525019323e-05,0.0009228957170781354,0.00018835884933723963,0.00026103830270240535,0.0005734237988704473,0.00031379017294716266,0.0013150943364326534,0.0004064900190729168,0.00030054155545731896,0.0003447480325711761,0.00040741078595436906,0.00014477882357902765,0.0001857124449346948,0.0004430140796360784,0.00024085727926057425,0.0001228763877640983,0.0005292075439224123,0.0003665373305752486,4.7353177425835944e-05,0.0006499328555509804,0.0001837753368322864,7.674134317711866e-05,0.000515454514655151,0.00019171756715761226,9.900147723415056e-05,0.0005642416180486469,0.00014147112559386124,0.00021015893056562386,0.0003543662883689898,0.00013956803433031235,0.00044936883131313184
"(0.86, 0.88)",0.0007984303949008791,,0.00022829946383418425,0.0002324817673258417,0.00023229409763654622,0.00022829946383418425,0.000656837539019325,0.0005472614160775091,0.00024903368207220434,0.00040092030331068286,0.0011404728079202173,0.0020338450586959455,0.00030217221676132847,,,0.0001629555235319273,0.0009053842086018172,0.0003660406661244776,0.00032334473908431397,0.00032896909965693296,0.0002561713355660838,0.001014793924098754,0.0004783102663708261,0.00015983742729570318,0.00020517338039210503,0.0005177801173185274,0.0002693572040297018,0.0005138196367853396,0.0006187353042299743,0.00015444946718994623,0.0002518715957292168,0.0004809606622733741,0.0002846893389157073,0.00024692395417169746,0.0006020490292879501,0.00024997235612324255,0.0002496703132847654,0.0007352307333822211,0.0002659835950786929,0.0002109285793132564,0.0005974333072214761,0.0003020346716577651,0.0002831902867333396,0.0006016047533254121,0.00036080704918770246,0.00011531995166056831
"(0.88, 0.9)",0.0007696979692492134,,0.0002245783302435075,0.00021991895791249744,0.00022011645908864423,0.0002245783302435075,0.0007715845607154962,0.000665078861163151,0.00031555404830835716,0.0002923920828123128,0.0008977319924118622,,0.0005310537327435546,,,0.0006593859707126241,0.0012844232540572035,0.00035056865218545836,0.00032211485660416604,0.00045641471739629817,0.00040134884657291896,0.0015295582467321233,0.00037769711932436785,0.0001969441936801651,0.000500507122086153,0.0005879722958861968,0.00026088270256406984,0.000404999752889543,0.0005789129894231435,0.0002429082335211095,0.0005424583980284241,0.00031557149412264927,0.0002372096149383873,0.0006611157964138623,0.0006729913087028431,0.000298408314817611,0.0007151265578642532,0.0005688602651652621,0.00022271014024175784,0.0006489825950481802,0.0005703898341440752,0.0002095452724286867,0.0005070903780366234,0.0006086654573316191,0.000266446485288579,0.0004260990997664397
"(0.9, 0.92)",0.0009669122761084751,,,,,,0.0009747853154898686,0.0005529487608826536,0.000296826033350753,0.00014382442050243474,0.0013106315626779889,,-3.281701204196232e-05,,,0.0004846105879551427,0.0012816718675730543,0.0002598635576404623,0.0003699972146900667,0.000502789403553517,0.0006076848776250727,0.0006782893522096113,0.0005175374549251038,0.00010265374475443489,0.0006591699033413762,0.0006837075289933681,0.00018061215317705695,0.0005146010544555092,0.0005744012437514045,0.00028438623839547786,0.0005754172093598366,0.0005876529128969499,0.0002777039420202583,0.0005231192841719535,0.0005808595289297352,0.00026857927002515313,0.0006024599206722699,0.0005883151608473948,0.0002986554507665249,0.0005679099899544417,0.0005610292546299618,0.00024612219695962595,0.0005691666588388571,0.000559869436721148,0.00010760039694593913,0.0005032617607121872
"(0.92, 0.9400000000000001)",0.0011459605634668538,,,,,,0.0010576600193225884,0.0007605312136227469,0.0003432081825134353,0.0002903080508583163,0.0014132561884418159,,0.00025221512411903577,,,0.0004497049965022361,0.0013438526443957527,0.0003182333996199825,0.00031876533523091566,0.0004195592380531672,0.0004241981551012194,0.0005788236831859102,0.0005457514553776426,0.000246739845323831,0.0005376976568142494,0.0009713612177310782,0.00016862017886935785,0.0006629524215540181,0.0005707765515419019,0.00020867491153103658,0.00039071558242426423,0.0008498324605965571,0.00014916198380396915,0.00023484050675655596,0.000538932945010614,0.00015427201673865262,0.00020962563222441338,0.0006352788676812605,0.0002522738024518866,0.00021618968846075787,0.0006860006800931863,0.0002823275983902508,0.00013046077558450425,0.0006260708679527216,0.00021698548741240384,0.0002974541898754701
"(0.9400000000000001, 0.96)",0.0017105344239602466,,,,,,0.0010417811226800257,0.0007946740519541556,0.00023654993503069994,0.00023937861036579306,0.002795893012791718,,0.000199618505592778,,,0.00023206395307423904,0.0019147888626029224,0.00021977189535917323,0.0002635555613116706,0.0005324028064279691,0.0006194063039406564,-0.00018952230692102952,0.0005781845219779277,0.00033371518756889417,0.0004739597585015928,0.000604045317208336,0.00013497946952751907,0.0002613340429653828,0.0008383781975335863,7.642926572470172e-05,0.00036658474079366235,0.0008486444691348426,3.860344550575057e-05,0.0004556102815427441,0.0006814277419044234,4.5805520653211224e-05,0.00043786152641025756,0.0005825493225084569,-3.8834735672465764e-05,0.00034282617163728285,0.0007955319616320242,-1.6413005509881772e-06,0.0005571996329182024,0.0006865351687674883,0.00011768485494874152,0.00042882959579893746
"(0.96, 0.98)",0.001350164910699753,,,,,,0.0012977025180626915,0.0006818260176935308,0.00041332682347408893,0.000541971977736189,0.0017266532688298365,,0.0006716450226847818,,,0.00023792526014945826,0.0011893791874449252,0.000514494116736186,0.00034594439236910524,0.0005910492240496164,0.0004855490934940904,0.00011266050758428433,0.0008276039295745281,7.331413953731123e-05,0.0006948096058772169,0.0008866174718393376,0.00018125837003675328,0.000689993047210945,0.0005549114694546855,6.156632056291748e-05,0.0006733652150848627,0.0005774702896663423,3.977723118386463e-06,0.0006518159600229804,0.0008202650311113411,3.204998691767577e-05,0.00046246356845697944,0.0009346826008392615,1.8520420620587638e-05,0.0005158539630465811,0.0006227680789853727,4.939710146521613e-05,0.0002648490551171555,0.0005583952816097891,8.16215535234002e-05,0.0002790221644850443
"(0.98, 1.0)",0.0024457169372289708,0.0003442336147558722,,,,,0.0015477170385029945,0.0010608721441508074,0.00012521706161481647,7.892176989683622e-05,8.097877369265389e-05,0.00019781888482178585,0.0006391492529132143,0.0003442336147558722,0.0003442336147558722,0.0003038371642485067,8.6936097630942e-05,0.000132513826534059,0.0002013552575684612,0.0005751753263734981,0.0010981291162615214,0.0002823813471308069,0.0007837592319589635,0.00024971715266801554,0.0009434016772431013,0.0005941575696184575,0.00019664829125848608,0.0009852841897737997,0.0008604674710946797,0.00017275024086817626,0.0009020507374307374,0.0009403202841828085,0.00015165333080687868,0.000903633908734261,0.0009898822172118003,8.833143125527892e-05,0.0009770561247559148,0.0010796546939059255,8.215233953646421e-05,0.0010560162249721556,0.0011390925044466884,8.205349804274594e-05,0.001191478496652661,0.0013135807211517626,7.517866157827725e-05,0.001276182149316946
