日期,执行策略,收益率,资金余额
2020-10-27,震荡策略,-0.004787545266220494,9952.124547337795
2020-10-28,震荡策略,-0.0030148038537817223,9922.120843899165
2020-10-30,震荡策略,0.003589746640109359,9957.738743861311
2020-11-02,震荡策略,0.019527041585865046,10152.183922413871
2020-11-03,震荡策略,0.005803126022316363,10211.098325117373
2020-11-04,震荡策略,0.07083333333333353,10934.384456479855
2020-11-05,超跌策略,-0.0067664400840802275,10860.397599198786
2020-11-06,震荡策略,0.07266009852216748,11649.51515874648
2020-11-09,震荡策略,0.013918556390490888,11811.659592405373
2020-11-10,震荡策略,-0.0022896114967726477,11784.615480806637
2020-11-11,超跌策略,-0.0018078837087480704,11763.310266465027
2020-11-12,震荡策略,0.03122810244551877,12130.656124564619
2020-11-13,超跌策略,-0.0009102047960791726,12119.614743180453
2020-11-16,震荡策略,-0.002928286852589723,12084.125034669545
2020-11-17,震荡策略,0.021228672492717537,12340.654967391594
2020-11-18,震荡策略,-0.023838448422847325,12046.472900447276
2020-11-19,震荡策略,0.01750035678607098,12257.290474218838
2020-11-20,震荡策略,0.00047199645659934397,12263.075871890178
2020-11-23,震荡策略,-0.013653308193617764,12095.644317609544
2020-11-24,震荡策略,0.012807920241199255,12250.564365295402
2020-11-25,震荡策略,-0.03643137334647728,11804.259481198274
2020-11-26,震荡策略,0.023374954659190816,12080.183511356607
2020-11-27,震荡策略,-0.023431201467873697,11797.130297733123
2020-11-30,震荡策略,-0.012455127395364252,11650.195536975147
2020-12-01,震荡策略,-0.018937110709262628,11429.574494306891
2020-12-02,震荡策略,0.0021259655943635103,11453.873376440002
2020-12-03,震荡策略,0.012292419241664243,11594.66918992414
2020-12-04,超跌策略,0.009577542314572751,11705.71762471411
2020-12-07,震荡策略,0.009464077380300973,11816.501442106357
2020-12-08,震荡策略,-0.01289418552311461,11664.137280277686
2020-12-09,震荡策略,-0.002765867020057322,11631.875827656744
2020-12-10,震荡策略,-0.026515564359601007,11323.450075525625
2020-12-11,震荡策略,-0.04267676767676776,10840.20182735294
2020-12-14,震荡策略,-0.004366146100016954,10792.871922421045
2020-12-15,震荡策略,0.018442263371379664,10991.916908947904
2020-12-16,震荡策略,-0.00899481541074465,10893.046645341674
2020-12-17,震荡策略,0.015166383047436893,11058.254763318524
2020-12-18,震荡策略,0.01749121875320281,11251.677116412375
2020-12-21,震荡策略,-0.021875096316843923,11005.545595764825
2020-12-22,震荡策略,0.040396103077411594,11450.126750074494
2020-12-23,震荡策略,-0.0444720473129564,10940.916171505834
2020-12-24,震荡策略,0.04515380985718398,11434.940219977398
2020-12-25,震荡策略,-0.014209369693337193,11272.456926970528
2020-12-28,超跌策略,-0.026735421963966277,10971.083034457337
2020-12-29,震荡策略,-0.0009421393224209318,10960.74674572103
2020-12-30,超跌策略,0.01912246593097655,11170.343251944141
2020-12-31,超跌策略,0.047337278106508895,11699.116897006586
2021-01-04,震荡策略,-0.010294547661025444,11578.679780518443
2021-01-05,震荡策略,0.008987129084147005,11682.738870329966
2021-01-06,震荡策略,0.0029686609280583642,11717.420960747024
2021-01-07,震荡策略,-0.0018055330986763707,11696.264769371272
2021-01-08,震荡策略,-0.04861400323750753,11127.66251600631
2021-01-11,超跌策略,0.030136731010671935,11463.013888028729
2021-01-12,超跌策略,-0.024024890303410706,11187.616236822365
2021-01-13,超跌策略,0.011771461418230933,11319.310829716092
2021-01-14,超跌策略,0.024020599187286606,11591.207458233015
2021-01-15,超跌策略,0.012293247202651791,11733.701036894296
2021-01-18,超跌策略,-0.0003514166567876176,11729.577618904164
2021-01-19,超跌策略,0.003566689158794434,11771.413376234748
2021-01-20,超跌策略,0.00569105783573276,11838.40517056722
2021-01-21,震荡策略,-0.0029823435998916903,11803.098978673854
2021-01-22,超跌策略,0.040864655391602556,12285.428550990337
2021-01-25,超跌策略,-0.0036499069272259987,12240.587880218138
2021-01-26,超跌策略,0.03352178521208038,12650.914238008405
2021-01-27,超跌策略,0.006202113576416757,12729.376644958042
2021-01-28,超跌策略,-0.02394747466591296,12424.540220240046
2021-01-29,震荡策略,0.008298755186721962,12527.648437835398
2021-02-01,超跌策略,-0.050163689673160095,11899.215369265374
2021-02-02,震荡策略,0.034858898260960114,12314.008907207848
2021-02-03,超跌策略,0.01692387716620969,12522.409681377047
2021-02-04,超跌策略,0.026688166905558308,12856.609841013416
2021-02-05,超跌策略,-0.007706772000770079,12757.526880265868
2021-02-08,超跌策略,0.026140878740857465,13091.019843476128
2021-02-09,超跌策略,0.039665282493809295,13610.27884369967
2021-02-10,超跌策略,0.03428311283451091,14076.881569007382
2021-02-18,超跌策略,0.0384421609508836,14618.027315969692
2021-02-19,超跌策略,0.032467963034334746,15092.64488649949
2021-02-22,超跌策略,-0.03542834154569785,14557.937508632656
2021-02-23,超跌策略,-0.008684809841037033,14431.504589692482
2021-02-24,震荡策略,0.009070015595501912,14562.39856138755
2021-02-25,震荡策略,0.008442602532392929,14685.343104359636
2021-02-26,震荡策略,0.05185798524983576,15446.895410454295
2021-03-01,震荡策略,0.009030169245980657,15586.38349033566
2021-03-02,震荡策略,0.05084263355755758,16378.836274622361
2021-03-03,震荡策略,0.03290161747996345,16917.726480496935
2021-03-04,震荡策略,0.017517092039992743,17214.07585236322
2021-03-05,震荡策略,-0.0106490845110071,17030.76170383252
2021-03-08,超跌策略,-0.025238451054876654,16600.931658143076
2021-03-09,震荡策略,-0.04823747680890533,15800.144602277176
2021-03-10,震荡策略,-0.044334975369458074,15099.645580501341
2021-03-11,震荡策略,0.010244753895747083,15254.337733386583
2021-03-12,震荡策略,0.029923735578349042,15710.804502143275
2021-03-15,震荡策略,-0.014568089028871078,15481.928103440863
2021-03-16,超跌策略,-0.0026448601452452314,15440.98056882852
2021-03-17,超跌策略,0.015172001471670526,15675.251148742822
2021-03-18,震荡策略,-0.004553019418996107,15603.881425864955
2021-03-19,震荡策略,0.026798561151079037,16022.042996450184
2021-03-22,震荡策略,0.029160577816986555,16489.255028035273
2021-03-23,震荡策略,0.015606381653292312,16746.59263518126
2021-03-24,震荡策略,-0.015197566219570469,16492.08518465592
2021-03-25,震荡策略,0.015605544749415667,16749.453158016244
2021-03-26,震荡策略,0.004070913269010212,16817.638729125876
2021-03-29,震荡策略,0.013546508057397322,17045.459007676378
2021-03-30,震荡策略,0.011356599054162642,17239.037451320724
2021-03-31,震荡策略,-0.008702774411788683,17089.009997305504
2021-04-01,震荡策略,-0.011677887909946949,16889.446454065008
2021-04-02,震荡策略,0.025850376504802375,17326.045003860287
2021-04-06,震荡策略,0.023425439352062982,17731.91522030933
2021-04-07,震荡策略,-0.0031565874224500634,17675.94287974895
2021-04-08,震荡策略,-0.019976397382255207,17322.84122067704
2021-04-09,震荡策略,0.06352726020041133,18423.313862313404
2021-04-12,震荡策略,-0.02197507277851285,18018.46019936768
2021-04-13,震荡策略,0.026692216500040722,18499.41284000657
2021-04-14,震荡策略,-0.01817226890756307,18163.236535245946
2021-04-15,震荡策略,0.047683481273002704,19029.322884431465
2021-04-16,震荡策略,0.0006611894093326853,19041.904871189425
2021-04-19,震荡策略,-0.003835747879744278,18968.86492495347
2021-04-20,震荡策略,0.036122498991683294,19654.067729078477
2021-04-21,震荡策略,0.03052639333923146,20254.035531292222
2021-04-22,震荡策略,0.028602949291997914,20833.3606825521
2021-04-23,震荡策略,-0.0005002378891539871,20822.939046180276
2021-04-26,震荡策略,0.0003938325412309318,20831.13979718073
2021-04-27,震荡策略,0.04186445147679341,21703.224038426102
2021-04-28,震荡策略,-0.013556095195287998,21409.013067316537
2021-04-29,震荡策略,-0.0013109969521084563,21380.945916437635
2021-04-30,震荡策略,0.04151380004818983,22268.55023005379
2021-05-06,震荡策略,0.03681223407355616,23088.30531360127
2021-05-07,震荡策略,0.03768541911889223,23958.39777608928
2021-05-10,震荡策略,-0.021497803418178196,23443.344850484395
2021-05-11,震荡策略,0.028493647912885667,24111.331264554457
2021-05-12,震荡策略,0.032805080337555914,24902.30542373359
2021-05-13,震荡策略,-0.013331391645152402,24570.323037262595
2021-05-14,震荡策略,-0.007121349828038359,24395.349171526337
2021-05-17,震荡策略,0.018345644970434893,24842.897586356954
2021-05-18,震荡策略,-0.031340142809854865,24064.31762818993
2021-05-19,震荡策略,-0.011640650581163037,23784.19331520605
2021-05-20,震荡策略,0.0032200115242517757,23860.778691776042
2021-05-21,震荡策略,0.10031347962382431,26254.3364288821
2021-05-24,震荡策略,-0.009881422924901129,25994.906227015676
2021-05-25,震荡策略,0.005009728010823444,26125.133636879884
2021-05-26,震荡策略,0.013870394452579538,26487.499545549763
2021-05-27,震荡策略,0.013464651915812142,26844.144507050823
2021-05-28,震荡策略,-0.031515520801597696,25998.137312437768
2021-05-31,震荡策略,0.030379814677581773,26787.955905951952
2021-06-01,震荡策略,0.012630006134591865,27126.2879533773
2021-06-02,震荡策略,0.006273114779189903,27296.454271242193
2021-06-03,震荡策略,-0.01732211843100384,26823.621857609254
2021-06-04,超跌策略,0.02264128580407654,27430.94314638786
2021-06-07,震荡策略,-0.0056926806257577844,27274.787547792155
2021-06-08,震荡策略,0.011271809608515815,27582.223760143588
2021-06-09,震荡策略,-0.011006328978433566,27278.64473148268
2021-06-10,震荡策略,0.003648290353940764,27378.165147925127
2021-06-11,震荡策略,-0.05599630051739102,25845.08918468715
2021-06-15,震荡策略,-0.026502113803996585,25160.13968984013
2021-06-16,震荡策略,0.017162544721798678,25591.95171247371
2021-06-17,震荡策略,0.016160191522745837,26005.522553588147
2021-06-18,震荡策略,0.024595368201925316,26645.13795607712
2021-06-21,震荡策略,0.021965749599386353,27230.418384461416
2021-06-22,震荡策略,0.006744348319343008,27414.069810927667
2021-06-23,震荡策略,0.005837291723340465,27574.093733738075
2021-06-24,震荡策略,0.02744363213882317,28330.82701872821
2021-06-25,震荡策略,-0.005371525808281374,28178.647250227157
2021-06-28,震荡策略,-0.004470222922325795,28052.682415369058
2021-06-29,震荡策略,-0.014105339105338954,27656.989817085898
2021-06-30,震荡策略,-0.030805098774969508,26805.013513952243
2021-07-01,震荡策略,-0.012355068806053193,26473.835727640177
2021-07-02,震荡策略,0.0013843634280692463,26510.485137622236
2021-07-05,超跌策略,0.009663165096398085,26766.660332292686
2021-07-06,震荡策略,0.01436728934029552,27151.224685960144
2021-07-07,震荡策略,0.0350502144625211,28102.880934123143
2021-07-08,震荡策略,0.02235515198051785,28731.125108495864
2021-07-09,震荡策略,-0.014417484426201721,28316.894559696873
2021-07-12,震荡策略,0.04930896960032527,29713.171452716582
2021-07-13,震荡策略,-0.022104018912529555,29056.390948974502
2021-07-14,震荡策略,0.021316888592931793,29675.782797746462
2021-07-15,震荡策略,0.0029521302623118917,29763.389574201483
2021-07-16,震荡策略,-0.012056994235962848,29404.53255766262
2021-07-19,震荡策略,-0.002208459947577124,29339.593825231794
2021-07-20,震荡策略,0.0015098060352287668,29383.89092106029
2021-07-21,震荡策略,0.008692543083937965,29639.31165886534
2021-07-22,震荡策略,0.044959769959770135,30971.88829281386
2021-07-23,震荡策略,-0.007026326239809366,30754.269701405618
2021-07-26,震荡策略,0.008169156241117692,31005.50613567787
2021-07-27,震荡策略,0.0052813925976002984,31169.25838626769
2021-07-28,超跌策略,-0.010268414481897747,30849.199522064126
2021-07-29,震荡策略,-0.02593105652154637,30049.247185613018
2021-07-30,震荡策略,-0.044032150789224844,28726.114202433415
2021-08-02,震荡策略,0.0010121627972683456,28755.1897065392
2021-08-03,超跌策略,0.040486637021382776,29919.390634668856
2021-08-04,超跌策略,0.010676427972241331,30238.82285375325
2021-08-05,震荡策略,0.010006200282310473,30541.39857152921
2021-08-06,震荡策略,-0.022803403728833715,29844.950729459404
2021-08-09,震荡策略,-0.004786817178305425,29702.088406621948
2021-08-10,震荡策略,0.018884949753116942,30263.01085374364
2021-08-11,超跌策略,0.010951463002498052,30594.43509745261
2021-08-12,震荡策略,0.004916055603177982,30744.839041539508
2021-08-13,震荡策略,0.03952626703718409,31960.067759510643
2021-08-16,震荡策略,0.001750164621223238,32016.003139395234
2021-08-17,震荡策略,0.033464463676894596,33087.40151353287
2021-08-18,震荡策略,-0.033468399463486787,31980.01914246917
2021-08-19,震荡策略,-9.588425825879376e-05,31976.952762054592
2021-08-20,震荡策略,0.008920582925677545,32262.205820878975
2021-08-23,震荡策略,0.04107047007675568,33587.22977965552
2021-08-24,震荡策略,0.023466890929986217,34375.41763753508
2021-08-25,震荡策略,0.022906110672855196,35162.82475836608
2021-08-26,震荡策略,0.003327814167066734,35279.840104751056
2021-08-27,震荡策略,0.0019661752202559946,35349.20645213961
2021-08-30,震荡策略,0.02817755000790534,36345.26048468454
2021-08-31,震荡策略,0.02992651873558505,37432.947603529174
2021-09-01,震荡策略,0.022839498835838246,38287.89736674197
2021-09-02,震荡策略,-0.0005613010165379517,38266.40633102892
2021-09-03,震荡策略,0.006732164510775851,38524.0220736856
2021-09-06,震荡策略,0.03503312696861083,39873.63903033459
2021-09-07,震荡策略,0.005623362285641864,40097.86294824907
2021-09-08,震荡策略,0.06855502405728986,42846.7729073122
2021-09-09,震荡策略,-0.01648686437670077,42140.36397341005
2021-09-10,震荡策略,0.03178056183085176,43479.60841624161
2021-09-13,震荡策略,0.009377481800870502,43887.33765287389
2021-09-14,震荡策略,0.058161129487598995,46439.87478096867
2021-09-15,震荡策略,0.010812703832600024,46942.01539299831
2021-09-16,震荡策略,0.009670440153439541,47395.96534353814
2021-09-17,震荡策略,-0.012529888151179613,46802.099198966425
2021-09-22,震荡策略,0.044153491804378664,48868.575302375706
2021-09-23,震荡策略,0.0014685883166676295,48940.343121116966
2021-09-24,震荡策略,-0.05382199603851301,46306.27616752874
2021-09-27,震荡策略,-0.002334406608393347,46198.17849043317
2021-09-28,超跌策略,0.009278983416914466,46626.85062253755
2021-09-29,震荡策略,-0.016199572647436322,45871.51556855659
2021-09-30,超跌策略,0.01472706044168004,46547.06815088619
2021-10-08,震荡策略,0.012484285007695384,47128.175015954475
2021-10-11,超跌策略,0.010779071556936692,47636.17298679928
2021-10-12,震荡策略,-0.007646229130685245,47271.935893233254
2021-10-13,震荡策略,-0.008345170454545414,46877.44353048788
2021-10-14,震荡策略,-0.017541028049020135,46055.164978653236
2021-10-15,震荡策略,0.03249709800915279,47551.824188792234
2021-10-18,震荡策略,0.034824459166564514,49207.790748550484
2021-10-19,超跌策略,0.014787286556680712,49935.440451170485
2021-10-20,超跌策略,-0.005924170616113722,49639.61438214697
2021-10-21,震荡策略,-0.007555526747904384,49264.560947927
2021-10-22,超跌策略,-0.025115288117190215,48027.26730575293
2021-10-25,震荡策略,0.0020333992257639544,48124.92591390801
2021-10-26,震荡策略,-0.01368146853256147,47466.50625438502
2021-10-27,震荡策略,-0.005363661170010747,47211.911997912306
2021-10-28,震荡策略,-0.01502805908618643,46502.40859483585
2021-10-29,震荡策略,0.0077323447415493796,46861.98124940351
2021-11-01,超跌策略,0.016202016520894036,47621.239843808165
2021-11-02,震荡策略,0.005471423294769906,47881.7958048154
2021-11-03,震荡策略,0.033720930232558066,49496.41450055918
2021-11-04,震荡策略,0.018744989152990055,50424.22425348406
2021-11-05,震荡策略,0.012143826322930762,51036.567275286885
2021-11-08,震荡策略,0.02018441769769197,52066.71066702763
2021-11-09,超跌策略,0.023257928376212877,53277.67449450636
2021-11-10,超跌策略,0.0526642362720775,56083.50253211188
2021-11-11,超跌策略,0.017472628512453348,57063.42873753271
2021-11-12,超跌策略,-0.0018491890298503177,56957.90767110562
2021-11-15,震荡策略,0.00110420541909928,57020.80090141661
2021-11-16,震荡策略,0.015242156334975832,57889.920863101535
2021-11-17,震荡策略,0.013597794184245338,58677.09609234024
2021-11-18,震荡策略,0.01769989601683508,59715.6745917445
2021-11-19,震荡策略,-0.016301042963604573,58742.246814623846
2021-11-22,震荡策略,0.03401722682627373,60740.49514880186
2021-11-23,震荡策略,0.03947122046212037,63137.99662379857
2021-11-24,震荡策略,-0.006565403498010491,62723.47019990731
2021-11-25,震荡策略,0.027680086264206816,64459.66126583115
2021-11-26,震荡策略,0.0021662787825373897,64599.29886236087
2021-11-29,震荡策略,-0.012307692307692353,63804.23056867027
2021-11-30,震荡策略,-0.0016576806435223412,63698.46353068174
2021-12-01,超跌策略,0.026160635835130286,65364.855838365234
2021-12-02,震荡策略,0.00015464771966477997,65374.96436426685
2021-12-03,震荡策略,0.028565843481158426,67242.45536388281
2021-12-06,震荡策略,0.03605141996333949,69666.64136157226
2021-12-07,震荡策略,0.008358464743356997,70248.94752718105
2021-12-08,震荡策略,-0.0035788739680051584,69997.53539759626
2021-12-09,震荡策略,0.08059342204911824,75638.87631029284
2021-12-10,震荡策略,0.007137182367426442,76178.7247645866
2021-12-13,震荡策略,0.003522392296890553,76447.05611788432
2021-12-14,震荡策略,-0.01970443349753681,74940.71018452701
2021-12-15,震荡策略,0.019074046758610352,76370.13279471014
2021-12-16,震荡策略,0.024846248764175183,78267.6441122806
2021-12-17,震荡策略,0.014715811775421583,79419.41603114261
2021-12-20,震荡策略,0.09982714343387733,87347.62946671827
2021-12-21,震荡策略,-0.05097787749409666,82894.83271236415
2021-12-22,震荡策略,0.01437283817788959,84086.26672872218
2021-12-23,超跌策略,-0.03530577390978862,81117.53600667974
2021-12-24,震荡策略,-0.045525707848865005,77424.60276101985
2021-12-27,震荡策略,-0.04616789988124592,73850.07145240385
2021-12-28,震荡策略,0.03079972892162841,76124.63363398077
2021-12-29,震荡策略,0.0014179527453863638,76232.57476723361
2021-12-30,震荡策略,0.06611253305308828,81272.50338625436
2021-12-31,震荡策略,0.047139792854078655,85103.6723606148
2022-01-04,震荡策略,-0.007893446985669073,84431.91103455053
2022-01-05,震荡策略,0.023721609923698317,86434.77189322453
2022-01-06,震荡策略,-0.009063398034243053,85651.37915155724
2022-01-07,震荡策略,0.020343224168005936,87393.80435793624
2022-01-10,震荡策略,0.02230103385748916,89342.77654785736
2022-01-11,震荡策略,-0.026342179294251755,86989.29310938742
2022-01-12,震荡策略,-0.001444332311679286,86863.65166257939
2022-01-13,震荡策略,0.031866415247814084,89631.68485640062
2022-01-14,震荡策略,-0.014678569959287846,88316.01989966711
2022-01-17,震荡策略,-0.027587939043228427,85879.56292613455
2022-01-18,震荡策略,0.021846988830888536,87755.7727781834
2022-01-19,震荡策略,-0.020864194991201956,85924.81922333577
2022-01-20,超跌策略,-0.0345608502744017,82955.18441130302
2022-01-21,震荡策略,-0.04833258936847584,78945.74554716532
2022-01-24,超跌策略,-0.05554343339150991,74560.82778782326
2022-01-25,超跌策略,0.0018729627235818391,74700.47743890926
2022-01-26,超跌策略,-0.044466506925815996,71378.80814151025
2022-01-27,超跌策略,-0.012379191158664149,70495.19623084889
2022-01-28,震荡策略,0.013883424795001265,71473.91098612873
2022-02-07,震荡策略,0.017093701240042503,72695.66466698301
2022-02-08,震荡策略,-3.955814300637961e-05,72692.78896148417
2022-02-09,超跌策略,0.024521986611616642,74475.36055915875
2022-02-10,震荡策略,-0.03847493036211702,71609.92624795156
2022-02-11,超跌策略,-0.028099222216869335,69597.74301737675
2022-02-14,震荡策略,-0.019179330314795795,68262.90491488221
2022-02-15,震荡策略,0.006123223664989075,68680.89394969791
2022-02-16,震荡策略,-0.025719228813461004,66914.47432309258
2022-02-17,震荡策略,-0.003928455460532998,66651.60379104933
2022-02-18,超跌策略,-0.005429094714809013,66289.7459211738
2022-02-21,超跌策略,-0.012192907165780031,65481.481203113784
2022-02-22,震荡策略,0.030551274085756752,67482.02388289144
2022-02-23,超跌策略,-0.043580470162748686,64541.1255545412
2022-02-24,震荡策略,-0.0009753620847134936,64478.17458777057
2022-02-25,超跌策略,0.01204136563252578,65254.57986329975
2022-02-28,超跌策略,-0.003039508028477522,65056.23804391032
2022-03-01,超跌策略,0.013188126876852335,65914.20796536411
2022-03-02,超跌策略,-0.004439834097372808,65621.55981733817
2022-03-03,超跌策略,-0.0262416130789781,63899.54423497257
2022-03-04,震荡策略,-0.03194379518823243,61858.350281309205
2022-03-07,震荡策略,-0.005683096567020929,61506.80330318392
2022-03-08,震荡策略,-0.04366397721879456,58821.171644952825
2022-03-09,超跌策略,0.00826701319220935,59307.44704692286
2022-03-10,震荡策略,-0.03564460158660654,57193.45672581653
2022-03-11,震荡策略,0.008297811878374528,57668.03727040131
2022-03-14,震荡策略,0.10059171597633143,63468.964096418014
2022-03-16,震荡策略,-0.03389830508474578,61317.47378806486
2022-03-17,超跌策略,0.058498349314989095,64904.444788831766
2022-03-18,超跌策略,0.05431346943701021,68429.63036719609
2022-03-21,震荡策略,0.0400224033086678,71168.34863201507
2022-03-22,震荡策略,0.05160229943676309,74840.79906854426
2022-03-23,震荡策略,-0.0346711335977028,72245.98372547993
2022-03-25,震荡策略,-0.0148356996964778,71174.16400665209
2022-03-28,震荡策略,0.0027099945860369345,71367.04560577583
2022-03-29,震荡策略,0.101010101010101,78575.83809120773
2022-03-30,超跌策略,-0.013444547687192276,77519.42148892938
2022-03-31,震荡策略,0.01978594564145908,79053.21654866669
2022-04-01,超跌策略,0.005297565338915122,79472.00612858466
2022-04-06,震荡策略,-0.009600554100116288,78709.03083430241
2022-04-07,超跌策略,0.049849997691997494,82632.67583973175
2022-04-08,超跌策略,-0.045289504807061176,78890.28287006788
2022-04-11,震荡策略,0.016671955619806722,80205.53816491165
2022-04-12,震荡策略,0.017084722745963843,81575.82754714998
2022-04-13,震荡策略,0.014337876496357982,82745.45168760921
2022-04-14,震荡策略,-0.07665819963497322,76402.33433325443
2022-04-15,震荡策略,-0.03815219769013023,73487.41736978469
2022-04-18,震荡策略,-0.04606794433714656,70102.00311691279
2022-04-19,震荡策略,-0.033519986823383086,67752.18489614112
2022-04-20,震荡策略,-0.03031304551486813,65698.40983165264
2022-04-21,超跌策略,-0.042003276811175105,62938.8613374397
2022-04-22,超跌策略,-0.035859071017572464,60681.93223897531
2022-04-25,超跌策略,-0.018769787426503814,59542.94527022023
2022-04-26,超跌策略,-0.026742484011077483,57950.6190083589
2022-04-27,超跌策略,-0.002607826592779028,57799.4938430409
2022-04-28,超跌策略,0.012280821097452543,58509.319086450596
2022-04-29,超跌策略,0.02984512063059319,60255.53677259958
2022-05-05,超跌策略,0.020266668029825796,61476.71573332882
2022-05-06,超跌策略,0.050821596244131406,64601.060558743295
2022-05-09,震荡策略,0.016666666666666607,65677.74490138901
2022-05-10,超跌策略,-0.016138133855815084,64617.82866282232
2022-05-11,震荡策略,0.004208464405136336,64889.77049468701
2022-05-12,震荡策略,0.021994720304149062,66317.00284731807
2022-05-13,超跌策略,0.0345512550742173,68608.33852845336
2022-05-16,震荡策略,-0.013258736132274018,67698.67867143087
2022-05-17,震荡策略,0.0002734647804811807,67717.19187573262
2022-05-18,震荡策略,-0.00035240464344954425,67693.32802287425
2022-05-19,震荡策略,-0.004639597104186377,67379.25825420658
2022-05-20,超跌策略,-0.03155532547947415,65253.083829429546
2022-05-23,超跌策略,-0.04661162710698308,62211.53141839147
2022-05-24,超跌策略,0.031231481422841156,64154.48970617146
2022-05-25,超跌策略,-0.020689655172413834,62827.155436388595
2022-05-26,超跌策略,0.039718194813150864,65322.53663556719
2022-05-27,超跌策略,-0.008797653958944385,64747.851562527
2022-05-30,超跌策略,0.018879668049792464,65970.26950696475
2022-05-31,超跌策略,0.007025293303008384,66433.72999952968
2022-06-01,超跌策略,-0.0019294986957357763,66305.54620414272
2022-06-02,震荡策略,-0.011869436201780381,65518.53675364845
2022-06-06,震荡策略,0.016589195208027485,66605.43654959905
2022-06-07,震荡策略,0.013329595123073412,67493.26005180077
2022-06-08,超跌策略,0.01656184486373169,68611.0729541262
2022-06-09,震荡策略,0.034385665681180066,70970.31037075384
2022-06-10,超跌策略,0.018877297565822238,72310.03803796132
2022-06-13,超跌策略,0.01737504565179182,73566.42824995371
2022-06-14,超跌策略,0.048725785830400214,77151.01027716846
2022-06-15,超跌策略,0.017001242972020547,78462.67334842746
2022-06-16,超跌策略,-0.02566328154384745,76449.06367160383
2022-06-17,震荡策略,0.023319621738477903,78231.82691868645
2022-06-20,震荡策略,-0.009121830550402055,77518.2094498858
2022-06-21,震荡策略,-0.005040122692469673,77127.50816335782
2022-06-22,超跌策略,-0.004526874092091515,76778.36164486554
2022-06-23,震荡策略,0.011864714416693456,77689.31497916348
2022-06-24,震荡策略,0.0047193055171776965,78055.9545919704
2022-06-27,震荡策略,0.0024209386380038556,78244.92326836837
2022-06-28,震荡策略,-0.02177905958367432,76540.82242238654
2022-06-29,震荡策略,0.016141057672971915,77776.27225144298
2022-06-30,超跌策略,0.014873507765733818,78933.07824076465
2022-07-01,超跌策略,-0.014382014651907915,77797.86155298578
2022-07-04,震荡策略,0.008620689655172376,78468.53277327014
2022-07-05,震荡策略,-0.049141784534239896,74612.44904300816
2022-07-06,超跌策略,0.009747739852984383,75339.75178607347
2022-07-07,震荡策略,0.010326399949686538,76117.74019512658
2022-07-08,震荡策略,0.011030713310139717,76957.37316503472
2022-07-11,震荡策略,-0.024567709177194197,75066.70680207534
2022-07-12,震荡策略,0.060038698884821384,79573.61420804031
2022-07-13,震荡策略,-0.040116685581310874,76381.38454628782
2022-07-14,震荡策略,0.018992111150359037,77832.02829140924
2022-07-15,震荡策略,0.029155939929463637,80101.29423286188
2022-07-18,震荡策略,0.04721030042918439,83882.90039836179
2022-07-19,超跌策略,-0.006524927981747641,83335.57051436236
2022-07-20,超跌策略,-0.017589474176595843,81869.7416488081
2022-07-21,震荡策略,0.026682618517265055,84054.2407333303
2022-07-22,震荡策略,-0.023950714604326295,82041.08160224296
2022-07-25,超跌策略,0.02887709137709149,84410.18941234636
2022-07-26,震荡策略,-0.007595529488537367,83769.04932953186
2022-07-27,超跌策略,0.039333069842648616,87063.9431974626
2022-07-28,震荡策略,0.022565848333381933,89028.61493496272
2022-07-29,震荡策略,-0.013770796823954323,87802.61996717528
2022-08-01,震荡策略,-0.06740275091338921,81884.48184398479
2022-08-02,震荡策略,0.034774929084703476,84732.00889324705
2022-08-03,震荡策略,-0.02397306397306409,82700.723023483
2022-08-04,震荡策略,-0.01675681012407959,81314.9227106544
2022-08-05,超跌策略,0.010381166532678954,82159.06646490561
2022-08-08,超跌策略,-0.011232269713165266,81236.23367098992
2022-08-09,震荡策略,-0.0027311795695413865,81014.36292928123
2022-08-10,震荡策略,0.01689357394149571,82382.98505975021
2022-08-11,震荡策略,0.01405102243398848,83540.5502310037
2022-08-12,震荡策略,0.008890719475427078,84283.28582793038
2022-08-15,超跌策略,0.01100372612948286,85210.71602247385
2022-08-16,震荡策略,-0.0012390800056162332,85105.13312798616
2022-08-17,超跌策略,-0.00340136054421758,84815.65988605424
2022-08-18,震荡策略,-0.007409344490934555,84187.23144373253
2022-08-19,震荡策略,0.04282774437812953,87792.78067190714
2022-08-22,震荡策略,0.008362303608483446,88526.93055851862
2022-08-23,震荡策略,-0.00022169016582440637,88507.30500860317
2022-08-24,震荡策略,0.0304582644748157,91203.08391250839
2022-08-25,震荡策略,-0.03402462240512105,88099.93342020272
2022-08-26,震荡策略,0.0013993030479197976,88223.21192555914
2022-08-29,震荡策略,0.09950248756218905,97001.64097287845
2022-08-30,震荡策略,-0.043531835600061575,92778.98148511091
2022-08-31,超跌策略,0.011970848782142163,93889.62464263034
2022-09-01,震荡策略,0.002013085901390488,94078.63252228526
2022-09-02,震荡策略,0.06786608689937124,100463.38117241669
2022-09-05,震荡策略,0.03117356498041235,103595.18291354696
2022-09-06,震荡策略,-0.01953742722855223,101571.19956614498
2022-09-07,震荡策略,-0.0161950178529352,99926.25217582722
2022-09-08,震荡策略,0.01210170288819512,101135.52999038994
2022-09-09,震荡策略,0.009986184325835312,102145.48803476502
2022-09-13,震荡策略,-0.006507836109354237,101480.74193932477
2022-09-14,超跌策略,0.10097719869706845,111727.98298205789
2022-09-15,震荡策略,-0.01218671136563132,110366.38630199138
2022-09-16,震荡策略,-0.016880042195610234,108503.39704423676
2022-09-19,震荡策略,-0.004311212461567404,108035.61584677725
2022-09-20,震荡策略,0.012278723996325347,109362.15535553286
2022-09-21,震荡策略,-0.015702527065764915,107644.89315109221
2022-09-22,超跌策略,0.008739824480511027,108585.69062345612
2022-09-23,震荡策略,-0.013077022946436201,107165.71305551856
2022-09-26,超跌策略,0.020770142797581936,109391.56021868637
2022-09-27,震荡策略,0.022878211229407253,111894.2434400839
2022-09-28,震荡策略,-0.017839731235029133,109898.08021036588
2022-09-29,震荡策略,-0.0016582460129801468,109715.84215702287
2022-09-30,震荡策略,-0.01699431795688011,107851.29625049955
2022-10-10,震荡策略,0.0029665076279852265,108171.23794351476
2022-10-12,震荡策略,0.0375671671551161,112234.92492071462
2022-10-13,震荡策略,0.008071444799963912,113140.82292184026
2022-10-14,震荡策略,0.02030230411415923,115437.8423165257
2022-10-17,震荡策略,-0.004831682965153017,114880.08326027093
2022-10-18,超跌策略,-0.00034877467199057044,114840.01599691357
2022-10-20,震荡策略,0.05863192182410426,121573.30683712348
2022-10-21,震荡策略,-0.02515967778278272,118514.56161011408
2022-10-24,震荡策略,-0.026826185468910357,115335.26799959455
2022-10-25,震荡策略,0.048172977055990884,120891.31121868557
2022-10-26,震荡策略,-0.0020864004921103962,120639.08352746704
2022-10-27,震荡策略,-0.032741278905236815,116689.20564682208
2022-10-28,震荡策略,-0.0006698843969487056,116611.03736866693
2022-10-31,超跌策略,0.012768251630549177,118099.95643668945
2022-11-01,震荡策略,0.008773689733934331,119136.12881205612
2022-11-02,震荡策略,-0.0033333333333332993,118739.0083826826
2022-11-03,震荡策略,0.0013783467391714765,118902.67190769933
2022-11-04,震荡策略,0.0008797695730924371,119007.27886060312
2022-11-07,超跌策略,-0.016821144808620403,117005.44018960906
2022-11-08,震荡策略,-0.0032383007502736483,116626.54138485694
2022-11-09,震荡策略,-0.0019095187334194907,116403.84081926863
2022-11-10,超跌策略,0.07567229518449037,125212.38662235276
2022-11-11,震荡策略,0.015726035173389885,127181.48101851997
2022-11-14,超跌策略,0.019006104835000537,129598.7055798286
2022-11-15,震荡策略,0.0027281579486777563,129952.27131859456
2022-11-16,震荡策略,0.003508208546696645,130408.1709874971
2022-11-17,震荡策略,-0.013571953759868305,128638.2773209458
2022-11-18,震荡策略,-0.013305572844035662,126926.6713515207
2022-11-21,震荡策略,0.01492537313432818,128821.09928214038
2022-11-22,震荡策略,-0.04299796798331745,123282.05377963114
2022-11-23,震荡策略,-0.0012590170510213827,123126.83957183766
2022-11-24,震荡策略,0.04174001875938593,128266.15616535007
2022-11-25,超跌策略,-0.008261232850866551,127206.5195823825
2022-11-28,震荡策略,0.059523809523809534,134778.33622419098
2022-11-29,震荡策略,-0.006173989570859684,133946.216181965
2022-11-30,震荡策略,-0.015355066445182808,131889.4631324101
2022-12-01,震荡策略,0.0070392100053116025,132817.86076088695
2022-12-02,震荡策略,0.040909090909090784,138251.31870110505
2022-12-05,震荡策略,-0.011177756667560712,136705.9791016947
2022-12-06,震荡策略,0.010874677705291269,138192.61256481192
2022-12-07,震荡策略,-0.011460039247605525,136608.91980109003
2022-12-08,震荡策略,-0.0038913862268395993,136077.32173211264
2022-12-09,震荡策略,-0.036620600116676005,131094.0885480127
2022-12-12,震荡策略,0.0,131094.0885480127
2022-12-13,震荡策略,-0.03599337745727782,126375.56953648626
2022-12-14,震荡策略,0.010881773085688273,127750.75980775693
2022-12-15,震荡策略,-0.0057661265288383445,127014.13276255016
2022-12-16,震荡策略,0.017202871941026432,129199.14062316484
2022-12-19,震荡策略,-0.027304174241292722,125671.46477576467
2022-12-20,震荡策略,0.0,125671.46477576467
2022-12-21,震荡策略,-0.019929701032781022,123166.87005443202
2022-12-22,震荡策略,-0.009973119223606663,121938.5121749807
2022-12-23,震荡策略,0.04212605397049107,127075.30051994532
2022-12-26,超跌策略,0.007244655630606278,127995.91731136813
2022-12-27,震荡策略,-0.008006067680123241,126971.17333459386
2022-12-28,震荡策略,-0.004323138469479737,126422.2593706361
2022-12-29,超跌策略,0.0012180983395220224,126576.25411485409
2022-12-30,震荡策略,-0.002858039188729178,126214.4942202313
2023-01-03,震荡策略,0.00038505968425117665,126263.09433352367
2023-01-04,震荡策略,-0.00940632084218096,125075.42315769599
2023-01-05,震荡策略,-0.017810506866594356,122847.76647470365
2023-01-06,超跌策略,-0.00039066307392887634,122799.77438862734
2023-01-09,震荡策略,-0.02335225009956199,119932.12334493433
2023-01-10,震荡策略,0.019048590923816944,122216.66130115674
2023-01-11,超跌策略,-0.02685950413223137,118933.9823819108
2023-01-12,震荡策略,0.013075334651863058,120489.08400303307
2023-01-13,震荡策略,-0.006900362407163629,119657.66565730497
2023-01-16,震荡策略,-0.013029942289289997,118098.53317931913
2023-01-17,震荡策略,0.012134658552751754,119531.61855503099
2023-01-18,震荡策略,-0.007355924334157882,118652.35301340076
2023-01-19,超跌策略,0.0030531838069751682,119014.62045628078
2023-01-20,震荡策略,0.004097598704872363,119502.29461092332
2023-01-30,震荡策略,0.009227855473275426,120605.04451431769
2023-01-31,震荡策略,-0.0016044863032856904,120411.53537228731
2023-02-01,超跌策略,0.0,120411.53537228731
2023-02-02,震荡策略,0.025281036168133042,123455.66375309454
2023-02-03,震荡策略,0.04438948522475217,128935.7971151745
2023-02-06,震荡策略,0.011551155115511635,130425.15450759402
2023-02-07,震荡策略,-0.010978211136780547,128993.31962386244
2023-02-08,震荡策略,-0.02780939803596727,125406.0930544617
2023-02-09,震荡策略,-0.00659912807900509,124578.52218450767
2023-02-10,震荡策略,0.017940775781639218,126813.5575182279
2023-02-13,震荡策略,0.0020559080624817927,127074.27453356162
2023-02-14,震荡策略,-0.013405239621874454,125370.81343366337
2023-02-15,震荡策略,-0.017284188585849125,123203.88065111462
2023-02-16,震荡策略,0.008276303742461577,124223.55338963323
2023-02-17,震荡策略,0.018495388916302424,126521.11632213955
2023-02-20,震荡策略,-0.008638846565947933,125428.11981088015
2023-02-21,震荡策略,-0.0029946653211828655,125052.50457018134
2023-02-22,震荡策略,-0.015952255103502067,123057.63511594594
2023-02-23,震荡策略,-0.01448743276780351,121274.84590063879
2023-02-24,震荡策略,-0.0076650060749602345,120345.27347007052
2023-02-27,震荡策略,0.02188696250188049,122979.2659577885
2023-02-28,震荡策略,-0.00925925925925919,121840.56905077196
2023-03-01,震荡策略,-0.012864142454053096,120273.19461381993
2023-03-02,震荡策略,-0.0069381460851448695,119438.72161946219
2023-03-03,震荡策略,-0.002640915962751178,119123.29399296675
2023-03-06,震荡策略,0.0010787463581150014,119251.79781252833
2023-03-07,震荡策略,0.005165395592569899,119867.78052335519
2023-03-08,震荡策略,-0.005332099727308193,119228.63356351358
2023-03-09,震荡策略,-0.01578731559457691,117346.33349753622
2023-03-10,超跌策略,-0.028858185451200447,113959.93124344591
2023-03-13,震荡策略,0.04583393185203111,119183.16296592016
2023-03-14,震荡策略,0.010836523965850997,120474.69416772628
2023-03-15,震荡策略,0.02739435735658069,123775.02099218174
2023-03-16,震荡策略,0.0032573289902280145,124178.19695632566
2023-03-17,震荡策略,-0.034688099924667926,119870.69125183954
2023-03-20,震荡策略,0.02484125292243422,122848.42941121351
2023-03-21,震荡策略,0.016707652215167457,124900.93824499562
2023-03-22,震荡策略,-0.00838008828207737,123854.25735598826
2023-03-23,震荡策略,0.007346854962384741,124764.19662125657
2023-03-24,震荡策略,-0.005246033055902655,124109.67952158832
2023-03-27,震荡策略,-0.015483356351419841,122188.04512689506
2023-03-28,震荡策略,-0.016979599047062366,120113.34111229601
