_id,日期,开盘,收盘,最高,最低,成交量,成交额,振幅,涨跌幅,涨跌额,换手率,代码,昨日成交额,开盘收盘幅,开盘开盘幅,EMA121开盘比值,EMA121收盘比值,EMA121最高比值,EMA121最低比值,EMA9开盘比值,EMA4开盘比值,EMA9开盘动能4,EMA9收盘比值,EMA4收盘比值,EMA9收盘动能4,EMA9最高比值,EMA4最高比值,EMA9最高动能4,EMA9最低比值,EMA4最低比值,EMA9最低动能4,60日最高开盘价,60日最低开盘价,最高开盘价日期,最低开盘价日期,1日后总涨跌幅（未来函数）,2日后总涨跌幅（未来函数）,3日后总涨跌幅（未来函数）,4日后总涨跌幅（未来函数）,5日后总涨跌幅（未来函数）,6日后总涨跌幅（未来函数）,7日后总涨跌幅（未来函数）,8日后总涨跌幅（未来函数）
643c9e407bb07cf12acd3e50,2015-07-10,85.06,87.29,87.29,82.9,135697.0,315428336.0,5.52,9.72972972972974,7.74,2.8,600536.0,729118176.0,6.926461345066004,20.37928106425135,0.4995270338152623,0.513165981690013,0.4968746839283912,0.5034480335668827,0.8617646396649936,1.0973006095397808,1.273318211299956,0.9084086862005966,1.0938253814103562,1.2041115392514152,0.828746241890395,1.0257947000411296,1.2377669402171418,0.8974991278824997,1.0854337152209494,1.2093980723767943,138.7,83.94,26.0,37.0,9.737656088899072,20.46053385267499,8.706610150074457,16.57692748310231,27.96425707412073,37.0374613357773,35.05556192003665,39.09955321342651
643c9f817bb07cf12ad6df2c,2015-08-04,16.81,18.67,18.67,16.81,272366.0,234081757.0,11.06,11.064842355740655,1.86,7.62,409.0,200579912.0,0.0,-8.641304347826084,0.4971719512314358,0.5507589462033186,0.5342851939709707,0.5124328600364798,0.8094269969504042,0.9054672771343916,1.1186521830206164,0.9020292033497972,1.0121984277582003,1.1221348754555576,0.8528142922397591,0.9496439471007124,1.1135413134395862,0.844252232142856,0.9417366946778696,1.1154684095860563,24.62,12.36,6.0,25.0,10.980182110337422,19.22870915907873,13.497589716122116,25.816818425281184,26.03106588109265,27.370112479914297,13.765399035886428,18.37171933583288
643c9ee67bb07cf12ad204de,2015-08-26,65.77,60.19,70.41,59.77,835325.0,768954544.0,16.18,-8.484111296943897,-5.58,3.62,750.0,634102144.0,0.0,-0.1214882308276377,0.4912759939206049,0.4504573543155327,0.5086616749467283,0.4612015062670787,0.7270616847225276,0.8633216289830339,1.1874118071735658,0.6889793322734495,0.8458997962195217,1.2277578681907282,0.7495121056926919,0.8838260214648842,1.179201796411361,0.6975866585400666,0.8415050508605814,1.2063089804809517,113.34,57.23,51.0,12.0,10.250872237913278,17.411530154510714,14.603754776540969,16.846652267818584,15.301545107160663,11.795979398571198,16.56421332447251,21.33244725037382
643c9f577bb07cf12ad5a22d,2015-08-27,26.93,28.11,28.28,24.87,578079.0,541301744.0,12.91,6.3966691900075645,1.69,2.91,601519.0,579074224.0,1.930355791067373,-8.025956284153013,0.4136219161111137,0.4310710397611265,0.4176594869516499,0.3962360296208905,0.7436943847806082,0.8946100822190848,1.2029270363295763,0.7947662729328981,0.9656475437993848,1.2150082064200955,0.7519054652880357,0.9127733397885912,1.2139469413737154,0.7274056741737345,0.8787985865724385,1.2081272084805668,46.01,23.99,40.0,3.0,9.64069726076129,1.814300960512272,-8.25329064389897,-10.992529348986125,-8.146567057986475,-0.4268943436499528,5.691924581999297,1.2095339736748478
643c9ea67bb07cf12acfb01b,2015-08-27,434.55,452.44,455.56,401.62,450623.0,2086227552.0,12.92,8.348100962689786,34.86,7.29,600570.0,2353125968.0,4.063891948848131,-3.660266926794664,0.4420430683991863,0.4581312011043637,0.442817185266494,0.4256465518185222,0.7740899230452544,0.9251551505732328,1.195152039873728,0.818019096674656,0.9798428794958296,1.1978239670430757,0.7802258446338103,0.9342185537412544,1.1973694029319404,0.7511455521405463,0.8943919562179544,1.1907039237191746,735.51,358.6,45.0,11.0,5.472548846255854,2.4931482627530865,-2.7782689417381268,-5.77977190345681,-13.909026611263377,-8.009901865440728,1.0321810626823469,-3.304305543276453
643c9f817bb07cf12ad6df3a,2015-08-27,14.86,15.11,15.36,13.75,233290.0,168543579.0,11.17,4.857737682165153,0.7,6.52,409.0,226396050.0,3.1228313671061603,-5.65079365079365,0.4467296406902962,0.4534960152198014,0.4459288264424734,0.4271666431313146,0.7570902915369375,0.8977495846548845,1.1857893235328647,0.7888966237382538,0.9465935787000788,1.199895588619159,0.751549418288571,0.8978518193774663,1.1946677058470156,0.743466506458395,0.8805635606788331,1.184402462020137,21.9,12.36,46.0,11.0,10.19192587690272,1.786896095301138,-9.463931171409657,-15.751158173395098,-12.442091330244864,-4.367968232958308,1.6545334215751106,-2.382528127068162
643c9f6a7bb07cf12ad62cfb,2015-08-27,84.54,85.93,87.89,78.45,82833.0,170194886.0,11.54,5.061743489424142,4.14,4.21,681.0,176597843.0,3.3622692260667497,-4.463781218216734,0.4571935532890553,0.4657955415465125,0.4563845053909443,0.4442500149761134,0.7336843323304794,0.9029157321371356,1.230659688846167,0.7669962610705037,0.94574069997799,1.233044733044736,0.7370024597495529,0.9056156620298826,1.2287824145629411,0.7210477941176475,0.8815597258118872,1.222609281941788,191.44,67.89,50.0,3.0,9.414639823111814,-2.816245781450022,-13.801931804957537,-11.951588502269296,-9.845222855812874,-0.0465495170487662,7.843593622716161,5.201908530198995
643c9e937bb07cf12acf1c7a,2015-08-27,22.41,24.46,24.54,20.63,126632.0,84162213.0,18.63,16.53168175321582,3.47,3.61,600727.0,105901163.0,6.765126250595532,-6.508135168961193,0.4695591189305254,0.5090802134254371,0.4838320192011573,0.4558050444350705,0.6444799488736218,0.8765890866418935,1.36014950996371,0.7189183893406479,0.9983673469387752,1.3887074829931982,0.658104886769964,0.8981608564370006,1.3647685566433827,0.6455616981328876,0.8822837592216414,1.3666916140988663,48.38,18.15,57.0,11.0,16.271463614063777,5.519215044971371,-8.381030253475064,-16.516762060506952,-12.469337694194603,1.1856091578086536,9.89370400654128,5.519215044971371
643c9f577bb07cf12ad5a22e,2015-08-28,28.54,30.82,30.85,27.85,634267.0,638563472.0,10.67,9.64069726076129,2.71,3.19,601519.0,541301744.0,1.529704731412318,5.978462681024888,0.4405264876669828,0.4746613989020682,0.4577145722900501,0.4457367417177899,0.8257570886645671,1.000613550705583,1.2117529046269504,0.9096513954022238,1.0748975499171716,1.1816587709865274,0.8544654397734968,1.0290193462308217,1.2042843377066204,0.8559281518918174,1.026917404129794,1.1997705670272056,46.01,23.99,39.0,2.0,-7.138221933809207,-16.320571057754705,-18.818948734587934,-16.223231667748216,-9.1823491239455,-3.601557430240099,-7.689811810512658,-5.191434133679429
643c9ea67bb07cf12acfb01c,2015-08-28,456.66,477.2,486.19,439.32,532147.0,2631178528.0,10.36,5.472548846255854,24.76,8.61,600570.0,2086227552.0,0.9327203607108148,5.088022091819133,0.4655477686028958,0.484354110356289,0.4736584458985892,0.4666780151427531,0.8498898849219888,1.0117422899680972,1.1904392650360405,0.8976730478621017,1.05435845315098,1.174546184339655,0.8647938764741097,1.0272722950880306,1.18788109286385,0.8589714623379338,1.0206715494659335,1.1882484974388876,735.51,358.6,44.0,10.0,-2.82481139983235,-7.822715842414074,-10.668482816429158,-18.375943000838223,-12.782900251466888,-4.209974853310971,-8.321458507963108,-7.573344509639557
643c9f817bb07cf12ad6df3b,2015-08-28,15.54,16.65,16.79,15.02,302846.0,231974658.0,11.71,10.19192587690272,1.54,8.47,409.0,168543579.0,2.8457974851092027,4.576043068640634,0.4683345994346133,0.5008838468595465,0.4885485352609882,0.4678730212669557,0.8288000000000001,0.9972725814214648,1.203272902294238,0.9068078668683824,1.068163592622294,1.177938162701594,0.8546462304168301,1.0206686930091189,1.1942586963863582,0.8508843708692628,1.012641159615707,1.1901043129763842,21.9,12.36,45.0,10.0,-7.62762762762762,-17.83783783783783,-23.54354354354353,-20.54054054054053,-13.213213213213216,-7.747747747747747,-11.411411411411398,-9.669669669669666
643c9f6a7bb07cf12ad62cfc,2015-08-28,87.7,94.02,95.09,86.03,101302.0,217315822.0,10.54,9.414639823111814,8.09,5.15,681.0,170194886.0,2.059816129407644,3.737875561864201,0.4752240158818507,0.5104802537230113,0.4947344206185744,0.4881759671949099,0.8038906146560068,0.9941901657928298,1.236723190527923,0.8817865405056162,1.0627931950488914,1.2052726439206998,0.8374776150074863,1.0268066841238574,1.2260706026329775,0.8368948409481507,1.016933124501313,1.2151265305318286,191.44,67.89,49.0,2.0,-11.178472665390338,-21.21888959795789,-19.527760051052965,-17.602637736651772,-8.64709636247607,-1.4358647096362365,-3.850244628802368,-4.44586258242926
643c9f817bb07cf12ad6df3f,2015-09-07,13.07,13.23,13.84,12.95,180536.0,120498846.0,6.99,3.927729772191668,0.5,5.05,409.0,138320952.0,2.670856245090336,1.7912772585669812,0.3986785251513824,0.4031890832707874,0.4074500310215202,0.4086856958050349,0.8438307030129126,0.9068516912402412,1.074684398188299,0.8786157024793404,0.9618320610687032,1.0947130336443305,0.8574378743030202,0.9218984179850128,1.075178092330468,0.8860422685114778,0.9581945985941528,1.0814321535742175,21.9,12.36,41.0,6.0,9.221466364323504,16.099773242630366,11.489040060468623,13.681027966742242,2.569916855631149,-7.4074074074074066,3.2501889644746877,2.3431594860166216
643c9f577bb07cf12ad5a232,2015-09-07,25.76,25.82,27.13,25.42,457101.0,416046320.0,6.83,3.1974420463629194,0.8,2.3,601519.0,410805104.0,2.9576338928857027,7.37807419758234,0.4059826221056921,0.406753401632888,0.4112279602893737,0.4157221364718858,0.8992669019820805,0.9465368363035094,1.052564966215526,0.9202803849352506,0.9812826603325452,1.0662866191607316,0.910368740911972,0.9567133915189996,1.0509075592386896,0.9369317716438684,0.9859400756326973,1.052307228201732,46.01,24.13,35.0,6.0,8.404337722695576,15.065840433772282,10.185902401239357,13.168086754453912,1.975213013168076,-8.094500387296666,1.0069713400464586,-1.6653756777691653
643c9dcb7bb07cf12ac99518,2015-09-07,41.1,41.74,43.09,40.85,161192.0,147479225.0,5.67,5.670886075949366,2.24,4.08,600556.0,197455754.0,4.0506329113924044,4.84693877551019,0.431751549473322,0.4370956756387188,0.4344448545862232,0.4459848416493724,0.8394226841555873,0.9511136823835707,1.1330569215440474,0.8684977111943412,0.984666194857279,1.13375796178344,0.8422229943969088,0.9364337715962197,1.1118596592898444,0.8805988023952122,0.9791466922339392,1.1119100884201507,125.92,39.95,59.0,6.0,10.87685673215142,19.717297556300892,15.524676569238128,18.878773358888346,6.0852898897939545,-5.366554863440354,5.031145184475316,3.5936751317680926
643c9f6a7bb07cf12ad62d01,2015-09-08,78.21,85.89,86.12,76.73,92166.0,182912344.0,12.12,10.868723376791012,8.42,4.69,681.0,135391159.0,0.9552084677939776,3.630581688087986,0.4296162222013385,0.4731173641937846,0.4542772295528774,0.4416556264612916,0.943248820754717,1.0387143900657414,1.1012093174255335,1.030048237081256,1.0973202593503488,1.065309584393557,0.9818098905553306,1.055295162822046,1.0748467427081536,0.9705150727285514,1.059623683756255,1.0918157930068817,191.44,73.47,44.0,5.0,7.893817673768777,5.250902316916983,4.59890557690068,-5.69332867621376,-16.3581324950518,-6.717894981953654,-2.223774595412731,2.4333449761322568
643c9ea67bb07cf12acfb022,2015-09-09,419.96,457.11,457.11,416.02,631627.0,3001594896.0,9.87,9.829408938010587,40.91,10.22,600570.0,2221825520.0,0.9034118212397856,10.46927609427608,0.4355195663930626,0.4716176608270308,0.4524287829472196,0.4498035554897098,0.97940463110761,1.0522807852766891,1.074408627297038,1.0441811001238614,1.0824872270012031,1.0366853286970985,0.9990771748923558,1.0352570817078786,1.036213325381416,1.0131782610107491,1.06498393641123,1.0511318465802844,735.51,358.6,38.0,4.0,-4.292183500689117,-3.51118986677168,-13.00124696462558,-21.550611450197977,-13.865371573581854,-15.530178731596331,-12.299008991271254,-6.440462908271528
643c9f817bb07cf12ad6df41,2015-09-09,14.45,15.36,15.93,14.2,266743.0,198389935.0,11.97,6.297577854671288,0.91,7.46,409.0,129467342.0,0.0,9.469696969696972,0.4436327929747465,0.4708338188874644,0.4716488980348878,0.4510989991913721,0.98934956257132,1.0791635548917082,1.0907808480623993,1.0552671755725214,1.1016675632060258,1.0439702747395043,1.027520963233711,1.0834892025165792,1.054469194581423,1.027248613455508,1.0821108782625242,1.0534069981583791,21.9,12.36,39.0,4.0,-3.971354166666663,-2.083333333333337,-11.653645833333323,-20.247395833333325,-11.067708333333323,-11.848958333333336,-8.3984375,-4.166666666666663
643c9f6a7bb07cf12ad62d02,2015-09-09,89.84,92.67,93.93,87.93,97682.0,215732574.0,6.99,7.893817673768777,6.78,4.97,681.0,182912344.0,4.59890557690068,14.870221199335145,0.4948066566922179,0.511725388686161,0.4968049044356292,0.5074966384017352,1.0868326254099685,1.153977072027231,1.061779932850226,1.110544466784729,1.1175495191293097,1.006307763942908,1.070915517044807,1.106686303387336,1.0334020618556714,1.1187655507803678,1.1588415538203,1.0358216276966858,191.44,73.47,43.0,4.0,-2.449552174382208,-3.0538469839214377,-12.59307219164778,-22.47760871911082,-13.542678320923706,-9.377360526599766,-5.060969029891005,5.622099924463142
643c9f817bb07cf12ad6df43,2015-09-11,14.77,15.04,15.25,14.59,142059.0,104082667.0,4.47,1.9661016949152452,0.29,3.97,409.0,138289209.0,0.1355932203389809,-1.7952127659574435,0.4560293749904315,0.4636405094379519,0.4539762438985985,0.4661588022497428,1.0174512055109075,1.0281935259310808,1.0105580693815968,1.031157157004649,1.0093959731543634,0.978896346010439,0.9934853420195418,0.9949437285923995,1.0014679497634995,1.045878136200715,1.0334690986364423,0.9881352930759696,21.9,12.36,37.0,2.0,-9.77393617021276,-18.550531914893607,-9.17553191489361,-9.973404255319153,-6.44946808510638,-2.127659574468077,-2.5265957446808485,-5.3856382978723305
643c9ea67bb07cf12acfb024,2015-09-11,439.04,441.06,450.97,428.04,315115.0,1484307296.0,5.24,0.8160186518548995,3.57,5.1,600570.0,1903777440.0,0.3542938124299954,-1.6443389040727618,0.4577652468237939,0.4577571262379552,0.4488448125491114,0.4654369345069354,1.023952235464235,1.0418975521197962,1.0175255407762505,1.005341336473807,1.0070667747422752,1.0017162710871117,0.99340379080104,1.0134043437714204,1.020133356803735,1.0298748065155157,1.0406496158708571,1.0104622516126955,735.51,358.6,36.0,2.0,-9.835396544687791,-18.695869042760616,-10.73096630843876,-12.45635514442479,-9.107604407563596,-3.0358681358545248,-3.2444565365256417,-1.3921008479571897
643c9f577bb07cf12ad5a236,2015-09-11,28.51,29.22,29.45,28.31,439915.0,441841872.0,4.01,2.706502636203867,0.77,2.21,601519.0,427900864.0,0.2108963093145899,-1.1785095320623884,0.4600073340667398,0.4708371841549456,0.4568057122346424,0.4736974567962354,1.0332205846822913,1.0279430322696956,0.994892133886184,1.0458956411072229,1.013088324521109,0.9686323230572194,1.0146231290433718,1.0072680632749047,0.9927509381977112,1.0606085834408678,1.036521739130435,0.9772896008136298,46.01,24.13,31.0,2.0,-9.890485968514716,-18.78850102669404,-10.7460643394935,-13.10746064339493,-4.483230663928817,1.88227241615333,-0.479123887748123,-1.2662559890485925
643c9f817bb07cf12ad6df44,2015-09-14,15.11,13.57,15.81,13.45,315162.0,231399210.0,15.69,-9.77393617021276,-1.47,8.81,409.0,104082667.0,0.465425531914887,2.3019634394041866,0.4679072124317328,0.4197318472884366,0.4719356414393343,0.4312165316672366,1.044309629857165,1.0180225703217096,0.9748282896337452,0.9527264217177648,0.9243869209809272,0.9702543142597626,1.037325945906537,1.0116781314989605,0.9752750671003776,0.9763671559929004,0.9451862262825,0.968064339814164,21.9,12.36,36.0,1.0,-9.72733971997053,0.6632277081798144,-0.2210759027266085,3.684598378776705,8.47457627118644,8.032424465733223,4.8636698599852535,9.358879882092852
643c9f577bb07cf12ad5a237,2015-09-14,29.34,26.33,29.36,26.33,446497.0,426987984.0,10.37,-9.890485968514716,-2.89,2.25,601519.0,441841872.0,0.4106776180698102,2.911259207295669,0.4760457844120594,0.4268314902989494,0.457945166101415,0.443175353010974,1.0598860078670636,1.0242625240006984,0.9663893252652191,0.9595869609232642,0.9262158121537272,0.965223424110068,1.0173250173250177,0.9950012708633408,0.9780564263322892,0.992710820661052,0.9530359243507376,0.9600337827647586,46.01,24.13,30.0,1.0,-9.874667679453086,-0.9494872768704864,-3.5700721610330333,6.000759589821514,13.064944929737957,10.444360045575385,9.57083175085456,12.077478161792657
643c9f6a7bb07cf12ad62d05,2015-09-14,90.07,81.0,94.02,79.75,96556.0,204365415.0,15.88,-9.83971504897596,-8.84,4.91,681.0,150588659.0,0.2560106856633881,0.5133355652270799,0.4997672775230431,0.4510375105269693,0.5009979073011934,0.4639004025702194,1.0781661479530764,1.0050492370351771,0.9321840042402432,0.9713394891473792,0.915486988217345,0.9424995055240056,1.0641765704584043,0.9998404849258268,0.9395437868878618,1.0005436600869868,0.9267867518884352,0.9262831687003652,191.44,73.47,40.0,1.0,-11.308641975308642,-1.0864197530864097,3.6790123456790234,8.617283950617294,20.839506172839496,29.56790123456789,27.03703703703704,32.77777777777777
643c9ea67bb07cf12acfb027,2015-09-16,358.6,393.73,393.73,357.68,354536.0,1418685296.0,10.05,9.796430563301728,35.13,5.74,600570.0,1159591760.0,0.0,-4.378433150231976,0.3784372093785893,0.4138780270175579,0.3965880560735216,0.3938899803661506,0.8837591390782881,0.8914078327553857,1.0086547265413004,0.9531695927825772,0.9898495980692252,1.0384821395524888,0.9114964348550776,0.9434048161015952,1.035006589193726,0.9091427716100472,0.927833981841766,1.0205591583801714,735.51,386.67,33.0,1.0,-1.9327965864932903,1.8185050669240252,8.620120387067276,8.386457724836816,10.461483757905166,10.436085642445311,2.7963325121276084,7.2689406446041716
643c9e937bb07cf12acf1c86,2015-09-16,18.15,21.91,22.05,18.15,91789.0,57325056.0,21.92,23.15907813378304,4.12,2.62,600727.0,54047568.0,2.023608768971319,-10.502958579881671,0.3806779279084075,0.4568720983535364,0.434378775100859,0.4024043667786208,0.7949678800856524,0.7949195226103143,0.9999391705293388,0.95178105994787,0.9969286770560798,1.04743487657832,0.8734595070422533,0.8928932982385078,1.0222492182403076,0.8470313715322775,0.8767057118705481,1.0350333427256535,50.44,20.56,51.0,2.0,-5.842081241442266,-3.560018256503883,10.999543587403004,33.36376083979917,40.48379735280694,34.64171611136466,17.16111364673665,21.04062072113191
643c9f817bb07cf12ad6df46,2015-09-16,12.36,13.66,13.66,12.27,174805.0,112313513.0,11.35,11.510204081632658,1.41,4.89,409.0,126129538.0,0.897959183673458,-5.432287681713854,0.3856026814490141,0.4257742767277775,0.41069130194952,0.3965019949685134,0.8977483657493345,0.8938709094196333,0.9956809096205208,0.9832053742802328,1.0022010271460022,1.0193201271704555,0.9279891304347804,0.9396388650042996,1.012553740326744,0.9238684848991868,0.9373567608861708,1.0145997793056616,21.9,13.68,34.0,2.0,-0.8784773060029338,3.001464128843345,7.759882869692536,7.320644216691075,4.172767203513916,8.638360175695459,5.636896046852113,7.101024890190333
643c9f577bb07cf12ad5a239,2015-09-16,24.13,26.08,26.08,23.76,401633.0,344908432.0,9.78,9.903076274757684,2.35,2.02,601519.0,326820912.0,1.685630004214067,-4.321966693100709,0.3968825526801562,0.4281030101840786,0.412070341115497,0.4050454572991617,0.9072186481744514,0.9003731343283585,0.9924543946932002,0.9685166082112652,0.9901290812452578,1.0223150257318852,0.9295841584158416,0.942537043729672,1.0139340641689765,0.9212079438245802,0.9305786742387157,1.0101722205903163,46.01,25.79,28.0,1.0,-2.6457055214723857,7.0168711656441785,14.148773006134974,11.503067484662589,10.621165644171793,13.15184049079756,6.326687116564433,10.506134969325151
643c9f6a7bb07cf12ad62d07,2015-09-16,73.47,80.12,80.12,72.68,55185.0,103222520.0,10.36,11.52561247216035,8.28,2.81,681.0,107006829.0,2.2689309576837458,-2.714512711864403,0.4107866101014312,0.4496747523999299,0.4301023556756578,0.4260959727121211,0.9069997119460106,0.8941491465603798,0.9858317866958752,0.968035548872987,0.992812887236681,1.0255954839597992,0.9228642733730084,0.9248528223479178,1.00215475778214,0.9288047028086228,0.9322729604925584,1.0037341086597082,191.44,82.4,38.0,0.0,4.817773339990006,9.810284573140285,22.166749875187207,30.991013479780328,28.432351472790817,34.236145781327984,27.22166749875188,35.9835247129306
643c9ea67bb07cf12acfb028,2015-09-17,402.54,386.12,415.38,384.47,363596.0,1566268640.0,7.85,-1.9327965864932903,-7.61,5.89,600570.0,1418685296.0,2.2375739720112757,12.2532069157836,0.4264975294015663,0.4076666301353034,0.4200895510487031,0.4250132037585006,0.9934435130265962,1.0238579713093916,1.0306151863533093,0.9449571719918431,1.0054357378607293,1.0640013829848027,0.9723542217748526,1.0169603564674004,1.0458743672764923,0.980587916899282,1.026327556175466,1.0466451181866665,735.51,386.67,32.0,0.0,3.82523567802755,10.760903346110018,10.522635450119132,12.63855796125557,12.612659276908731,4.82233502538072,9.383093338858384,5.319589764839949
643c9f577bb07cf12ad5a23a,2015-09-17,26.16,25.39,27.51,25.25,548253.0,501621280.0,8.67,-2.6457055214723857,-0.69,2.76,601519.0,344908432.0,0.3067484662576669,8.412764193949451,0.4328123312189696,0.419357216470219,0.4371770793659131,0.4331089289688599,0.9747050300144908,0.9979971387696714,1.0238965718221793,0.9414551746868826,1.0002954791687222,1.062499316020446,0.9793133454631756,1.0119551223100989,1.033331289722683,0.9722341062719252,1.0194811749268196,1.048596390879626,46.01,25.79,27.0,0.0,9.925167388735725,17.25088617565971,14.533280819220163,13.627412367073656,16.226860968885394,9.21622686096888,13.509255612445848,9.019298936589216
643c9f817bb07cf12ad6df47,2015-09-17,13.95,13.54,14.7,13.52,247962.0,173303728.0,8.64,-0.8784773060029338,-0.12,6.93,409.0,112313513.0,2.1229868228404003,12.86407766990292,0.4368151916816333,0.4236151332119807,0.4435008315484753,0.438549178350267,1.0042393217085268,1.024041108460266,1.0197181949797087,0.9682955899880832,1.0215013202565075,1.054947818433294,0.9966101694915228,1.0208333333333337,1.0243055555555585,1.0080357882528357,1.0543965685318757,1.0459912046966051,21.9,13.68,33.0,1.0,3.9143279172821455,8.714918759231916,8.271787296898081,5.096011816839008,9.60118168389956,6.573116691285086,8.050221565731185,4.209748892171339
643c9f6a7bb07cf12ad62d08,2015-09-17,82.4,83.98,87.98,81.42,100735.0,208221134.0,8.19,4.817773339990006,3.86,5.12,681.0,103222520.0,2.845731402895657,12.154620933714444,0.4624948858560163,0.4731772122368066,0.4740637361668434,0.4792475500867112,0.997390859940286,1.025321968518634,1.0280041753942086,1.0034651690763523,1.0598851517637429,1.0562251530258124,1.0003031910861824,1.0300901533778262,1.029777933887524,1.017594534168392,1.065532471781447,1.0471090753766985,191.44,83.79,37.0,0.0,4.763038818766363,16.55155989521313,24.970231007382715,22.529173612764943,28.06620623958085,21.37413669921411,29.73326982614908,31.066920695403645
643c9ea67bb07cf12acfb029,2015-09-18,386.67,400.89,404.92,384.37,223881.0,945256448.0,5.32,3.82523567802755,14.77,3.62,600570.0,1566268640.0,0.142442763907602,-3.942465345058877,0.4115028358006141,0.4250988154242765,0.4112197506393819,0.4267875309041433,0.9547800321000864,1.01566162999153,1.0637650514721506,0.978077356812909,1.041719178349164,1.0650682904505977,0.954312274959082,1.0124392103914308,1.0609097639814402,0.980513480419946,1.0352564102564126,1.0558308793602926,735.51,392.35,31.0,0.0,6.680136695851746,6.450647309735835,8.488612836438936,8.463668337948071,0.9603631918980282,5.353089376138098,1.4392975629225149,1.7386315448127965
643c9f577bb07cf12ad5a23b,2015-09-18,25.79,27.91,27.91,25.33,822679.0,773739648.0,10.16,9.925167388735725,2.52,4.14,601519.0,501621280.0,1.5754233950374008,-1.414373088685017,0.4293720245466301,0.4638963829074106,0.4463534232090932,0.4372699465277264,0.960799735077408,1.0183613030602177,1.0599100581331575,1.0260610269188355,1.0827271845601822,1.0552268882207814,0.9904968454258678,1.0405443191350556,1.0505276457368926,0.9756901348170332,1.0331395941674315,1.0588808447480835,46.01,27.42,26.0,0.0,6.664278036546034,4.192045861698301,3.3679684700824053,5.732712289501984,-0.644930132568966,3.260480114654252,-0.8240773916159072,-0.8240773916159072
643c9f817bb07cf12ad6df48,2015-09-18,13.77,14.07,14.27,13.48,157631.0,107773120.0,5.83,3.9143279172821455,0.53,4.41,409.0,173303728.0,1.6986706056129952,-1.2903225806451646,0.4327703044927159,0.4417525104439658,0.4320044634815155,0.4389048099562734,0.9857620108176904,1.036312323612416,1.0512804431901306,0.9995264030310228,1.0515695067264583,1.0520677628300932,0.9643339840816916,1.0181947912950415,1.0558528560669156,1.0006598482349045,1.0506625097427884,1.049969689096735,21.9,13.68,32.0,0.0,4.619758351101644,4.193319118692251,1.1371712864250094,5.472636815920384,2.558635394456288,3.9800995024875663,0.2842928216062468,1.1371712864250094
643c9e937bb07cf12acf1c88,2015-09-18,21.06,21.13,22.05,20.21,69891.0,44816227.0,8.92,2.423654871546299,0.5,1.99,600727.0,80179917.0,2.0843431895298137,0.6692160611854625,0.4428560256510515,0.4416661052406099,0.4352233985286198,0.4491622553899613,0.9230094959824682,1.0476308916801391,1.1350163744144603,0.9182077157066276,1.0375644488092313,1.1299888152331086,0.8825491416881612,0.980217826183594,1.1106665678792795,0.936949466852108,1.0586694604504991,1.129910948140391,50.44,20.56,49.0,0.0,15.09701845716991,38.28679602460956,45.66966398485566,39.61192617132041,21.48603880738289,25.508755324183618,22.479886417416004,28.53762423095125
643c9dfb7bb07cf12acb1966,2015-09-18,31.52,31.42,31.99,30.04,398576.0,324594560.0,6.24,0.6083893691962938,0.19,3.04,600094.0,558074944.0,0.9285943003522146,-0.7244094488188968,0.4617219174815167,0.4573502503996892,0.4510022557161903,0.4577405636438508,0.950479126181062,1.0241247664690103,1.0774826487603677,0.9361406296553768,1.0060838936919627,1.074714483936387,0.9107041184285444,0.980311039607754,1.0764319824306043,0.9470365699873896,1.0168401455530138,1.0737073707370706,52.71,30.42,44.0,0.0,5.283259070655633,8.020369191597698,1.5276893698281224,9.388924252068742,1.5276893698281224,4.23297262889879,-2.737110120942088,-4.392106938255891
643c9ea67bb07cf12acfb02b,2015-09-22,429.14,426.75,440.6,415.47,332555.0,1532162368.0,5.88,-0.2151191339116676,-0.92,5.38,600570.0,1455782352.0,0.343722963967541,9.376831910284178,0.460964125078853,0.4568881147374538,0.4516503920339228,0.4658454488490697,1.0534719684034235,1.065722977587385,1.0116291743410395,1.0465287371355243,1.039946875590188,0.9937107684559604,1.0396249862358606,1.0411214622014564,1.001439438244952,1.052595576499203,1.055765199161428,1.0030112445206796,735.51,405.29,29.0,3.0,1.9144698301113203,1.8910369068541264,-5.157586408904513,-1.0310486233157556,-4.707674282366714,-4.426479203280609,2.106619800820164,3.997656707674291
643c9dfb7bb07cf12acb1968,2015-09-22,33.18,33.94,35.32,32.28,709178.0,615866192.0,9.19,2.5997581620314403,0.86,5.4,600094.0,429078448.0,0.3022974607013395,9.072978303747536,0.486497294127056,0.4942181123692322,0.4981315927501606,0.492279072581255,1.0105241785387964,1.046110191534641,1.0352153998406066,1.0311930322057918,1.0469653736407802,1.0152952366263088,1.019270850033668,1.0421184627867537,1.0224156442346315,1.02755278887985,1.045929526123934,1.017883983619096,52.71,30.85,42.0,5.0,-6.010606953447262,1.2669416617560492,-6.010606953447262,-3.5061873895108957,-9.958750736593991,-11.490866234531527,-6.865055981143186,-2.533883323512076
643c9f817bb07cf12ad6df4c,2015-09-24,14.27,14.84,15.09,14.25,236870.0,169789448.0,5.9,4.28671820098383,0.61,6.62,409.0,126682090.0,0.2810962754743462,0.140350877192974,0.4567390482035116,0.4749880303354943,0.4655970379512494,0.4725383744734732,1.026290554578872,1.0035161744022487,0.9778090326613516,1.0638840210291565,1.01556886227545,0.95458606596331,1.0340338053905866,1.01496552883807,0.9815593296339922,1.0619359112362323,1.017857142857141,0.9584920634920632,22.65,14.18,59.0,2.0,-2.7628032345013542,-1.4150943396226356,-4.919137466307277,-4.110512129380051,0.0,3.167115902964968,14.083557951482485,12.803234501347704
643c9dfb7bb07cf12acb196a,2015-09-24,32.09,34.37,35.51,32.09,625766.0,552259456.0,10.72,7.742946708463938,2.47,4.77,600094.0,385764400.0,0.5956112852664619,-1.5946028825513547,0.4708211168586138,0.5008973049536052,0.5011798408760336,0.4897889420360055,0.9997922941115374,1.0004676539360864,1.0006755001299037,1.0647093243382777,1.0314352164453446,0.9687481764906934,1.0441387872451648,1.032117424792909,0.9884868155468368,1.0450121214314143,1.0197013028280877,0.9757794018995136,52.71,30.85,40.0,3.0,-7.186499854524286,-4.713412860052369,-11.085248763456502,-12.59819610125109,-8.030258946755886,-3.753273203375029,3.9860343322665193,8.553971486761736
643c9ea67bb07cf12acfb02d,2015-09-24,437.21,434.82,452.9,430.24,317349.0,1497051760.0,5.21,-0.0229927342959679,-0.1,5.14,600570.0,1602475872.0,0.5265336153775335,3.093682944657972,0.474589321760221,0.4704165779641606,0.469182051889484,0.4875148570223471,1.0803904340902226,1.0392502926687237,0.961921042501508,1.0688848950338423,1.0087694877505575,0.943758764332261,1.069393430580332,1.021845933429977,0.9555378817648504,1.0957868284621142,1.0424500872262088,0.9513256229674152,735.51,405.29,27.0,1.0,-6.917805068764082,-2.86785336461064,-6.476243043098284,-6.200266777057173,0.2115818039648553,2.0675221930913867,12.110758474771169,19.684007175382924
643c9dc77bb07cf12ac97534,2015-09-24,35.28,36.37,36.8,35.23,389570.0,312421600.0,4.48,3.884604398743208,1.36,3.27,600433.0,259339776.0,0.7712082262210984,0.3984063745019917,0.4964535542956827,0.5127160457868523,0.5035452170667991,0.5105314025861731,1.0123708710623656,1.0001417434443671,0.9879203086857236,1.0424854294722792,1.0055294442908498,0.9645501182686678,1.007851013328465,0.9975603144483622,0.9897894641727676,1.0463665764635988,1.013448399856166,0.9685404930280876,57.81,38.6,42.0,0.0,9.733296673082204,20.4014297497938,13.912565301072322,8.028594995875737,14.874896893043733,13.445147099257635,24.49821281275777,24.49821281275777
643c9f577bb07cf12ad5a23f,2015-09-24,29.16,29.51,30.79,29.05,678754.0,702144224.0,6.03,2.287694974003473,0.66,3.41,601519.0,537783904.0,1.074523396880411,4.068522483940051,0.4982405205573847,0.5037065145784871,0.5054272252573199,0.5147978476923032,1.0739013012521492,1.0254967469667668,0.9549264404196702,1.076788972227854,1.0070813070557152,0.9352633923916264,1.0790887850467292,1.0250520183104463,0.9499237064780144,1.1021414720512597,1.0299592270873963,0.9345072780633864,46.01,27.79,22.0,1.0,-6.031853608946125,-2.3381904439173207,-6.201287699085068,-6.201287699085068,-0.3049813622500896,0.5760759064723731,10.572687224669597,16.773974923754654
643c9f817bb07cf12ad6df4d,2015-09-25,14.84,14.43,15.77,14.23,315032.0,232297064.0,10.38,-2.7628032345013542,-0.41,8.81,409.0,169789448.0,0.0,3.994393833216536,0.4773365871034803,0.4642486798653542,0.4889696932424154,0.4743777654105346,1.069592376071114,1.02274293590627,0.9561987901064384,1.0274525316455718,0.9924346629986254,0.9659177747210748,1.080959634424978,1.0447167936402788,0.96647160575614,1.0536404771698873,1.0052984811020822,0.954119078456768,24.4,14.18,59.0,1.0,1.3860013860014009,-2.217602217602221,-1.386001386001379,2.84130284130284,6.098406098406106,17.32501732501732,16.008316008316005,15.246015246015231
643c9ea67bb07cf12acfb02f,2015-09-28,405.29,422.35,424.55,398.87,191751.0,850930016.0,6.34,4.350941345061021,17.61,3.1,600570.0,1237737424.0,0.1358897069723807,-6.653922336358187,0.4442197684499649,0.4615052079274247,0.4441467454819121,0.4563557798328047,0.9938802257177658,0.9531917896011816,0.9590610266069036,1.0185316680912873,0.9956212466776294,0.9775064221060582,0.993014244392292,0.964168715331204,0.9709515455352394,1.0036457270345769,0.9698907605424912,0.9663676478832628,735.51,410.06,25.0,1.0,-3.714928376938553,-3.4308038356813064,3.170356339528824,5.081093879483833,15.420859476737302,23.217710429738347,25.14975731028768,33.40357523381081
643c9f817bb07cf12ad6df4e,2015-09-28,14.43,14.63,14.75,13.77,147009.0,103861974.0,6.79,1.3860013860014009,0.2,4.11,409.0,232297064.0,0.0,-2.7628032345013542,0.4665784832451502,0.4729820717663718,0.4596778970846928,0.4614739069502072,1.028836251287333,0.9987887177712392,0.9707946395954684,1.0224413728839905,1.0067091002924489,0.9846130320928176,1.00098024430704,0.9815338545999006,0.9805726538383364,1.00535410075444,0.98234349919743,0.9771119434040778,26.55,14.18,59.0,0.0,-3.554340396445665,-2.734107997265889,1.4354066985645897,4.647983595352012,15.721120984278867,14.42241968557756,13.670539986329455,18.523581681476408
643c9f577bb07cf12ad5a241,2015-09-28,27.79,28.82,28.94,27.02,413076.0,401604368.0,6.92,3.930760908763076,1.09,2.08,601519.0,512430288.0,0.2163721601153856,-4.337349397590362,0.4820551269939342,0.4995802472673096,0.4824070897892101,0.4863203709185351,1.0139868645098524,0.9749166812839856,0.9614687481728348,1.024650391087936,1.0032199112348827,0.9790850810779476,1.0019619157530295,0.9755604247429642,0.9736502050677016,1.0065397350993366,0.969240426867546,0.9629430345061244,46.01,27.99,20.0,1.0,-3.955586398334488,-3.955586398334488,2.081887578070796,2.9840388619014613,13.219986120749482,19.569743233865378,15.995836224843863,26.19708535739069
643c9dcb7bb07cf12ac99527,2015-09-28,45.23,46.98,47.37,44.78,101053.0,101140247.0,5.77,4.679144385026723,2.1,2.56,600556.0,154846030.0,0.7798573975044354,-5.118523180197199,0.4979528072017506,0.5157414841931924,0.4996870292361769,0.5133603607103158,1.0035252933635763,0.9718521701761944,0.968438141622498,1.0237276645198792,1.0062111801242248,0.9828895076271388,0.9985010656486424,0.9740399938312864,0.9755022076000834,1.0198390606812118,0.9861806970214156,0.9669963968262664,140.97,45.63,54.0,0.0,-1.489995742869299,-1.170710940825881,4.129416773094952,5.512984248616437,14.623243933588782,17.39037888463175,12.409535972754382,21.519795657726704
643c9ea67bb07cf12acfb031,2015-09-30,410.06,407.86,413.91,400.61,119733.0,523667968.0,3.27,0.2950868047017163,1.2,1.94,600570.0,797999616.0,0.8360792799881889,-0.2893617021276551,0.4540681749359013,0.450385018444399,0.4376299406274058,0.4630122237272675,0.9893572531526122,0.9876323173448632,0.998256508655238,0.9745344682025994,0.9938048622998163,1.0197739482039654,0.9633057415265728,0.9800745871070874,1.0174076047277998,0.991947198714634,1.0018318109921185,1.0099648572931028,735.51,425.47,23.0,0.0,6.83567890942971,8.814299024174964,19.521404403471788,27.595253273181957,29.595939783258963,38.14299024174961,51.77021526994557,49.52189476781248
643c9dfb7bb07cf12acb196e,2015-09-30,30.85,30.04,30.99,29.61,442106.0,352701216.0,4.52,-1.7015706806282729,-0.52,2.44,600094.0,283633824.0,0.9489528795811664,-2.125634517766495,0.4547819200779726,0.4405674419055653,0.4400831392947012,0.4544683085728203,0.965571205007824,0.9661003679636726,1.0005480310028965,0.9324044695820104,0.95936127744511,1.0289110667553794,0.9308791135438222,0.9534651180678416,1.0242630908733523,0.9649491255386174,0.984948024948022,1.0207253407253378,52.71,31.52,36.0,0.0,5.226364846870846,10.119840213049258,18.97470039946738,24.201065246338228,21.371504660452743,28.961384820239687,31.957390146471383,29.59387483355527
643c9f817bb07cf12ad6df50,2015-09-30,14.23,14.23,14.36,13.98,94854.0,66416957.0,2.69,0.850460666194186,0.12,2.65,409.0,81102788.0,0.850460666194186,0.3526093088857651,0.4647628045077269,0.4647452420989555,0.4520222582382275,0.4734221640093031,0.9979739733499576,0.986823855755893,0.9888272461087976,0.9857604679802976,0.9916376306620218,1.0059620596205952,0.9723873297720236,0.970762210579686,0.9983287326535624,1.0034293005821822,1.0001788588803415,0.9967606669448912,30.98,14.84,58.0,1.0,4.28671820098383,7.589599437807459,18.973998594518623,17.638791286015444,16.865776528460998,21.855235418130704,23.401264933239617,24.525650035137023
643c9f577bb07cf12ad5a243,2015-09-30,27.99,27.68,28.19,27.36,257483.0,247960766.0,3.0,0.0,0.0,1.3,601519.0,333298912.0,1.119942196531798,-1.025459688826036,0.4938854732961569,0.4885886380909729,0.4786514646553236,0.5007434252619384,0.9971105129829012,0.9898329060206882,0.9927013035491504,0.9692253822510992,0.9893664551872072,1.0207805875753366,0.9653007647528822,0.9824867125555472,1.0178037233888078,0.9966809681858646,1.0048664034523922,1.0082126934573925,46.01,28.82,18.0,0.0,6.286127167630062,7.225433526011571,17.882947976878615,24.494219653179197,20.773121387283243,31.394508670520228,44.43641618497109,44.61705202312138
643c9dfb7bb07cf12acb196f,2015-10-08,31.52,31.61,32.56,30.37,657028.0,543130640.0,7.29,5.226364846870846,1.57,3.62,600094.0,352701216.0,4.926764314247678,2.171799027552668,0.4656590605796806,0.4647360229013847,0.4634744585312145,0.4671755278778225,0.9865414710485126,1.0038216560509547,1.017515923566879,0.9804928485266232,1.0118437900128043,1.0319746763408746,0.9761817515573472,1.0155165692007806,1.040294563569418,0.9885352622061484,1.0102286902286872,1.0219450219450188,52.71,31.61,35.0,0.0,4.650427080037956,13.065485605820948,18.032268269534967,15.343245808288518,22.556153116102507,25.403353369186977,23.15722872508701,27.807655805124966
643c9ea67bb07cf12acfb032,2015-10-08,425.47,435.74,441.52,422.53,244646.0,1140223120.0,4.66,6.83567890942971,27.88,3.96,600570.0,523667968.0,4.317658019908799,3.757986636102051,0.4736855955216072,0.4840566106505686,0.4695193808423605,0.4911187047778522,1.0159695837666889,1.0301500541744613,1.013957573764363,1.0316058618812003,1.0420600139901124,1.0101338626458054,1.0179291900740053,1.0422794551592285,1.023921374220001,1.035353342844386,1.0423059845083646,1.0067152356362494,735.51,434.55,22.0,0.0,1.85202184789095,11.87405333455731,19.43131225042456,21.30398861706524,29.304172212787428,42.059485013999165,39.95501904805619,53.766007252031024
643c9f817bb07cf12ad6df51,2015-10-08,14.86,14.84,15.0,14.54,153195.0,111422612.0,3.23,4.28671820098383,0.61,4.28,409.0,66416957.0,4.427266338721014,4.427266338721014,0.4877867482692019,0.487130238513792,0.4744601871699689,0.4949404301408017,1.0333796940194715,1.0301559792027712,0.9968804159445388,1.021960364220677,1.026811970247363,1.0047473524380623,1.010176593834179,1.027397260273973,1.017047184170475,1.034875444839856,1.0345072927783687,0.9996442547136248,30.98,14.84,57.0,0.0,3.167115902964968,14.083557951482485,12.803234501347704,12.061994609164415,16.846361185983838,18.32884097035039,19.407008086253352,28.301886792452823
643c9dfb7bb07cf12acb1970,2015-10-09,31.61,33.08,33.42,31.23,999487.0,838510624.0,6.93,4.650427080037956,1.47,5.51,600094.0,543130640.0,0.0,0.2855329949238649,0.4682355274369043,0.4874124767111942,0.4768408242968529,0.4814808208094696,0.9852808755281562,1.0074900398406366,1.0225409473218234,1.0260899534723409,1.0561098252055234,1.0292565692038926,1.0030680984459417,1.0377270610153713,1.0345529507150382,1.012536474656868,1.0330797221303312,1.0202888962399357,52.71,33.18,34.0,0.0,8.041112454655398,12.787182587666267,10.217654171704972,17.110036275695293,19.830713422007264,17.68440145102781,22.128174123337363,7.61789600967353
643c9f817bb07cf12ad6df52,2015-10-09,14.84,15.31,15.68,14.77,236176.0,176100985.0,6.13,3.167115902964968,0.47,6.6,409.0,111422612.0,0.0,-0.1345895020188448,0.4896260808154075,0.5052033620045487,0.4984944903074601,0.5054070869036512,1.0228212589983157,1.0215109275511944,0.9987189047591712,1.0495886654479,1.0470165840314594,0.9975494386504804,1.049531459170011,1.0571380414630038,1.0072475981796756,1.041689522764672,1.032506116742396,0.9911841236552872,30.98,15.43,56.0,0.0,10.581319399085556,9.3403004572175,8.621815806662303,13.259307642064,14.696276943174391,15.74134552580011,24.36316133246244,10.842586544741994
643c9dfb7bb07cf12acb1971,2015-10-12,33.18,35.74,36.74,32.99,1237389.0,1109563136.0,11.34,8.041112454655398,2.66,6.83,600094.0,838510624.0,0.3022974607013395,4.96678266371402,0.4925403347004171,0.527512875122896,0.525146686543821,0.5096457316201256,1.0342176352427783,1.0437244416483162,1.0091922687078394,1.1017640006850478,1.0957308193454438,0.9945240710933988,1.097517259691981,1.099095056465486,1.001437605431324,1.066870283866331,1.0624798711755203,0.9958847736625486,52.71,35.55,33.0,0.0,4.392837157246787,2.01454952434248,8.393956351426969,10.912143256855057,8.925573587017332,13.038612199216558,-0.3917179630665957,6.127588136541684
643c9f667bb07cf12ad61166,2016-01-22,9.55,9.55,9.63,9.02,192282.0,135229944.0,6.47,1.2725344644750836,0.12,2.61,600707.0,142316105.0,1.2725344644750836,-2.251791197543485,0.4839918912353302,0.4817702361843623,0.4663382265836365,0.4760496541135621,0.9609794275491986,0.973992860785313,1.0135418437305186,0.957660167130921,0.9739928607853148,1.0170547906396956,0.9306345968001736,0.9525222551928776,1.0235190680294508,0.9419818983522896,0.952984680401477,1.0116804601749072,15.09,8.88,59.0,21.0,11.623036649214647,11.727748691099473,11.099476439790568,-1.5706806282722583,1.675392670157061,-6.073298429319374,-1.5706806282722583,-1.7801047120418856
643c9f667bb07cf12ad61167,2016-01-25,9.66,10.66,10.66,9.58,149143.0,112691114.0,11.31,11.623036649214647,1.11,2.03,600707.0,135229944.0,1.1518324607329822,1.1518324607329822,0.4920397046566256,0.5400247852226494,0.5185700386758549,0.5079244059434137,0.9785030951041118,0.9872253449156866,1.0089138704366047,1.0660000000000018,1.075681130171545,1.0090817356205846,1.029951690821258,1.04561059342815,1.015203531142714,1.0046609182008897,1.0129526830557736,1.0082532969130844,15.09,8.88,58.0,20.0,0.0938086303939877,-0.4690431519699833,-11.819887429643527,-8.91181988742964,-15.853658536585357,-11.819887429643527,-12.007504690431514,-9.099437148217635
643c9f4d7bb07cf12ad54f88,2016-01-27,58.83,56.5,59.76,51.38,1206703.0,433508528.0,14.36,-3.18711446196025,-1.86,2.62,600839.0,382385472.0,0.8053461274845741,-10.592705167173255,0.4838036166859356,0.4647095369966297,0.4724765067255259,0.437752296323419,0.9007502424252752,0.9217030276918268,1.0232614816845744,0.8790277969852013,0.9084331537904996,1.0334521353092017,0.8818639426781882,0.9081721819079812,1.029832537601998,0.8318103324219303,0.8623699227928858,1.036738652045806,68.13,49.29,44.0,7.0,-9.87610619469026,-2.053097345132737,-9.87610619469026,-4.123893805309731,-2.4778761061946875,-1.2389380530973493,-5.345132743362835,-4.530973451327435
643c9ea27bb07cf12acf90f3,2016-01-29,34.55,37.98,39.7,34.55,138635.0,45232011.0,14.91,9.92764109985529,3.43,1.27,600609.0,40196862.0,0.0,-13.58179089544772,0.4064468771875251,0.4430422702496356,0.4453850076491593,0.4223345156470515,0.7223332094406235,0.8160132262635812,1.1296908623313937,0.8145941566178914,0.9760986892829604,1.198263799651619,0.7900846914180832,0.895202660803878,1.1330464575856087,0.7803598765277183,0.9452157855139868,1.2112562600217347,88.32,37.41,58.0,1.0,-3.001579778830943,6.766719325961024,7.530279094260162,14.296998420221165,9.031068983675627,9.031068983675627,22.59083728278042,26.35597682991049
643c9f4d7bb07cf12ad54f8a,2016-01-29,51.38,55.34,58.83,50.45,1052591.0,374970560.0,16.46,8.680282796543604,4.42,2.28,600839.0,279781504.0,0.903377847604081,-7.155764365739071,0.4297019930716645,0.463119294988927,0.4739827930269213,0.4369481734922865,0.8207813415218603,0.8883509833585487,1.0823235597819554,0.8947775003143905,1.0010853835021734,1.1188092940987344,0.8996941376380633,0.9740469390289322,1.082642309514281,0.8498034811903415,0.9569423368740544,1.1260748609003588,68.13,49.29,42.0,5.0,-7.986989519335019,-2.114203108059276,-0.4336826888326706,0.8312251535959492,-3.361040838453211,-2.5298156848572617,7.137694253704363,9.233827249728945
643c9e557bb07cf12acd6dcf,2016-01-29,40.05,43.55,43.55,39.7,26640.0,110961489.0,9.72,9.94698308507953,3.94,8.24,603600.0,85438572.0,1.1108305983337452,-4.68824369347931,0.4695229827481637,0.5095084129246347,0.4932931675402228,0.4813437584232902,0.8425469250368152,0.9056475775905942,1.0748927456485844,0.9248684489959652,1.0154473914310649,1.0979371093623442,0.8912208099320129,0.9566697786808694,1.0734374332594965,0.8666650496034158,0.9590530257277452,1.106601709814658,58.72,38.65,49.0,16.0,-0.4592422502870175,2.388059701492562,3.008036739380038,6.796785304247988,2.594718714121713,1.010332950631465,11.067738231917335,12.422502870264074
643c9de57bb07cf12aca5b35,2016-01-29,27.58,29.29,29.98,27.11,61526.0,45962284.0,10.41,6.200145032632354,1.71,1.08,529.0,44626474.0,0.0,-8.645246770453808,0.4715855697229281,0.4990038480329696,0.4886972312931769,0.4842793850823563,0.7928325028746654,0.8743065462038366,1.1027632482696677,0.8604021150205634,0.9800903463275852,1.1391073187961205,0.8345034484891604,0.920478968375808,1.1030259611776363,0.8329293687911794,0.939688041594456,1.1281725399576368,45.93,28.12,44.0,1.0,-3.277569136223968,0.7169682485489881,1.2632297712529938,15.05633321952886,8.706043018094922,5.428473881870954,18.12905428473883,18.12905428473883
643c9ea27bb07cf12acf90f4,2016-02-01,38.27,36.84,39.12,35.41,85400.0,27953207.0,9.77,-3.001579778830943,-1.14,0.78,600609.0,45232011.0,0.7635597682991158,10.767004341534037,0.4513006884507139,0.4308963522615685,0.4399517435343592,0.4340128929263134,0.82476473264529,0.9835517861732214,1.1925240583683172,0.8267710645088885,0.982924226254002,1.1888711016245717,0.8108518919416866,0.9544955471513962,1.1771515324034538,0.8307872784150154,1.01643344097596,1.2234581190447718,90.03,37.41,59.0,0.0,10.070575461454911,10.857763300760048,17.833876221498347,12.404994571118324,12.404994571118324,26.38436482084689,30.266015200868623,28.718783930510305
643c9ea27bb07cf12acf90f5,2016-02-02,37.41,40.55,40.55,37.41,113193.0,37791835.0,8.52,10.070575461454911,3.71,1.04,600609.0,27953207.0,1.5472312703582958,-2.247191011235972,0.4423424770381324,0.4753414014121092,0.4570912468360746,0.4597115967595004,0.8419775932779822,0.9962053125624136,1.183173187167598,0.9409080361976936,1.0819103521878333,1.1498577018854514,0.8720846874402592,1.0105919003115258,1.1588231221876084,0.9116978066612508,1.0586487442518573,1.1611838226624225,90.03,38.27,58.0,3.0,0.715166461159078,7.05302096177558,2.120838471023423,2.120838471023423,14.82120838471024,18.34771886559805,16.942046855733683,18.34771886559805
643c9f667bb07cf12ad6116d,2016-02-02,8.97,9.4,9.47,8.94,183174.0,127205348.0,5.91,4.793756967670015,0.43,2.49,600707.0,158153738.0,0.0,-6.562499999999993,0.4704232799646329,0.4908679740367362,0.4742957192645516,0.4888380752684282,0.9097363083164334,0.9422268907563016,1.035714285714281,0.9570135746606347,1.0032017075773758,1.0482627771848687,0.9210071320510068,0.9599594526102372,1.042293180154302,0.9585418155825626,0.9925062447960012,1.0354334351003731,15.45,8.88,59.0,14.0,-0.2127659574468032,3.0851063829787195,4.78723404255319,2.765957446808498,14.68085106382977,15.42553191489362,21.063829787234045,17.34042553191488
643c9f4d7bb07cf12ad54f8e,2016-02-04,55.1,55.8,57.43,54.17,902213.0,326864000.0,5.92,1.2704174228675091,0.7,1.96,600839.0,278000288.0,0.0,3.942652329749108,0.4754796802702079,0.4804300089798669,0.4768892597782809,0.4829134669862243,0.970773055615373,1.0337226208902035,1.0648447800551355,0.9944554455445528,1.033381175054403,1.039142758666815,0.9627470337325612,1.0217497664902355,1.0612858110078214,1.0125023364000731,1.0578528535859035,1.0447905309009686,68.13,49.29,38.0,1.0,-4.157706093189962,-3.3333333333333326,6.254480286738362,8.333333333333348,7.508960573476719,16.25448028673837,17.508960573476706,13.76344086021506
643c9ea27bb07cf12acf90f7,2016-02-04,41.41,43.41,44.56,41.41,104827.0,36295084.0,7.71,6.292850146914764,2.57,0.96,600609.0,31333731.0,1.3956904995102717,7.418936446173796,0.4921844533832344,0.5115892878709389,0.5051193388188195,0.5115247502919726,0.9878339694656474,1.0642508352608593,1.077358005654076,1.0547216672965802,1.074239049740163,1.018504770546346,1.0079167609138198,1.0741879105646952,1.0657506177303682,1.0635523086581813,1.0861639344262295,1.0212604735883428,90.03,38.27,56.0,1.0,-4.6072333563695,-4.6072333563695,7.256392536281986,10.550564386086169,9.237502879520854,10.550564386086169,17.13890808569456,15.15779774245567
643c9f4d7bb07cf12ad54f8f,2016-02-05,55.8,53.48,56.03,53.24,638777.0,227455905.0,5.0,-4.157706093189962,-2.32,1.39,600839.0,326864000.0,0.0,1.2704174228675091,0.4841138274805841,0.463484650976235,0.4681331034430377,0.4773546918962107,1.0036773523063414,1.040074557315938,1.036263850056953,0.9811043845166006,0.9788149164950836,0.9976664378860716,0.96520241171404,0.9948066935949208,1.03067157885392,1.0217720439279223,1.016612564445296,0.994950459338472,71.38,49.29,59.0,0.0,0.86013462976815,10.86387434554974,13.032909498878098,12.172774869109949,21.29768137621541,22.6065818997756,18.698578908002997,23.03664921465969
643c9f4d7bb07cf12ad54f91,2016-02-16,54.17,59.29,61.62,54.17,1282645.0,480721888.0,13.81,9.91842788283277,5.35,2.78,600839.0,206047542.0,0.4263997033741251,9.90058835463583,0.476680746216122,0.5209790565270432,0.5221920521406246,0.4926807121826784,1.0174043698741646,1.0108229147228975,0.9935311314299928,1.0913162630890032,1.0658397375398885,0.9766552314752436,1.0832063752490335,1.075158124318428,0.9925699745547056,1.054255687224287,1.0286745157614916,0.9757353251466472,71.38,53.48,57.0,9.0,1.956485073368186,1.1806375442739103,9.411367852926311,10.5920053972002,7.066959015010954,10.979929161747348,-4.705683926463145,-2.361275088547809
643c9ea27bb07cf12acf90fa,2016-02-16,41.41,46.56,48.28,41.41,149479.0,53005799.0,16.59,12.436609514610009,5.15,1.37,600609.0,30431454.0,0.0,8.20486020381499,0.4971287118889594,0.5541461418611625,0.5527675849370113,0.5166072623457714,1.0550019815433378,1.0069300911854109,0.9544343127321868,1.1526337505157456,1.0778401527866193,0.9351106995646624,1.1404425080706535,1.0800290811475863,0.947026328380839,1.0948268264739571,1.0301635673860314,0.9409374546509944,90.03,43.41,53.0,9.0,3.071305841924388,1.8470790378006807,3.071305841924388,9.213917525773184,7.366838487972505,24.57044673539519,0.6228522336769737,2.448453608247414
643c9dfd7bb07cf12acb23bd,2016-03-01,45.04,46.17,46.98,43.78,151642.0,206259216.0,7.11,2.622805067792844,1.18,1.41,600058.0,298165568.0,0.1111358079573188,-11.61695447409733,0.4858727243549737,0.4973775935826501,0.4836178821671764,0.4922419608724986,0.8156465048895349,0.8629179040137946,1.0579557428872473,0.8531742772667549,0.9453800870232908,1.1080738276028763,0.8257074228132886,0.8900677307819842,1.0779456574938031,0.8335695699083976,0.9129392138463118,1.0952165803588971,59.03,45.72,24.0,0.0,11.58761100281569,10.288065843621409,4.570067143166567,17.132337015377953,30.92917478882391,18.71345029239766,18.800086636343934,11.955815464587394
643c9f1e7bb07cf12ad3d6d3,2016-03-01,71.34,72.89,74.0,69.47,133901.0,251236725.0,6.36,2.40236021354312,1.71,2.71,566.0,330387952.0,0.2247822422028589,-9.581749049429655,0.4981369219538522,0.5100861219888978,0.5030317296505017,0.5002582862883301,0.8222156769839528,0.8836042731072924,1.0746624004403869,0.8631256249671074,0.9559657693694852,1.1075627251895293,0.8400923344727976,0.9019165727170224,1.0735921942235345,0.8373354404103445,0.9293956319609348,1.1099442196134386,96.31,73.31,25.0,0.0,9.973933324187122,8.93126629167238,3.608176704623389,7.257511318425025,8.7117574427219,5.377966799286593,4.486212100425302,5.268212374811365
643c9da57bb07cf12ac88e25,2016-03-07,287.42,295.86,306.69,287.42,341474.0,884375552.0,6.83,4.933498847313356,13.91,4.26,600446.0,875363920.0,1.940060294378454,-5.082394901093091,0.4968979082258614,0.508989227486197,0.5076609150580368,0.516812006244931,0.9018669920683344,0.9706446029802864,1.0762613683800737,0.9514508988390664,0.9876403087836426,1.038036024758328,0.9351223528056604,0.9831068085652002,1.0513135587183553,0.9568157187085043,0.9987056646715926,1.04378057879278,435.62,273.74,12.0,3.0,0.3075779084702024,-3.3901169472047687,-5.509362536334761,-6.743054147231797,2.5045629689717908,0.2298384370986284,0.8078145068613596,10.82606638274859
643c9e9b7bb07cf12acf5d60,2016-04-06,589.97,605.23,634.05,589.97,162519.0,69134998.0,7.51,3.179446963756005,18.65,8.54,600656.0,146850335.0,0.577926284564767,1.7540531217661304,0.4536057037638285,0.4619939640925388,0.473703660025229,0.4637317237600825,0.7683979896181391,0.9469367446190362,1.2323519288352422,0.772912510322869,0.9629140547936488,1.245825422584259,0.8020004862781035,0.9822732254828695,1.2247788402739876,0.7756276914626969,0.9560401719339328,1.232601907406129,,,,,3.641590800191663,2.5213555177370672,6.442179006328175,3.641590800191663,4.761826082646259,7.283181600383304,10.643887447747137,21.008542207094827
643c9e9b7bb07cf12acf5d61,2016-04-07,612.01,627.27,639.14,605.23,149218.0,64074643.0,5.6,3.641590800191663,22.04,7.84,600656.0,69134998.0,1.1202352824545958,3.7357831754156967,0.4721536125517915,0.4804828778960451,0.4791213491486788,0.4773878279738841,0.8256656708274047,1.0190528125481282,1.234219670931612,0.8331250064564124,1.0284927261771544,1.2344998868197616,0.8390245467765675,1.0148099632827252,1.2095116491901272,0.8244791635132949,1.0207272236651264,1.23802670684311,,,,,-1.080874264670717,2.7021856616767925,0.0,1.080874264670717,3.5136384650947594,6.756261259106933,16.756739522055895,13.243101056961116
643c9e9b7bb07cf12acf5d62,2016-04-08,630.66,620.49,642.53,612.01,86358.0,37288336.0,4.87,-1.080874264670717,-6.78,4.54,600656.0,64074643.0,0.5404371323353585,3.047335827845954,0.4882410844333595,0.4769376426085936,0.4833022118875014,0.4844704352711107,0.8913740276994722,1.04567989255691,1.1731101199523195,0.8661598927926655,1.017376012985895,1.1745822237343269,0.8829950649255466,1.0133703439383983,1.1476511978284327,0.8726806924928213,1.035865407399885,1.186992466214561,,,,,3.824396847652656,1.092684813615041,2.1853696272300827,4.644716272623239,7.922770713468386,18.03252268368547,14.480491224677271,9.561797933890958
643c9e9b7bb07cf12acf5d63,2016-04-11,622.18,644.22,647.61,617.1,67332.0,29568190.0,4.92,3.824396847652656,23.73,3.54,600656.0,37288336.0,0.2723653886444577,-1.344623093267372,0.4833590741647334,0.4968309828857583,0.4887148329780065,0.490190524063773,0.9270234072739836,1.0138095664855231,1.0936180883142357,0.9521117971623764,1.0319036044225356,1.0838050820270964,0.9408818169050692,1.0105760865748872,1.0740733516341827,0.9277854528506474,1.018186618048022,1.0974375755942438,,,,,-2.6310887584986564,-1.578653255099205,0.7901027599267252,3.947409270125113,13.684766073701526,10.263574555276156,5.526062525224296,6.053832541678306
