,_id_rank,timestamp_rank,日期_rank,收盘timestamp_rank,成交额_rank,成交笔数_rank,主动买入成交量_rank,主动买入成交额_rank,涨跌幅_rank,昨日振幅_rank,昨日涨跌幅_rank,昨日成交额_rank,昨日资金贡献_rank,开盘收盘幅_rank,3周期开盘rsi_rank,3周期昨日资金贡献rsi_rank,3周期昨日成交额rsi_rank,SMA2昨日振幅_rank,SMA2昨日涨跌幅_rank,SMA2开盘比值_rank,SMA5开盘比值_rank,SMA2昨日成交额比值_rank,SMA5昨日成交额比值_rank,2日最高开盘比值_rank,5日最低开盘比值_rank,2日最高昨日成交额比值_rank,5日最低昨日成交额比值_rank,开盘的5均值比+2均值比_rank,昨日成交额的5均值比+2均值比_rank,6周期开盘rsi_rank,6周期昨日资金贡献rsi_rank,6周期昨日成交额rsi_rank,SMA4昨日振幅_rank,SMA4昨日涨跌幅_rank,SMA4开盘比值_rank,SMA10开盘比值_rank,SMA4昨日成交额比值_rank,SMA10昨日成交额比值_rank,4日最高开盘比值_rank,10日最低开盘比值_rank,4日最高昨日成交额比值_rank,10日最低昨日成交额比值_rank,开盘的10均值比+4均值比_rank,昨日成交额的10均值比+4均值比_rank,9周期开盘rsi_rank,9周期昨日资金贡献rsi_rank,9周期昨日成交额rsi_rank,SMA6昨日振幅_rank,SMA6昨日涨跌幅_rank,SMA6开盘比值_rank,SMA15开盘比值_rank,SMA6昨日成交额比值_rank,SMA15昨日成交额比值_rank,6日最高开盘比值_rank,15日最低开盘比值_rank,6日最高昨日成交额比值_rank,15日最低昨日成交额比值_rank,开盘的15均值比+6均值比_rank,昨日成交额的15均值比+6均值比_rank,12周期开盘rsi_rank,12周期昨日资金贡献rsi_rank,12周期昨日成交额rsi_rank,SMA8昨日振幅_rank,SMA8昨日涨跌幅_rank,SMA8开盘比值_rank,SMA20开盘比值_rank,SMA8昨日成交额比值_rank,SMA20昨日成交额比值_rank,8日最高开盘比值_rank,20日最低开盘比值_rank,8日最高昨日成交额比值_rank,20日最低昨日成交额比值_rank,开盘的20均值比+8均值比_rank,昨日成交额的20均值比+8均值比_rank,15周期开盘rsi_rank,15周期昨日资金贡献rsi_rank,15周期昨日成交额rsi_rank,SMA10昨日振幅_rank,SMA10昨日涨跌幅_rank,SMA25开盘比值_rank,SMA25昨日成交额比值_rank,10日最高开盘比值_rank,25日最低开盘比值_rank,10日最高昨日成交额比值_rank,25日最低昨日成交额比值_rank,开盘的25均值比+10均值比_rank,昨日成交额的25均值比+10均值比_rank,18周期开盘rsi_rank,18周期昨日资金贡献rsi_rank,18周期昨日成交额rsi_rank,SMA12昨日振幅_rank,SMA12昨日涨跌幅_rank,SMA12开盘比值_rank,SMA30开盘比值_rank,SMA12昨日成交额比值_rank,SMA30昨日成交额比值_rank,12日最高开盘比值_rank,30日最低开盘比值_rank,12日最高昨日成交额比值_rank,30日最低昨日成交额比值_rank,开盘的30均值比+12均值比_rank,昨日成交额的30均值比+12均值比_rank
"(0.0, 0.041666666666666664)",-0.00034678916544101756,,,,-2.021301003241142e-05,-5.221374638449765e-05,-1.9508603948416655e-05,-4.994684251095199e-05,-0.00021501546752201366,-0.00015255856902486223,-0.0003116283130776434,-3.5118214162373394e-05,-0.00042178864562892064,0.0006244960367780548,-0.0002875642672853097,-0.00024629263932248943,-5.063095052749097e-05,-0.00014197515084884323,-0.00029230971267557733,-0.00030322552254873617,-0.00023154936526886095,6.907600547433277e-05,-2.206456488417872e-05,0.001410948735936089,-0.00021305097181922535,0.0027220671229128755,-8.722070485277136e-05,-0.00033839518754860557,2.9544477846920592e-05,-0.0002169566520046602,-0.00018397993892096227,-7.2319620953784e-05,-0.00013102624253701515,-0.0002920803873324837,-0.00028651329121077583,-0.00033623355628917224,3.521368522603307e-05,-0.00014592743290659305,-0.00015489583918889372,-0.0001523347497602518,0.0015139265293730058,-0.0003156318540026501,-0.00031116081899694106,-6.724817259237869e-05,-0.00011499631411028202,-0.0002315350846929747,-5.106076295762724e-05,-0.00011144427996090876,-0.00025380899483422726,-0.0002796412843864793,-0.00027437546998189833,-6.048380523148717e-05,-0.00011794149777549677,-0.00019316177406740614,-0.00022290186594780807,0.0006117543342903828,-0.0004633114355931132,-0.0003115710350382177,-0.00010719104486659283,4.826651265829241e-05,-0.0003134505853610767,-5.2845409597123776e-05,-0.00012564525772299154,-0.00030289072901502917,-0.0003040682513659642,-0.00021238197216696836,-7.517745012273702e-05,-0.00012298912968750571,-0.0003072103390822064,-0.00014480871301637341,0.0001992522079443736,-0.000548342547516614,-0.00027415963811698894,-0.0001360955776482561,6.613437689389058e-05,-0.00028262441637941194,-6.864350342387138e-05,-0.00013140392555318527,-0.0002935857037668465,-0.00020382645542648762,-8.602071899540333e-05,-5.705770523279269e-05,-0.00011904014712063256,8.81881171901091e-05,-0.00037255003013540885,-0.00023430018870576315,-0.00012773790551108829,7.334541579327473e-05,-0.00029076283096503573,-7.824071651850723e-05,-0.00012335121756881448,-0.00026326521483102503,-0.0003181637831114346,-0.00012047657859471519,-0.00012274180183550104,-0.0001008865563259406,-0.0001640099350637473,-0.00012064023324242738,7.353234674459404e-06,-0.0003665336640324757,-0.00018557928101201914,-0.00011596261087556804
"(0.041666666666666664, 0.08333333333333333)",2.3826356959619478e-05,,,,1.886688878462812e-05,0.0001097800169777537,-1.3919936332380686e-05,3.770461619493534e-05,9.694207875863569e-06,6.744788486343547e-05,4.0685984703733004e-05,5.912053267619193e-05,0.00015556841678598048,1.0922744626222839e-05,0.00027831340711863734,0.00018640901475915105,2.4989118145784694e-05,7.458926312752483e-05,8.210799921170492e-05,0.00017323782719650557,-1.6510640072790356e-05,6.147624744507104e-05,3.5372637223598696e-05,0.0004525141784904881,1.2737884884842518e-05,0.0022681840434989322,2.283643432791855e-05,0.00033996730678978465,1.012859243866817e-05,0.00020372509714893834,-0.00014324020467652594,3.359625713521911e-05,0.00016962155740928687,0.00018274108219436835,0.00020197148880652537,0.000449193231860395,-9.247598190376449e-07,8.243605402327641e-05,0.00022762212913009515,1.2561159208977835e-05,0.0002536632222399348,5.754728255172904e-06,0.00025022003684869304,2.494028697996298e-06,0.00031110088913077,-0.00011338188750868685,7.100949321785981e-06,0.00012297076346227351,0.0002426269839837408,8.747281993020505e-05,0.0001909716953037634,-5.167021865998861e-06,-3.41345238101599e-05,0.00010781964019960692,6.879345160498858e-05,-0.000237275672031064,7.191575592936743e-05,0.00014470973250036643,-3.044669444044164e-05,0.00018717362878040524,-2.098729462395072e-05,-1.6906802982125308e-05,8.39923785672615e-05,0.00015854947136527438,0.00027162092133716707,7.82129834689634e-05,-1.6988621143217387e-05,3.2471742120464454e-05,0.0003111920849984639,-9.65787203884728e-05,-0.00020682132926003055,-6.959801617512609e-05,0.00022273712875959539,4.577328371473612e-05,0.00022650518250776669,-0.00014005446608466305,3.431347867978919e-05,0.00015972249752267833,0.0002586697828843274,9.076618901519833e-05,4.4437914571328793e-05,0.00029883514956331665,-0.00010896370840467806,-0.00019547664220664272,-0.00044165868482058,0.00018927191841644603,2.97271004629087e-05,0.0001728004151372799,-4.608429586157173e-05,3.902439700307628e-05,0.00010326409732042772,0.00011047575877356467,0.00026399924682105736,5.6194330933425755e-05,1.572379513027405e-05,8.377794331747233e-05,0.0004080033718953153,-2.2345132833995485e-05,-0.00018335842587605903,-0.0002306597032980663,0.00013536632499049672,1.479518191815288e-05
"(0.08333333333333333, 0.125)",0.00044677433983869043,,,,0.0002342571866638935,0.00018540412340979415,8.147029435611279e-06,0.0002445012793247913,0.00014172616814400477,0.0003068883987199657,0.0001432568423878162,0.00038527865019208753,0.00025114439371642114,0.00019547158288882525,6.822715576891706e-05,2.8164504864787885e-05,2.8005536633159855e-05,0.00025266514230769694,0.0002703240854097273,-1.5229834820620975e-05,0.00016357411172728806,7.732212065321621e-05,-5.571714200934771e-06,0.0003093876426019946,0.0002466567522787866,0.0005246549718025683,8.018090647084338e-06,0.0001956102637331546,-3.4798442468947754e-05,0.00019585880557134849,0.00011162104427994806,5.215358300161387e-05,7.430263654138017e-05,0.0002059557810406341,0.0001961965085157235,4.253300651572532e-05,2.6244031997074747e-05,5.684577416241929e-05,1.870168926637915e-06,0.00010134561115224026,-0.00039514299072596797,4.1060386655043706e-05,9.380501472389654e-05,4.772993579858546e-05,0.00016402806777349868,0.00011860946451425833,7.053227715183431e-05,5.0850305593910124e-05,0.00020580633459342767,0.00022551048802717336,0.0002484507026795801,4.8027607251526474e-05,0.0001238197339478712,0.000270734560506355,3.2801860634109416e-05,-0.00014461986611044516,-0.0002575987632615056,0.00027760732488893593,0.00015404700485106913,0.00025729579938775824,5.639042011396016e-05,7.899403745083999e-05,0.0001329155836519885,0.0002658749243150217,0.00012609821778312565,0.0003284608903589776,3.4777960572495456e-05,0.00011789674104946658,0.00015382763028404998,0.00017529870963205608,-0.00011911641451700062,7.298524523160617e-05,5.6734631481763726e-05,0.00016331394872041332,9.332962496643769e-05,0.00016753247615882826,7.807227612317698e-05,1.5076778242742483e-05,0.00045265287774770395,0.0001611067311543931,6.041010910249042e-05,0.00015022097770744523,5.8122996231402396e-05,-6.943673199232137e-05,-3.57896912733525e-05,0.0002153071145840508,0.00017785639869214427,0.00023373993263748797,0.0001209523283502818,7.781680719606283e-05,0.00011404649616598888,0.0002602531112420536,0.00024261645741817256,0.0001260495325632932,3.956063018885204e-05,5.395202338708923e-05,0.0001544832249865961,-1.4554751589272272e-05,-8.436178579326733e-05,-8.751513822131401e-05,0.00020854224842234905,0.00014504084483230872
"(0.125, 0.16666666666666666)",-0.00034654480398523967,,,,0.0005124473792429467,0.0004155233486980432,7.343848908564007e-05,0.0005608073020629261,0.0002468848796891917,0.0003083670566042144,0.00013544872726433123,0.0009063264010250086,0.00041627128089188566,0.0001696346443723342,0.00024081094593221482,4.006273758019019e-05,-7.602081342126687e-05,0.00041712758739092886,5.875317404731115e-05,0.0003744987243835745,0.0002760103386318855,9.886200137973952e-05,-4.190212057348797e-05,4.726781404541218e-05,0.00027918390799767055,-0.0001730697494351898,8.091591517100564e-06,0.00033694777460937256,9.885586202917454e-05,0.0004398197157368302,0.00027421299773840174,3.431777166884237e-05,0.0003722297012214186,0.00031987989305707595,0.00040162900187620316,0.00022297884972569197,-4.434739297299024e-05,7.985590936450824e-05,0.0001276033330341668,0.00012825402271230592,7.842951760515676e-06,0.00011196576162981743,0.00036615101745634653,1.1540498215872874e-05,0.0003692082539762515,0.00019456272684461164,6.013217389245669e-05,0.0002761144904115461,0.00023803191646372052,0.00023089779035696036,0.00036350170836540265,4.5795416744941166e-05,8.80667254392206e-05,9.58359639246567e-05,0.00012008974674946048,-4.484014604520595e-05,-5.731383385159911e-05,0.0003881550307862076,0.0001006879034358478,0.00023946940259828147,0.0002172425195012125,0.00010432458322929911,0.0004280115255321473,0.00036944823665219776,0.00027346650150040814,0.00020751610139769646,2.3306606216802455e-05,7.532275757876799e-06,0.00035043507628690514,0.00026608988715480535,-0.00013657190495123075,-1.1913445715340656e-05,0.00036513433713164414,0.00012210392350687019,0.00023937205162669753,0.00010592706212184985,4.006176135339165e-05,0.00045899086989199887,0.0002683857637912359,0.0002644727470359547,4.1752745230266666e-05,0.0005171068118810103,0.0002610758573423041,4.526243462858754e-05,0.00017245993681375217,0.00011346259663874582,6.136327473225388e-05,9.909746087242439e-05,9.999066980157373e-05,3.1701041180793374e-05,0.00040785564773537276,0.00017340669013448518,0.0003486968001829048,0.00027800343553081966,7.044894719880241e-05,8.756165593515e-05,0.00038421683111774575,0.0001075047993135334,4.328054014509791e-06,6.832518255022153e-05,0.00011949428436400118,4.50251970757064e-05
"(0.16666666666666666, 0.20833333333333331)",0.00023083225759789732,,,,0.0006227536956133407,0.00048366106659821124,-3.949147048702611e-06,0.0006277057050921101,0.0003631849414979411,0.0002777792070820765,0.0003669255175047794,0.0016193587051590258,0.0002981266024608983,0.00011009951933419715,0.00012930919917255617,0.0001759916057198103,0.00010456242055704593,0.00035477936979262604,0.00023375904625003776,0.0002583233878146666,0.00024002456596144565,7.542071032680021e-05,2.4095604561930163e-05,0.0004971067246595349,0.00012735097123030842,4.6856528981159826e-05,5.945405015280057e-05,0.00024669192466700085,4.017512903204001e-05,0.00015921571817730337,0.00015203209363059598,5.7885062038802866e-05,0.00036969199985056834,0.00021771414327265222,0.00019247275865020555,0.0002818440268790004,0.00014504775798722231,0.00010652545006537633,0.000259074126903822,0.000358563125283976,-0.00010780849758905283,-7.911654877869807e-06,0.0001349127337353065,9.188143345777129e-05,4.526849924826631e-05,0.000162878976081526,0.00015632383052131425,0.0005530038907628071,0.00019022647663398116,0.000358578332184088,0.00021285739037135744,2.5099653720158397e-05,-3.223081161543137e-05,0.0005454858778225966,0.000181437614299455,2.1684823787910826e-05,0.00018646760771514752,0.00023194230779909473,-5.482506420725144e-05,6.68772115357489e-05,9.147307108294247e-05,0.00016223802216642973,0.0004261060609776381,0.00026387110754342517,0.00036709159360170815,0.00010423997292998921,5.762908522351079e-05,9.29081833063202e-05,0.00024057671059404828,0.0001816777645334848,1.2274605872835088e-05,-2.1185408390127283e-05,0.00027267690943636006,-4.2559219373903656e-05,0.0003372400761158034,0.00013363162468858173,0.00010844257593596563,0.0004307890621714243,0.00026192468452787066,0.00016522087145584989,0.00014816213476590047,6.98037922591941e-05,0.00012922671067974872,2.24702924142609e-05,9.865338747834462e-06,0.000326885041574238,1.27269525755327e-05,0.00033477434277710713,0.00011276244753933433,0.00010078175164168087,0.0003704258726607653,0.0002592657548840085,0.0003197542973749153,0.00014177795168368107,-2.257477549479661e-05,0.00017430882446728356,-1.2518345576381595e-05,0.000153663999433819,1.3019707737509413e-05,0.00017794061069807465,0.00026356860591370695,8.847484163972535e-05
"(0.20833333333333331, 0.25)",0.0004906525229402332,,,,0.0008749044168397441,0.000659636627882872,0.00010403363626633074,0.0007197593136524217,0.00012887910417413116,0.00036876769058484196,0.0001360876422601041,0.0019605578621107243,0.00021842291431825364,0.00013623593428264982,0.00022367421866050335,0.00027829665463667867,0.00016006609363229218,0.00036943069927559047,0.00041221195527043784,0.00028993023051336267,0.00034690817715837406,0.0001012604894248013,0.0002428764933754636,-0.00012914283075960974,1.26112240245986e-05,5.414110541209628e-05,0.0001377416625308607,0.00028322555378017906,7.50403824216919e-06,-2.0324013198570506e-05,7.474188636939025e-05,0.00017158405712575182,0.00039624500296581665,0.0001593558094858489,0.00015896251974544502,0.0002642482102091372,-6.110402789286864e-05,5.6620109063367e-05,0.0003075510404041523,0.00022668512949168727,2.5212111497623158e-05,0.0001613686543770879,0.00025459834432548715,9.316999500027208e-05,0.0002062960881360402,9.420387314549161e-05,0.000115594106031239,0.0004507419810121776,0.0001769083497134557,0.00025112130034343993,0.00020520106587480392,0.00019215858848058902,7.68642069320406e-05,0.00022106519887352797,0.00031585933329995403,6.143217317252716e-06,6.402690019035916e-05,0.00024553760484875153,0.0002232443854745733,0.00027048760254088,0.0002554573516794487,0.00011792175989314951,0.0004591401427219465,0.0003536322093592193,0.0002915208922243321,0.000175406175736424,0.00019987518402946177,0.0001454139762336952,0.00021165999614927797,-0.00012537530833500648,-2.967944277786798e-05,4.139794286807353e-05,0.0002463297371217002,0.00012534946362762186,0.00012823923706048104,0.00031834950519063303,0.00016322226495852276,0.0004182315552014252,0.00019901632111085578,0.00013625842925538433,0.00010715983584447734,0.0002557207236921372,5.618402630633244e-05,-0.0001708937253839816,0.00012701705485184612,0.00020944547381507176,0.00014879424539738562,0.00025368412160504174,0.00024954324946969335,0.00016826359306054554,0.000442900819492542,0.0003235918695378636,0.0001305950811053712,0.0002823127799627657,0.0001423930925480705,1.502088100209538e-05,0.00022373274452673625,0.00015448403466900617,8.689430949134307e-05,8.605087965565903e-05,0.00016112887929358355,0.00010187707114151615
"(0.25, 0.29166666666666663)",3.1397468649021335e-05,,,,0.0010403052687696437,0.000998677041157992,6.547009008271586e-05,0.001021529978240688,0.0002588530288665567,0.0002557324739960677,0.00023679943137256803,0.0021309173464392137,0.0002641804561864619,0.00019669667606951832,0.00027130229223741375,0.00017635627641120552,0.00026545139133268657,0.00028775310277819537,0.0002506742655944073,0.00031603392059117985,0.0002058433437303329,0.0002230176278567922,9.392151531961011e-05,0.00029798220986007655,0.00011352006081994448,0.00012703913319878389,0.0002581700908517273,0.0002201560707138451,0.00019257570162793336,0.0002743873402050335,0.00012479299453222703,0.0001395417196901333,0.0003554148590557537,0.00018910132621820057,0.00027733765333112586,0.000361402740723638,0.0002201034491416821,-1.9127033098618608e-05,0.00016968996568282892,7.619854627834337e-05,6.429319675747574e-05,4.902366943571834e-05,0.0001856912636776029,0.0001523769938860245,0.00014047104143805614,0.00016822260820024732,0.00010758709597182884,0.0004347319788457237,0.0002751370094806688,0.0002742786830109515,0.00024721006280791093,0.00014102349005229981,0.0001549064816375797,0.00012217770884017162,0.00012444570218157422,-0.00012727301798701765,0.00018299947347182654,0.00015375331096083544,0.00012068007453928948,5.5268274532634185e-06,0.0001463477435331364,0.00015553859259030318,0.0003880777223993719,0.00024741062207094705,0.00030954898329550273,0.0003702244675789959,9.770564005533176e-05,8.715333983396661e-05,0.00012282458058543376,0.00012343477053095245,0.00011370478471869692,0.00021353692722193845,0.0002427880224865846,9.249717539571242e-05,4.525131338979942e-05,0.0002003929684618313,9.519387994518274e-05,0.00048239001018427787,0.0003016768131805817,0.000407619046030682,7.866738213959934e-05,2.755408983865337e-05,0.00021024868659933293,8.555581379334158e-05,0.00025818893729912705,0.0003484425963927212,1.6992538613589106e-05,0.00017308936663372582,0.00014479775253349963,0.00016115249706503311,0.0005201591438099441,0.00020531322638175944,0.00012826965357916,0.00017027524600688487,0.00028021236452379554,0.00024406014210367986,-2.2714846883296166e-05,0.00023121145349106948,-2.771913560751093e-05,0.000173453587458735,0.0003620804831466665,0.00013613078483887075
"(0.29166666666666663, 0.3333333333333333)",0.00015028736404670598,,,,0.0014692138860409537,0.0009336737945926154,0.00013266311684209173,0.0013807312610233922,0.0002838562622576976,0.0003077236326053064,0.0003961484337900462,0.0024310531648972134,0.0002872958970098878,0.00022272517153518453,0.00022697637720693189,0.00024086397140434063,0.00011540625901006397,0.000410893291737152,0.0002669119952839584,0.00024939115548009246,0.0002120265340644015,0.0001276090991422669,0.000126900415873828,0.0004903884971706031,0.0002285099872015905,8.564379314378915e-05,2.419630444756278e-05,0.00010489100915760082,0.0002304966705397412,0.0002465025905591211,0.00023283087363328825,0.00026213785018552096,0.00039463932089433147,0.0001330523871020118,0.0001853506824311404,0.00023315509925976152,0.00026660695999812436,0.00020267472385389275,0.00013969364564912328,8.518902353660355e-05,3.326757216433899e-05,0.0002462191948980453,0.0001140209282371687,0.00015153435055082008,0.00036775858159997357,0.00015263796758761838,5.2365033317038585e-05,0.0003482830439815104,0.00014743907359020307,0.0001568959257797523,0.00034153652478403917,9.762472976294655e-05,6.296218476935792e-05,0.0003468348764455589,0.0001327961614820411,0.00018521799734863307,0.00022976849289039613,0.00022955657443952138,1.4925702569791448e-05,0.0002622841734908943,0.00014322919711239667,5.440013570778372e-05,0.00045660824455269364,0.00022514796590456228,0.0002045909032438966,0.0003665575059983139,4.70939025545036e-05,0.00018469736180690737,0.00011469015310999715,0.00017743654693765524,0.00026198454809552187,0.00022793358636034032,0.0002663091114453046,2.9830069776744567e-05,0.0002619502682927811,7.892684319795755e-05,0.00032516938246320633,0.00037711893284514034,0.00020524662827813386,0.00024909469210273824,0.00019109173029260049,-1.347751825018511e-05,7.526184739714673e-05,0.0001470641499018945,7.262402486514224e-05,0.00031508209686148504,0.00011091291604037784,0.0002664208389061939,0.00020590276336557916,0.00019607126060686614,0.0004370709009179227,0.00023832495640383397,0.00026488580873933296,0.0002767321252590336,2.800032728410124e-05,0.00016642551665393715,0.00014154812977380365,0.0002337741468235124,0.00026646459344607093,0.00022887639758746543,0.0002676804241369217,0.00010332820261711028
"(0.3333333333333333, 0.375)",0.00010044158477547148,,,,0.00119861579950519,0.0011936773657947452,0.0002931716191280192,0.0010996944896615672,0.00024247846129888238,0.0004857964965293428,0.00030628101574647833,0.0036569279499826827,0.00016870022190025903,0.00035369822000724967,0.00021524249825699345,0.00018002166717325194,0.00011523739212710322,0.00038728201216596645,0.0002508783374352873,0.000228564796342958,0.00012107400282119262,0.00022061184140121084,0.0002260237788682571,0.0003704903053391223,0.00017757946936191183,6.37986738132164e-05,0.00012059019821610524,0.0002383259661111474,7.776958299365477e-05,0.0001795491902172363,0.0002488037077835575,6.530529000513406e-05,0.0003670660456734311,0.0002076914639289415,0.00017079780872700597,0.0002537483859564843,0.00014837483937055123,6.230617988365113e-05,0.0003535043250942576,0.0002448030329397418,-6.552747065493665e-05,8.330347969081128e-05,0.00020382538256575648,-2.976590931469804e-05,0.0002403775552292409,0.00022903811457270244,0.000172677701101141,0.0002816958492615032,0.0001639275228987,0.0002446864473253478,0.0002581753730109688,-1.1498559913316987e-05,9.629985933672075e-05,5.746555270908565e-06,0.00026561066166969234,9.788054594557625e-05,0.0002719393555661682,0.00026693541676259903,4.9023283373136366e-05,0.00022308895470042278,0.0002021267609985368,0.00012402316696108253,0.00036620070651690006,0.00025619959676525183,0.0001334682741589764,0.00017615311314586414,0.0001467669564234022,8.028179817695098e-05,-3.0998169509387006e-05,0.00012835297858165308,5.989994001891047e-05,0.00019546307500970192,0.00022790635692592515,9.942829518237175e-05,0.00016111925128783306,0.00014926391792506464,0.00010584606523395202,0.0004504385674816009,0.00021543141326719497,0.00020469636653018222,0.00019863638260281307,-7.784698771725559e-05,6.4997557498885e-05,0.00016609722093827267,0.00026786406059268596,0.0002285041757826772,6.360991253153397e-05,0.00023058869041737428,0.00014105278268977865,0.00022672433651437358,0.00033233701169577297,0.00015408671334710808,0.0002910438365410348,0.00029712274811149856,0.00010607970910954345,0.0002108226379776859,1.6131385459592703e-05,7.54204199492669e-05,0.00017590091835245042,0.0003483141909858578,0.00022197430160779017,0.00020403791557742994
"(0.375, 0.41666666666666663)",0.0005027601256595087,,,,0.002121809872799302,0.0014136496965423374,0.00017737603884266542,0.0016733160200100767,0.00017115871297784322,0.0003010328894756139,0.00025151686496398186,0.004452764398518068,0.00017447009025108796,0.0001364102006916518,0.00022485058210429382,0.0002748341037846684,0.00028276544069396134,0.0003602131240094019,0.0001120735230546164,0.00018103930255963826,0.00022866552787242656,0.00010079215274888031,0.00014443912789774177,0.0001559369057540381,0.00025164245731561723,2.503393237426441e-05,-5.092626241262395e-05,0.00021738241259709683,0.00018826063793168774,5.0186077592072575e-05,0.0002382775227222251,0.0002098136878537643,0.00032047998810569246,0.00021235768813318014,0.00013321643877529962,0.00024639472107572705,0.00010350089178855726,8.261161167359833e-05,-0.00012230335621746369,8.711899708939801e-05,0.000211869161684073,0.00021997745909266,0.0003218328263889559,7.413155836733671e-05,8.06752062401374e-05,0.00013329863431959816,0.00019409936127330168,0.0002920721929860515,0.0002472415876700029,0.00010044522096833122,0.00014052430804146533,0.00022419486457359944,0.00012301661900526723,-8.016521542649978e-05,0.00023664032074371472,-4.351324436347523e-05,0.0003004165561743127,0.0002452278958920717,5.8065076936906363e-05,0.00010034831901964692,0.00017403571464924794,0.00030682167480508836,0.0003060864214289155,0.0002016756844839557,0.0002569598971840387,0.0001340650966348877,5.888249903027927e-05,0.00012906556278659802,3.741129013853725e-05,0.00011874215127335037,4.7199117140997253e-05,0.0003678807982357347,0.00020138836776490947,0.00016044396203826762,0.00037295303391767366,0.00020169977964709787,0.00030059416260295503,0.00029555201474716625,0.00010728697087697791,0.00027392232019213784,0.00011118510800959167,0.00010166035102167569,0.0001162209515762369,2.2781404479065192e-05,0.0002908803084088543,9.635117490815153e-05,0.0002300571561039311,0.0001855636433996719,0.0002871649900731372,0.0004290449578297365,0.00031567789152744865,0.00027951110399044703,0.00034362310403981386,0.00018847127126966047,0.00010886513170295679,9.686777406187867e-05,0.000206137647110931,9.266795421727815e-05,0.00011488893896899928,0.00016055755080505933,0.00020380034549854684,8.018466211768412e-05
"(0.41666666666666663, 0.4583333333333333)",0.00020603691210798757,,,,0.0016990035868167806,0.0017489516507065317,0.00034732196525184464,0.0014590670427828832,0.00020985308296084907,0.00037768881423843524,0.0003087850502733307,0.0034449018343002515,0.0001512060221262343,0.00045817887235054554,0.0002542107303366789,0.0003573048312248505,0.0002941187667753719,0.0003567074202788798,0.00019952149139208723,0.00013057760228606872,0.00033996882301210016,0.00019453919384307877,0.00013730237140084555,-4.89286682795228e-05,0.00022270472411140674,0.00022162118723148249,0.00017343444157512494,0.0002676755044926931,0.00022469815066306878,0.00026579215515037886,0.00023507296737142666,0.0002058518644188347,0.00034288214045743683,0.00017459982445187496,0.00028544069373995115,0.00020320035373553143,0.00012684589034056687,0.00018041282091715686,0.00036130833125874625,0.0001650453231393962,0.00026247325829853766,0.00010791226412499253,0.000282059012391827,0.00015817959116937497,-8.311688188632536e-07,0.00026971276786119593,0.00020520828030087026,0.00030350030457505924,0.00021169487676850427,0.00022930688080074633,0.0001835031632190439,0.00020173521340054125,0.00010158224507135518,4.862164640713288e-05,7.792932284931677e-05,0.0002457677511637181,0.0001642252066395836,0.00022311852356476564,0.00023486294006502313,0.00015742463832137772,0.00018762603069147511,0.00010131708670039643,0.0002849487879366446,0.0003090387762977837,0.00022566230657596897,7.771349496409551e-05,0.00024241207951314803,0.0002682339161964162,0.0001330543306029554,0.00015159433822923687,6.489552654208571e-05,0.00024911171629785837,0.0002744251097651873,0.00011915456536858743,0.0001598466598331729,0.0002776931839918424,0.00014145384211960716,0.00022451449065930988,0.0002072736687675477,0.0002854133684313745,0.0002816703012693099,0.00019755022183387473,0.00019158700610110384,0.00021045722599406533,0.0003780894316231203,3.99771020470136e-05,0.0002652957874005621,0.00015901191745827965,0.00032179813070835813,0.0002721736400471539,0.0002681716670364706,0.0002719025381214774,0.00026419691782975156,0.00021877338632960393,0.0001598063050965686,0.00021640046146093788,0.0001318005427291546,0.00019160223036968315,0.00023675551879642184,0.00039985968199572603,0.0002242283291127894,0.0002464928701460979
"(0.4583333333333333, 0.5)",0.00021968499982027818,,,,0.0018590092589850819,0.0019264377495801209,0.0005125699636934768,0.0015729898139424207,0.00024036949729323864,0.00040645291250720876,0.0002818993545459195,0.004258812185318798,0.00013868053870659213,0.0009532201850464862,0.00011753847491013482,0.00012253657135468212,0.00029949799710120707,0.0003470790880657255,0.00021648906563481138,0.0002405171501434962,0.0003253984139746751,4.278278505807533e-05,0.0001316150609703491,2.614217890279257e-05,0.00012886097832107122,-3.120923255173147e-05,0.0002676958175412553,0.0002414276747225693,-1.4656034640153972e-05,0.000405200074499704,0.000349472736582968,0.00011950640978834195,0.0003448919558207651,0.00022842108196184096,0.00036815017492590376,0.0002565212594695884,2.1195742542402613e-06,0.00021882925447080662,0.00023354367412838726,0.00013239808791241665,0.0001127854497802022,0.0001332182142954329,0.00030165949705009566,0.000325354401672854,0.00031433960155952074,0.0003870962879161542,0.0001597604339224153,0.00033109383403428773,0.0002775028539942755,0.0003503542761955225,0.00022384119511981282,0.00010145617520107348,0.00031109700179424095,0.00026250095480049256,0.00023162747257311547,0.00014128362023995507,0.00016671487372941265,0.00023418880169124426,0.0001239875347132772,0.00022602713692799264,0.00047862686207040297,0.00044545848333302836,0.00026690636927897016,0.0002643026125860269,0.0002473805964526896,0.00024058007635262128,4.134963574229293e-05,0.0002937162802364708,0.00028088168464859153,0.00022112885653013584,0.00023441790975388402,0.0002455337570294894,0.00024141691120379793,0.00022752264993210718,0.00011077913333005177,0.00019133918535240243,0.00042509848968980314,0.00028340809489025534,0.00026915480525057723,0.0002414783522885842,9.114208893319542e-05,0.00014585911118079417,0.00015563343134898132,0.00023006029459071652,0.00016117001538904302,0.00025412450996310104,6.906761976222939e-05,0.00014950790956053334,0.00018719530963649524,0.00020532447813283582,0.00036899967412719743,0.0002599062121993275,0.00026483663282985564,0.00021079957329411445,0.0002133166508029981,0.0001792211234077659,0.00035236439262811213,6.124022282953141e-05,7.43993764370951e-05,0.0002140404820219986,0.00022246188547731403,0.0001710006042431649
"(0.5, 0.5416666666666666)",0.0005452052370838246,,,,0.001993343394274106,0.0016590715954974751,0.00043760313610525934,0.0010253462284262643,0.00013656013469028256,0.00031712779229108186,0.0002156151668919209,0.004893512445642289,-4.5463118862938164e-05,0.0009481517968616131,0.00022407351085728804,8.540161066855204e-05,6.244362589353142e-05,0.00033337442399756085,0.00028464750117609706,0.00015722230334700983,0.00035696614427350255,0.00024183315904996715,0.0002468789206745177,2.8343037401784956e-05,0.00013244524820725713,0.00016738172196622785,0.00021244497678699363,0.00022046893860486506,0.0002527284253905753,0.0003233322453164785,0.00012359303958377755,0.00019904824050810942,0.0004186444418836716,0.0002961009335012324,0.0003584611386942529,0.00017381093219421106,0.00022735924656462216,0.0002457767528930618,8.32274556406323e-05,0.00015470219077521013,0.00010950122832536939,6.843652797952586e-05,0.00021357181879965136,0.00019240244363558876,0.0002616828432272422,0.00023769548325859293,0.0003614652739602834,0.00040116243872084605,0.00021394379361198217,0.00033161868676740623,0.0003316799558792458,0.0001813847883973201,0.00024810885797421026,0.00011791054028427905,0.00028262433903582934,0.0001982450004016724,6.970328761541816e-05,0.0002658743445896131,0.00023445309655355977,0.0002537243080568622,0.00010571592592645984,0.0004932118307418993,0.0003494741890742316,0.00023124043556290745,0.0002628113772700363,0.00023580971238853701,0.0002487257931054727,0.00015401981007616587,0.00017977175066964294,0.0002713569212261831,0.00036095274225994876,0.0001437957274304176,0.0002918919565172535,0.00015151286500453084,0.00016345013303646654,0.0001650616112045274,0.00035791089899551656,0.00034837980504674493,0.00016016349102839587,0.0003002632378967863,5.89989076944151e-05,0.00023254106313919676,0.00018251345590018995,0.0002875395511997601,0.00020930779212385215,0.0003489201387000678,0.0002481980049247686,0.00014067270655979298,0.00015487746483955892,0.00033048117171846663,0.00031192848199703365,0.0002396223516760096,0.00023505905589133328,0.0002206088113195424,0.00020177941613268996,0.00017003288819193946,0.0003105736615765414,0.00029540990459636115,0.0001290638328765731,0.0001399460220479887,0.00028679370823994247,0.0002195542614140527
"(0.5416666666666666, 0.5833333333333333)",0.0003803661459315455,,,,0.0015706097929756963,0.0006924965628774934,0.0004463669785730836,0.002143164859246832,0.00016984652706735311,0.0001592403247620822,0.00014714460360394622,0.0039537473217175455,-9.05137089454385e-07,0.00019195231339940537,0.00026656573160862147,-1.942844849832343e-05,0.00019754353695913108,0.0002295086682037415,0.00031257130107386515,0.00024740203055242417,0.00027679434116298574,4.838981765114959e-05,0.0001653138090879661,0.00024344914141166912,0.00018186087638298037,-7.667019510460052e-05,6.120521349144309e-05,0.00020873194774581524,0.00015258346960858387,0.0001169532283439079,0.00015276943877305467,0.0004919699649058287,0.00022930857506725798,0.0003164215542168533,0.0001420613363192874,0.00019100698187532212,0.0003927977468245287,0.0002085840971836222,0.00014715723929530043,0.00018201770011653989,-1.7823861736786226e-05,2.8191259592980302e-05,0.00033343157742290265,0.00022316830070918036,0.00023306608714530742,9.487381082055077e-05,0.00038157764024619224,0.0003478856650429862,0.000192789667569729,0.00028766290687632604,0.00024231230848547543,3.531842053859876e-05,0.0001730348237000684,0.00019122387270978144,0.00017971952247222085,0.0001977157226327445,8.413471332369423e-05,0.00017659270785968584,0.0003957407961239578,0.0002812044508214334,0.00012122528136491702,0.00012432257306420523,0.00039748569659019036,3.8860001685499326e-05,0.0002567041210049478,0.0002680213415079136,0.00021734046448622469,9.860675535980203e-05,0.00025699807546637326,0.00019715957867910445,0.0004147472554668884,0.0001295416513161395,0.00014596084580346914,0.00036526128870519004,0.00022633305169555122,0.0002374246104927477,0.0002540398487365532,0.0003773723646001432,0.0001265032415406187,0.00016924341417109346,0.00026996469010475403,0.0002826773586198452,0.00023810141341413886,0.00022002941673426602,0.00013557965263654058,0.0002112394852469508,0.00015578251764084705,0.0002484567580054224,0.00019500661748674932,0.00036564485949131616,0.0003495722306003244,0.0002375779127508677,0.0002915499746165506,0.00023175872002715212,0.0002180432411450086,0.000248537003833111,0.00010042849207300219,0.0001330503309557437,0.00017036362137644594,0.00025620174947662666,0.00019317065062097942,4.4850191243553294e-05
"(0.5833333333333333, 0.625)",0.0008369902350489278,,,,0.0029635416378571127,0.0015914906337136773,0.000562393274384269,0.0017608784601347554,0.0002645822061889504,0.00025623482012252137,0.00031513079814434245,0.002299030628926357,6.451266520734282e-05,0.00013694080024630436,0.0001639629439545075,0.0002938322429232835,0.0002166082621567075,0.00023576048207009327,0.0001888334266576165,0.00019178391842587716,0.00025921636744933836,0.00011635200516319371,0.0001989138516555512,-9.366182087763995e-05,0.00016226397902442593,0.00015109863004678106,0.00015043878795080971,0.00024576316160412426,0.0001839893494716348,0.0002577686637124337,0.0001317404847550745,0.00019177646175129527,0.0002528400086077438,0.0002946661869749585,0.0004032595151277718,0.0003220402983484433,0.00017545923655456767,0.00027885453377059894,0.00022125225326729772,9.356607019007808e-05,0.0001195506668239782,5.580669991595866e-05,0.0001855765927134591,0.00027889660504286417,0.0001145113264472066,0.00015650564047643296,0.00033336330439390286,0.00028067933972153556,0.00039069219879819524,0.00026596476004477504,0.0001909604021523843,0.0003960232902991264,0.0002493730039955609,0.00011698487469094166,0.00017531350341757875,0.000330505584983983,5.340462257045318e-05,0.00033230075437180217,9.977787335719871e-05,0.00014649242840050292,0.00015458031591486998,0.00034124583276949643,0.0002873348235472655,0.000241161263128941,0.00023645634297161144,0.00033606629271618337,0.0002746900529031412,0.0003199844995127062,0.00010467242127917516,0.0001579667674980881,5.07518504792957e-05,0.00018329650902542823,0.00030824393798734506,0.00020187450043247457,0.0003869497001291058,0.00019931633398301426,0.0002676962759608008,0.00035761172922075537,0.00031381334408169437,0.00012621926161657335,0.00018749761837318465,0.0002398810635901611,0.0003058066425982204,0.00011388505203923127,0.00015349086931329444,0.00021868476729484436,0.00020817815719751946,0.0002623696586112576,0.0002670893262750398,0.0003632934940008294,0.00033910823639767327,0.0003338924018246909,0.0001955605177471111,0.0002968033386736685,0.0003207445312766406,0.00010314722182791768,0.00014718517843756538,0.00025938789036099714,0.0002724175131800405,0.00016276857490431194,0.00019089338428899543,0.00019495105545788694
"(0.625, 0.6666666666666666)",0.000291333300671282,,,,0.0015605064972387772,0.0023660016029378567,0.0004457553474857699,0.002790895120772928,0.0001447395912645695,0.0002583848450893414,0.00014434819795131453,0.003339442919897199,0.00012544752434361613,0.0003108947090051344,0.0003487576815404791,0.00013327986790941614,0.00034018008684628444,0.0002438988783056211,0.00019013056438765412,0.000288313750092414,0.0001936109196610921,0.0002405328911878667,0.0002814638579629537,0.0002974427261399505,0.00014509241283677717,0.00011677808863600672,0.00021217580971121712,0.00028235139093191306,0.00017537459392821656,0.00026708497719861343,-2.8963990208378062e-05,0.0003347709735811694,0.00029606032695646625,0.00023906941367208005,0.00015608855003411103,0.00033484468798835405,0.00012375705214144942,0.000275925695740083,5.6921259915367765e-05,0.0001257211707819026,0.000319855325278527,0.00018072266316862296,0.00032070651628379585,0.00035896997455104376,0.00017213877712056957,1.2044308821092026e-05,0.00042588576222602186,0.00031554930031191437,0.00015473369754965828,0.0001905958061678868,0.00028738709033159735,0.0003191331524804537,0.0003213736214689659,8.656112082647796e-05,0.00017710207971601707,0.0003355672364095287,8.417783543405133e-05,0.0003164458293790629,0.00031696236369853153,0.0002201773434125003,0.0001111564677306421,0.00038474448230302,0.00024773937367582305,0.00021574226358512692,0.0002592573671561322,0.00024639141634306733,0.00039798269472329464,0.00018837296989353798,0.00042828438706532507,0.00013220342911540595,0.00020004844646584927,6.916539670980778e-05,0.00024692243591027777,0.00025722610243505945,0.00021986761289453807,6.922284801221352e-05,0.00024587277263739895,0.0002894002978708137,0.00026782129969400633,0.00023382299837501318,0.0002259370007577291,0.00023883827548064316,0.00023529826494492694,0.00027001021524788765,0.00021976600545065637,0.0003189809243974712,0.0002555724608247007,0.00024498589418215136,1.1250737026241347e-05,3.722064816732739e-05,0.00031112016994077225,0.00025316062103149657,0.000348914878827466,0.00021845448132900018,0.0002574794436874448,0.00032265222753122594,0.00018205686637595665,0.0001562483335827879,0.000558418577941197,4.2560739142275596e-05,0.0002855992275676196,0.00022994707133868438
"(0.6666666666666666, 0.7083333333333333)",0.0003182288522988026,,,,0.0022202598474321197,0.0017758913492811515,0.00041157204400986934,0.0019447571397100286,0.00019992357448170447,0.00017366634290354584,0.000313018837141019,0.0048408190556434,3.304867794864759e-05,9.358468999800951e-05,0.00020079555724139637,0.00012705825567185903,0.0001706405053790164,0.00023600289382640405,0.00027751652378556397,0.0002419844462345178,0.0002281379607392288,8.021871073528353e-05,0.0003132406295226217,0.0002753057866512873,0.0001009866598224767,3.7797318061288574e-05,0.00015679150873377555,0.00014268700816974966,0.0002624912614576371,6.344078049743298e-05,0.00017420691730524909,0.0002861599216962861,0.00020403400392650378,0.0003938514326585733,0.00023978331914752008,0.00028679471126007665,0.00020756085074024477,0.00038879358087492023,0.0002039819186416627,0.00017021333005991598,0.0002195555765708432,0.000341557678953436,0.0003740032087677464,0.0002768375971648378,0.0003690605850935538,0.0002334120730312625,0.00020910707340567232,0.00017053872872710999,0.00034864240635669165,0.00022908601320160749,0.00027238754588320265,0.0003453208126472368,0.0004748859195157854,0.0003068275210751179,5.0510404729524664e-05,0.00024389126884669942,1.5795626142506408e-05,0.0002860501454798942,0.0005077282175585484,0.00021241989286310516,0.00016613819712279086,4.3689901839775514e-05,0.00023262180823621992,0.0003399850966585622,0.0003304760202593703,0.0002285018656326367,0.0003738202049093612,0.00023008927601859933,0.0004165125461558891,0.000173476096124122,0.0002746134255597527,1.5024392131132987e-05,0.00025300781117995104,0.00040482542963258996,0.00016588883593115787,0.00018924336053888034,0.00027553275269693537,0.0002845156495817156,0.0002718135223601335,0.00026624016741685555,0.0001869847275804845,0.0003633389187255683,0.00013446487866797477,0.0005311442335595651,5.491316508966558e-05,0.00028643482746665717,0.0004072004303194664,0.00017629500679658503,0.0002453979186781905,0.0003210437502866616,0.000300638537496184,0.00037011872467097753,0.000335099110004665,0.00022675906844514377,0.0002899596622320131,0.00020615633334182805,0.0004297159598491672,0.00020450583830835262,0.000397739689227648,0.00017325096276984408,0.00015729795452403827,0.0002118707622647259
"(0.7083333333333333, 0.75)",0.00013593743803558863,,,,0.000951560236609212,0.0009873038077271904,0.00021799063262489165,0.0014677399731932953,0.00019879619106184153,0.00024069250014109532,0.0003127633099449472,0.0056999805685528,9.582987975063574e-05,0.0001317144281823734,0.00012638371082175065,0.00020983825375041964,0.0003632557402035635,0.0002314968730185393,0.0002636018418499533,0.0003102605806891054,0.0002629602727038917,0.00017612816901078308,0.00039302273350197854,9.90403976770717e-05,0.00020949261747851798,0.00027885254376091705,0.00018414536354104666,0.00023850782852766092,0.00035411986275869713,0.00020654507059089092,0.00022102175905580086,0.0003655171044869272,0.00019735451149092818,0.0002582982342732779,0.00023063527750571757,0.0003773536801168533,0.0004011739314520604,0.0003897433105151983,-4.889575330228945e-07,0.0002435982899526566,0.0004327046892994457,0.00011262703567259646,0.0003119526966792239,0.00041439628958935416,0.00020934830800567887,0.00016425551862059214,0.00035622037019983794,0.0001616442878284237,0.00025978618966804063,0.0002865199689236896,0.00017720901408548064,0.0004001544643806167,6.669355600629387e-05,0.0004540935070559061,0.00016326480257928367,0.0004906606068998727,0.0002443859799008195,0.00023373816259187417,0.00047286932294844896,0.00010084458596299176,0.00023251084101475462,0.0005624439622423183,0.00018849886638738257,0.00024847098082857985,0.00031736438915604305,0.0002544518683515067,0.00022997540031135217,0.0003807937008997414,0.0003691139833428329,0.00013178005566954394,0.0007382244652558554,0.00013433199715297037,0.00013080226489312787,0.0005250791992569668,0.0001335844640923206,0.00019022930469604223,0.0004235508057916844,7.172036492911172e-05,0.00035821712664025745,0.000319433919070204,0.0002920101511247828,0.0004042047982050411,0.00011839000378745206,0.0007017824773949429,6.837573393160022e-05,0.00019204742118468062,0.0002887562019127407,0.00018602841924924646,0.0002181724551423602,0.0002991451527369614,0.00010359563915082607,0.0003205682654217946,0.00034776513612256996,0.0002143463994274254,0.0002219672426911306,0.0001476427461748226,0.00037169637257164186,0.00014867014969840924,0.00033471089064636146,0.00014664719044804145,0.00029802018000480427,0.0005420522563984052
"(0.75, 0.7916666666666666)",0.0008363534706199286,,,,0.00102105830880525,0.0007229019230623818,0.00019512668147230554,0.0005155906579229237,0.0001572713970254364,9.325259784548611e-05,0.00014700889873003718,,4.5368354604615206e-05,5.522878469052727e-05,0.0002616352594348501,0.0003301229561223844,0.0004518819802996478,0.00016254362653903798,0.00022880129716712594,0.00029266529899900546,0.00024283780062849404,0.0003203087067917415,0.00026745282139780893,0.0001236017010209362,0.00017354296194268607,0.00016852085914172412,-0.00011446231567885863,0.00037002889247971193,0.00014586918839923317,0.00023019721727688026,0.00019252416100882356,0.00037265480138654587,9.70792680684644e-05,0.00041605561691860607,0.0002712614070408826,0.00027774944855111334,0.00027773480954046295,0.000430776680845908,0.00032139313199172365,0.0001642713091380103,8.921685121171795e-05,0.00015376438395733064,0.0003245626318629612,0.00011152597906332638,0.00018748071234311054,0.00023163259505352632,0.00034962408093043763,0.00019037513336023465,0.00031841082183420327,0.00045002535013578555,0.00030156164663760695,0.000334846996112514,0.0002924182110157997,0.00038650654323654754,0.00013250320445586336,0.000585214382000876,0.00013950740880882805,0.000395078713553215,0.0003978438401422758,7.676099212870668e-05,0.00012112963566298262,0.0004344825495694995,8.758735082981253e-05,0.00033190110231802873,0.000463167628752641,0.00038188879342439426,0.00024580130741347285,0.0005219202462064437,0.00029973356612989394,3.4951820202971565e-05,0.0004385129822121848,0.00025672177350023024,0.0002322667231651548,0.00010950476535689655,5.6317556650805524e-05,0.00016703952977189355,0.00024398672581325717,7.307860871633906e-05,0.00030448835626304077,0.0003421509133986357,0.00020701688097725466,0.00019267323152182935,6.830837378713874e-06,0.0001216348313044387,0.00034004981909298423,0.00026742889375321277,0.000296821847045346,-5.9783207088755656e-05,0.00013099369797239137,0.0002481760716551462,0.00012379976693235975,0.0003073905111290332,0.0002916250693115093,0.00011087863393395415,0.0003665716645315387,0.0002930445752717015,0.0002942254993017605,8.844696318556523e-05,-0.00011917074880402706,0.00014374447328917753,0.0003391535859285299,0.00021124662387755514
"(0.7916666666666666, 0.8333333333333333)",0.00014526309835536004,,,,0.0007793698198565501,0.0010690297255961355,0.00016965478945004696,0.0014159342442264338,0.00022767373097890058,0.000193103139250386,0.0003263214687514406,,0.00024022527813815885,-4.0386085842802094e-05,0.00023310103119485469,0.00013119306759507333,0.00017750150684197935,0.00010445412546022396,0.00019389418739713653,0.00015332511440753878,0.00026848577536901357,0.00022092769508768884,0.0003106439022032552,6.221219672920392e-06,0.00014160107950275514,-8.16486610295764e-05,0.00025420991226035106,0.0004189402134163204,0.00040756111278523446,0.00025235335660555707,0.00021140900854721412,0.00033681017002311505,0.00013086087487428335,0.00022027485466544327,0.00033310471993893754,0.00028144432689425434,0.00037669536901285404,0.0003805051936144339,0.00024283409700180274,0.00016068465515065556,0.0004954787106571794,0.0003049620730087915,0.0003280518475329293,0.0004021592191420754,0.00015177309211064096,5.2622839682240614e-05,0.00035420462430572056,0.00013197313393725445,0.00026350169749305303,0.0003914717792530132,0.0003849083556656621,0.0006411178051805823,0.0006297920606424097,0.0004450987229899907,0.00026518135906233983,0.0003396385651894828,0.00026615427355993225,0.00043458601171583115,0.00030130550646733343,0.00017087640861928178,9.840652392833218e-05,0.0003001306625999616,0.000105813503839356,0.00036807811919404535,0.0002584286926454674,0.00023160897477872498,0.0006856702610315808,0.00029136225560277547,0.00018857289568556117,0.00020701306789432743,1.259070508931485e-05,0.00018558460620993978,0.00030581767591932995,0.0004955692995225352,5.511393725714583e-05,0.00012149953304134068,0.0005221768217066555,0.00010953225658864949,0.00038168476694567496,0.00026324216111632125,0.0005709061921556786,0.00042356170098118123,0.00017674207138544185,0.0004194216857141537,0.00014430395486622125,0.00034797843928392833,0.00041441121538109425,0.00012579094456989997,0.00011623509660104361,0.0002949756299046022,6.776557909943529e-05,0.0001868194347698562,0.00026508390336819735,0.00034063412016503144,0.00041876220477382825,0.0004381464033599517,0.0002316184388476608,0.00017243242473275768,0.0004501714992352299,0.00020231684048523376,0.0003054857437791855,0.00027337077378255376
"(0.8333333333333333, 0.875)",0.0007078776648265676,,,,-0.0006962662551631057,0.0004326209059100847,0.00010219303008940863,0.0005828361029525999,0.00028798052534461256,0.00010654394671967124,0.00026237265971543476,,8.938622515427791e-05,-3.341934553723805e-06,-3.204455179994728e-05,0.00021014185018649974,0.00025118870072081444,0.0001199936471443515,0.00029299105014821234,0.00018814647198421838,0.00032736444710137076,0.00022077242726389266,0.0004344391765888073,0.00016082166306963008,0.00013545108247213527,9.057138510216641e-05,0.00024209333644692317,0.00026517817552619013,0.0002873266096338441,0.0001952393519073476,0.0001619829486573008,0.00039016112493678486,0.0001275113541082191,0.0004321086691818919,0.00017348235075137684,0.00034950826820394327,0.00014754005699981325,6.704805857985756e-05,0.0002464740570708266,0.00022456778894050186,0.00019289465303802487,0.0002505676031382387,0.00016166292171426687,0.000347602975588715,9.544897668657726e-05,0.00017702509247051178,0.00033045267565635336,8.82054069848562e-05,0.0004236536078042819,0.0002795231167414361,0.0003241832726293967,0.00020175919977746468,0.0004982262710242091,0.00023114801052302007,0.00018394695302486943,0.00027960735952081093,0.0001331690663285277,0.00021828040696709534,0.00041516983974525733,9.337247696235104e-05,0.00020506616236116147,0.00024347238633432884,6.77836158326949e-05,0.00014433415904076965,0.00010400516538633115,0.0002685507383169794,0.0001211134415743809,0.0003024855933184484,0.0002327218867885734,0.00011393968733800641,0.000755796248742803,7.399730694005646e-06,0.0004081833311623233,0.000497785759184731,3.456880044252687e-05,0.00021885615558886,0.00017324665008451235,7.59243426396117e-05,0.00028481870205107146,0.00026808469616870534,0.00019435487809371348,0.00019218514922528682,0.00012503319422102702,0.0002647039353933019,4.106518877396625e-05,0.00027591821088819585,0.00041788421034616034,-2.4503157330344657e-05,0.0002838817219935751,0.0003834932856533058,4.196790303138165e-05,0.0003591945484830785,0.00031119079998825444,0.00019634077594436573,0.0004722946878038575,0.00028481805969626106,0.00020911410970435044,0.00017754009572659637,0.00034586874485782054,0.0001430185194696594,0.0002609706607602415,0.0004592931764386779
"(0.875, 0.9166666666666666)",6.126118519788255e-05,,,,0.002154641910838125,0.00019063097281875956,8.250291031691854e-05,-0.00038514974636024005,0.0002783745123147137,0.00011569023899347068,0.00030360596575416217,,9.681254987375388e-05,0.0005208799361374558,0.00029422754012663725,0.000204092322706149,0.00032034566802972744,6.837779399205079e-05,0.00037363037442168236,0.0003715682148722997,0.0004100531733692102,0.00021855341979442507,0.00020678015533506043,0.00017461893228564072,0.0002146066434060829,3.233406477128927e-05,0.0001515795556964351,0.00023989276789554678,0.00028327122677508057,6.391996074319383e-05,0.00016541369160864134,0.00021261064244915322,5.63318220479977e-05,0.0003075156945727469,0.0003240007863061813,0.000287511737749843,0.0002982727920801763,0.0005131582641781617,0.00015712639606289572,0.00012137894593027454,0.0004750991845167694,0.00015393526500416822,0.0003261275873187123,0.00017443976549257853,0.00012742796029820171,0.0002792785018957922,0.0003084189827651554,1.5541078329499966e-05,0.00028735790886689664,0.00028671547790609924,0.00027607179600502266,0.00027530753315132894,0.0005003093578526365,0.000133180958973788,0.00015430952007211375,0.0004647658305541821,0.0003141139841355584,0.0003597199418284856,0.0005498039107186563,0.00018414813290523245,0.00015931662976139023,0.000344411756388801,0.00011223885842540145,0.00020924236324125172,0.00035239643475476874,0.00036140219792079795,0.000334188950892369,0.0006696507762509333,9.889959328288536e-05,0.00010270247589587057,0.00011680472644531618,0.0003181029824388673,0.0003606710334126533,0.0004694414887722638,0.00021866377180054583,0.00015468186971994568,0.0003024386262749198,9.320080458251644e-05,0.0003215657108269439,0.0002093984364762462,0.0004986976913152435,5.287546669504137e-05,8.095355746580333e-05,0.0002587118549675614,0.00016354608315763172,0.0003228008665003012,0.0004062908935558694,0.0001316624037414382,0.00018550345367165542,0.0004368169473596148,7.487700848608855e-05,0.00030240376300629565,0.0003199926245031958,0.00028910753273624583,0.000491685761411549,0.0005746257705067094,0.00012846595175340693,2.620590272925219e-05,0.0004785522029963049,-5.412552966517614e-06,0.00020677766492440905,0.0002729330634293576
"(0.9166666666666666, 0.9583333333333333)",0.00036951691577626636,,,,0.0003384756130402999,0.0010255837648525904,0.00010786771518433976,0.0011969787583310375,0.0002282494316056398,5.730335609291132e-05,0.00028897540890498606,,-6.871649893310972e-05,-0.00015361630216917583,5.3503132464879214e-05,0.00021525863363220824,0.00039101234037544445,8.067964409095309e-05,0.00031245564316564206,0.0003546546234532258,0.00026250203285976424,0.0001854098988473422,0.0006346412266740325,0.00027824595534602705,0.0002100930846725809,0.00014169508372462828,0.0004724698919992969,0.00017710455385246932,0.00046872135007991575,0.00015137319894728833,0.00027060515927511365,0.0005021558400690131,3.8953749492010424e-05,0.00032243665084834804,0.0002725582451883384,0.0003594211582664218,0.000549396936601177,0.0007037777702897575,0.00019447936492233116,7.61401878307784e-05,0.0006431095158293279,0.0001556548908649484,0.0002763001226661674,0.0008034441073197729,0.0002602830002647019,0.00036136839413501156,0.0004615274148293355,9.207444869761499e-05,0.00024473252589995537,0.000174610418840266,0.00026240073365575104,0.0007429484639309117,0.000614390688081116,0.00016600062132004283,0.00014957168332805664,0.001010763131442293,0.00017149991311462024,0.0003463781199246301,0.0005485438779891377,0.00015209889178654016,0.0003772458735600405,0.00037130617914263477,4.198422317437669e-05,0.0004195682972170319,0.0001871178328450321,0.00033868934716022015,0.0007488722235398908,0.0007408208780892136,0.00017863145676078388,0.0001439816733148849,0.0012062533483493596,0.0002319718699539228,0.0004574679272487943,0.0003828492789102108,0.00010355868724901558,0.0002933382409357463,0.0003948384294403223,4.624072801594864e-05,0.0002705775678412563,0.0003455139805471612,0.0008240946111753819,0.00016850101159427826,5.426187245162893e-05,0.0008427643201120862,0.0001339889593111827,0.00039660267758914676,0.0005723914601981789,0.00011583642840861138,0.0001440551827004104,0.0003575362954428972,5.635223963499635e-05,0.000320972167526013,0.00028302882383337186,0.0003997585415269117,0.0006783075766708685,0.0006417500003832708,0.00013374542149997766,5.2364048448180955e-05,0.0010571080407378933,0.00025433981739971944,0.00043863110194098694,0.0010029563421223506
"(0.9583333333333333, 1.0)",9.039849319874371e-05,0.00014518814153762128,0.00014518814153762128,0.00014518814153762128,0.0034275487127425498,0.001140266678894294,0.0004863209797493306,0.0013999022073169923,-2.3357974617270056e-06,0.00016660725219769173,-5.841381817519769e-06,,0.0004139897486921124,0.00020645513664427608,-0.00010086584964015746,-1.7775625071084907e-05,9.542514040176233e-05,2.8646801059083385e-05,2.0660763166650316e-05,7.055711133212611e-06,-3.2618323486592105e-05,0.0005848264023041438,0.00025816238741412583,7.792574316688999e-05,0.0002854529265757181,0.0012859685926151655,0.000263269059898764,2.833400543509784e-05,0.00024728507828873555,-0.00012571874526884791,1.763466818043866e-05,-0.0002500278419212681,3.67183105574127e-05,-8.331639429279159e-05,-1.100498562611051e-05,-0.00010126588221775852,0.00027117739269222064,0.0005632283771673809,-3.885003548684742e-05,0.0003332493410561411,0.0018283821688835425,0.00024239041418366833,-2.33063119455115e-05,0.0004995055067644826,-0.00014605790833794967,-1.1856219435928114e-05,-0.0004225418908318007,1.2690901736553176e-05,-7.194553377390869e-05,-1.918596278399359e-05,-2.445131123221904e-05,0.00031710161077321095,0.0005756849125489464,-0.00013810447749313905,0.00038542847652631314,0.0015996994197607815,0.00012831060129177863,-8.524995032671361e-05,0.00048725280794331704,-8.061430010896739e-05,2.4044714196814958e-05,-0.0004604118120405458,2.1085580599025904e-05,-7.067053422014375e-05,-2.0285003016379918e-05,-1.8749216024571064e-05,0.00040666013115306886,0.0004028104778388925,-0.0001224788190020016,0.000441144405558414,0.0017002003009837546,2.5869611372815457e-05,-7.325337281344823e-05,0.0007029786550256516,-5.739406482849545e-05,3.5647659094464796e-05,-0.00047381224689327513,3.6331902977227396e-05,-0.0001050667880782445,5.2590050570213825e-06,0.0004784167958698798,-0.00010453706037163139,0.0004606547769292479,0.0021170051559514756,-1.842113857776233e-05,-4.351958502094301e-05,0.0007611708586496538,-4.396644286368404e-05,3.518056815460446e-05,-0.00045266170122569105,1.993011647597113e-05,-7.866467441361331e-05,-8.826657010041208e-05,-1.6540759303068636e-05,0.0007859476450149923,0.0003979671954831558,-8.549779179741934e-05,0.000479047720616652,0.0020748520853245455,-6.432825218994191e-05,-3.3869028521605844e-05,0.0005222178107935138
