,_id_rank,timestamp_rank,日期_rank,收盘timestamp_rank,成交额_rank,成交笔数_rank,主动买入成交量_rank,主动买入成交额_rank,涨跌幅_rank,昨日振幅_rank,昨日涨跌幅_rank,昨日成交额_rank,昨日资金贡献_rank,开盘收盘幅_rank,SMA2开盘比值_rank,SMA20开盘比值_rank,SMA2昨日振幅比值_rank,SMA20昨日振幅比值_rank,SMA2昨日资金贡献比值_rank,SMA20昨日资金贡献比值_rank,SMA20昨日成交额比值_rank,2日最高开盘比值_rank,2日最低开盘比值_rank,2周期开盘rsi_rank,20日最低昨日成交额比值_rank,SMA3开盘比值_rank,SMA30开盘比值_rank,SMA3昨日振幅比值_rank,SMA30昨日振幅比值_rank,SMA3昨日资金贡献比值_rank,SMA30昨日资金贡献比值_rank,SMA30昨日成交额比值_rank,3日最高开盘比值_rank,3日最低开盘比值_rank,3周期开盘rsi_rank,30日最低昨日成交额比值_rank,SMA4开盘比值_rank,SMA40开盘比值_rank,SMA4昨日振幅比值_rank,SMA40昨日振幅比值_rank,SMA4昨日资金贡献比值_rank,SMA40昨日资金贡献比值_rank,SMA40昨日成交额比值_rank,4日最高开盘比值_rank,4日最低开盘比值_rank,4周期开盘rsi_rank,40日最低昨日成交额比值_rank,SMA5开盘比值_rank,SMA50开盘比值_rank,SMA5昨日振幅比值_rank,SMA50昨日振幅比值_rank,SMA5昨日资金贡献比值_rank,SMA50昨日资金贡献比值_rank,SMA50昨日成交额比值_rank,5日最高开盘比值_rank,5日最低开盘比值_rank,5周期开盘rsi_rank,50日最低昨日成交额比值_rank,SMA6开盘比值_rank,SMA60开盘比值_rank,SMA6昨日振幅比值_rank,SMA60昨日振幅比值_rank,SMA6昨日资金贡献比值_rank,SMA60昨日资金贡献比值_rank,SMA60昨日成交额比值_rank,6日最高开盘比值_rank,6日最低开盘比值_rank,6周期开盘rsi_rank,60日最低昨日成交额比值_rank,SMA7开盘比值_rank,SMA70开盘比值_rank,SMA7昨日振幅比值_rank,SMA70昨日振幅比值_rank,SMA7昨日资金贡献比值_rank,SMA70昨日资金贡献比值_rank,SMA70昨日成交额比值_rank,7日最高开盘比值_rank,7日最低开盘比值_rank,7周期开盘rsi_rank,70日最低昨日成交额比值_rank,SMA8开盘比值_rank,SMA80开盘比值_rank,SMA8昨日振幅比值_rank,SMA80昨日振幅比值_rank,SMA8昨日资金贡献比值_rank,SMA80昨日资金贡献比值_rank,SMA80昨日成交额比值_rank,8日最高开盘比值_rank,8日最低开盘比值_rank,8周期开盘rsi_rank,80日最低昨日成交额比值_rank,SMA9开盘比值_rank,SMA90开盘比值_rank,SMA9昨日振幅比值_rank,SMA90昨日振幅比值_rank,SMA9昨日资金贡献比值_rank,SMA90昨日资金贡献比值_rank,SMA90昨日成交额比值_rank,9日最高开盘比值_rank,9日最低开盘比值_rank,9周期开盘rsi_rank,90日最低昨日成交额比值_rank,SMA10开盘比值_rank,SMA100开盘比值_rank,SMA10昨日振幅比值_rank,SMA100昨日振幅比值_rank,SMA10昨日资金贡献比值_rank,SMA100昨日资金贡献比值_rank,SMA100昨日成交额比值_rank,10日最高开盘比值_rank,10日最低开盘比值_rank,10周期开盘rsi_rank,100日最低昨日成交额比值_rank,开盘的3均值比-2均值比_rank,开盘的30均值比-2均值比_rank,开盘的4均值比-2均值比_rank,开盘的40均值比-2均值比_rank,开盘的4均值比-3均值比_rank,开盘的40均值比-3均值比_rank,开盘的5均值比-2均值比_rank,开盘的50均值比-2均值比_rank,开盘的5均值比-3均值比_rank,开盘的50均值比-3均值比_rank,开盘的5均值比-4均值比_rank,开盘的50均值比-4均值比_rank,开盘的6均值比-2均值比_rank,开盘的60均值比-2均值比_rank,开盘的6均值比-3均值比_rank,开盘的60均值比-3均值比_rank,开盘的6均值比-4均值比_rank,开盘的60均值比-4均值比_rank,开盘的6均值比-5均值比_rank,开盘的60均值比-5均值比_rank,开盘的7均值比-2均值比_rank,开盘的70均值比-2均值比_rank,开盘的7均值比-3均值比_rank,开盘的70均值比-3均值比_rank,开盘的7均值比-4均值比_rank,开盘的70均值比-4均值比_rank,开盘的7均值比-5均值比_rank,开盘的70均值比-5均值比_rank,开盘的7均值比-6均值比_rank,开盘的70均值比-6均值比_rank,开盘的8均值比-2均值比_rank,开盘的80均值比-2均值比_rank,开盘的8均值比-3均值比_rank,开盘的80均值比-3均值比_rank,开盘的8均值比-4均值比_rank,开盘的80均值比-4均值比_rank,开盘的8均值比-5均值比_rank,开盘的80均值比-5均值比_rank,开盘的8均值比-6均值比_rank,开盘的80均值比-6均值比_rank,开盘的8均值比-7均值比_rank,开盘的80均值比-7均值比_rank,开盘的9均值比-2均值比_rank,开盘的90均值比-2均值比_rank,开盘的9均值比-3均值比_rank,开盘的90均值比-3均值比_rank,开盘的9均值比-4均值比_rank,开盘的90均值比-4均值比_rank,开盘的9均值比-5均值比_rank,开盘的90均值比-5均值比_rank,开盘的9均值比-6均值比_rank,开盘的90均值比-6均值比_rank,开盘的9均值比-7均值比_rank,开盘的90均值比-7均值比_rank,开盘的9均值比-8均值比_rank,开盘的90均值比-8均值比_rank,开盘的10均值比-2均值比_rank,开盘的100均值比-2均值比_rank,开盘的10均值比-3均值比_rank,开盘的100均值比-3均值比_rank,开盘的10均值比-4均值比_rank,开盘的100均值比-4均值比_rank,开盘的10均值比-5均值比_rank,开盘的100均值比-5均值比_rank,开盘的10均值比-6均值比_rank,开盘的100均值比-6均值比_rank,开盘的10均值比-7均值比_rank,开盘的100均值比-7均值比_rank,开盘的10均值比-8均值比_rank,开盘的100均值比-8均值比_rank,开盘的10均值比-9均值比_rank,开盘的100均值比-9均值比_rank
"(0.0, 0.041666666666666664)",-0.006647486563395606,,,,-1.4409939563557577e-05,-0.0018722307319740208,0.004859773934654009,-4.021252555288027e-05,-0.01068284035983474,-0.004005529739134927,-0.0022014898183422243,-0.0006304021422409224,0.0001917479918830173,0.024801546271306752,-0.0015863475560648304,-0.00545050225828717,0.001172364077302865,0.0006543762727197045,-8.313513787711963e-05,0.0006837773947206511,-0.004629995093142514,-0.01840210016769377,-0.001674201846196839,-0.0011655494649155378,-0.009119883481085691,-0.0011784627774916608,-0.005197065672335415,0.0008477578482978076,-0.0015334871988779543,-0.0024724931500295835,-1.2207763486843592e-05,-0.004290351393076021,-0.021829666700527876,-0.0029418685149459846,-0.002604536423949383,-0.00723815275109387,-0.0004869534583128022,0.02759585732265464,0.002500207383039759,0.011245733366477568,0.001970007260981273,-0.0022108575832204026,-0.005962963296609,-0.01360642437970221,-0.0007217126434035648,-0.0020543857720970635,0.023577640337154294,-0.0024413766524529895,-0.0010275242560427865,0.0038043321296428387,-0.001076256989357386,-0.000556544703641243,0.002494984972655238,-0.006435918712238456,-0.008110632435660986,-0.0003383573988630516,-0.0001867828901019956,-0.008355756869081413,-0.0025287409285773515,-0.00047215461873086035,0.0031338083664621285,-0.002021964873542222,0.009253778168790921,0.0005536613509485572,-0.007215562663223211,-0.007372617399397033,-0.0009359232782946967,-0.000624599903826544,-0.008725468346780308,-0.0020766502850217065,-0.0022273790938460315,0.002880278484527657,-0.0036797402090512827,0.019484293839054357,-0.0004535496252584132,-0.007600130472205965,-0.007545534206543916,-0.0024633033837595237,-0.0008061666438149867,-0.009144391385418,-0.003976023388004606,-0.004390852928327856,0.0018309426481618767,-0.0044939621671948645,0.0005764696832159734,-6.542628189661761e-05,-0.00894785544035401,-0.008984233919004199,-0.0028660401591085677,-0.0009748536807175327,-0.00965781778516864,-0.003970078408024334,-0.004072463414259702,0.003513157803672524,-0.004892743538949185,0.0028853315682126476,0.003858873812917028,-0.008140325080450424,-0.008493770656974634,-0.00328252450902024,-0.0011543727353374904,-0.009501268968580756,-0.004348698278776336,-0.004853189222359021,0.0033678751446065626,-0.004352366886270749,0.012421310188384015,0.0035322857627843153,-0.008622590093757723,-0.010783060140661365,-0.004603553547134985,-0.0006301586455092646,-0.008861309019864776,-0.0007284609531304268,-0.005889174320643819,-0.0002303874410946603,0.02782155482142326,-0.0001933413647690549,0.027702281342389373,0.001143195052329221,-0.0005282485902835528,-0.0003372305171192758,-0.0005541681718034777,-0.0017775212713408608,-0.0007291237601829722,-0.0007644803963747328,-0.0010050639345241833,-0.0016912125122795034,-0.0013359871658322432,-0.0010026602643489393,-0.0015070150261395168,-0.003985724418860451,-0.0012476370063865961,-0.0008861681544934483,-0.0016871170322967084,-0.003394360158721987,-0.002340460149342757,-0.002484587954782091,-0.001952231502815579,-0.0032223070793817913,-0.0008711283070006722,-0.004517252972908256,-0.001064683901595616,-0.00039674260681649604,-0.004550956772241483,-0.0027866913307439288,-0.005506867317080186,-0.0031436365472355867,-0.0055686489879701265,-0.005049820480727283,-0.004879192856017961,-0.004422875549204342,-0.0053112830868631495,0.009986351877112935,-0.004713664585406732,-0.0008627727864219287,-0.004291494846704545,-0.0026697465142052337,-0.0046311119047276845,-0.002746524335957076,-0.004371774538603712,-0.00484155948943347,-0.004615591925781425,-0.004145782056488482,-0.004078574189398721,-0.005697132777129462,-0.003543709014076512,0.008169588509080247,-0.003543314307913477,-0.0019006883634915064,-0.0049587395114480395,-0.0033054632301479053,-0.004312464146328806,-0.003210362385155976,-0.005129502707082217,-0.005264252928392984,-0.005608952899989865,-0.004271095327615568,-0.005814047211004036,-0.00637091931234469,-0.005414786554066664,-0.005712924370072294,-0.004753430149422523,0.022752269425607825,-0.0035456173727077254
"(0.041666666666666664, 0.08333333333333333)",-0.010871947572362612,,,,-0.0049167111722214635,-0.00823594244494586,0.0023179588665969073,-0.004554297580605328,-0.006594076549184461,0.0008423598840246654,-0.0013620697130465253,-0.005044853324053693,0.012542529681587703,0.020404052426309025,-0.0016416568908960945,-0.0019175016652911926,0.0023465568629050244,-0.0008322252408780952,0.0010121299415708296,0.002908083888415156,-0.0003345896837882995,-0.005514400863937388,-0.00068420370781682,0.007131614360737595,0.016041055559502186,4.405409474700409e-05,0.0005912941174406691,0.0024013343159657945,0.002728549484913358,0.004194738565608088,0.004097772805656041,-0.0030381876681210384,-0.012167458123127771,-0.0002829889422032376,0.0020709984433822507,0.01860554378380124,-0.0026698176302610475,-0.0009808071010955102,0.0004628851384810629,0.009172472768119467,0.001825816406075686,0.0036089268614564896,0.016061132787981283,-0.012439310151859418,-0.00020815606311347097,0.001524903749784055,0.0036056199056328027,0.002068909005730981,-0.0033923475879068512,-0.0008552825726537541,5.400166894357515e-05,0.002804698846249324,0.002043305063087456,-0.0018900177698000947,-0.013292976799804063,0.00024379027479804776,0.0009868377160292825,-0.002471388715212124,0.0004934349387446858,-0.00494124533719205,-0.0008497798467261357,0.001284469850706016,0.005734700310738575,0.004742018646136263,-0.002031554810785052,-0.016144184686649844,0.0010095980939682494,0.0029384074836083943,-0.0036894269435877405,-0.0007432830593824886,-0.002346992472944056,0.0018403509308128653,0.002721242276119617,0.0011826711884054442,0.0017291279683907855,-0.0023454191886356896,-0.015263658666230686,0.002703424730511588,0.0038667920980518045,-0.003306472220444112,0.0014310939627994355,-0.002604484578653985,0.00398343273225034,0.002631134221223227,0.04168202632068236,-0.0004544909370494797,-0.003927080982384092,-0.013983821486495391,0.0015855668197409737,0.0044880931074386295,-0.004356545961950812,0.001494362064582145,-0.001944729900089189,0.002482005248465686,0.0028335079849273453,0.0015919939112998209,0.0011644555407801188,-0.005382771282879979,-0.01470733666448114,0.0021692202545310676,0.005342842773310074,-0.00425899613158239,0.0007156332305954335,-0.002895663266915239,0.001450533439345251,0.0019789542950018504,0.0007499689410082379,0.0009627404998782731,-0.0058788446308151296,-0.015017824285601156,0.0015668199986821688,0.005192418967529983,-0.004617580230462333,0.0014545554194654387,0.01573105569114796,-0.0005818420359223682,0.0006908484243531967,0.002867370042056315,0.00044251013659574157,-0.0009679054473986574,-0.0030851346639795114,0.0005315669802649985,-0.0017222648018887466,0.005235620075673333,-0.0017488982529973607,0.0003790253626998298,-0.0032119554757934913,0.0014332973006629644,-0.0023314896906195632,0.0013153467364679068,-0.0016235715048684585,0.020624123189240097,-0.0013575617438813497,-0.0017617583719474303,-0.0029417075903838317,0.0019130970003323373,-0.0018423332243638658,0.0028971214077234877,-0.0025917798854884666,0.01801828152716661,-0.004017245787204863,0.016185053502191467,-0.0033577325364851076,-0.0016174469912615505,-0.002281141527303653,0.0016585450208368403,2.007704809708377e-05,0.0010173457094197773,-0.0006426509376881775,0.017485710413112095,-0.0012817584988629855,0.02915535349070532,-0.0014941528458559596,0.01481597662919776,-0.002278221353953369,-0.0007986692490505516,-0.0014465098933911752,0.0006235339408896357,-4.5041097660384734e-05,-0.0007648747516379707,-0.0009503293350174707,0.015239995671430355,-0.00043828642034413523,0.027233759067804723,-0.0006090467608873072,0.04047708396269686,-0.0027284334077116845,0.011432377934180699,-0.0027625813791761654,-0.0018617979328919296,-0.0021803955465625365,0.0012388049582797648,-0.002279430635584923,-0.000763588452209619,-0.001206076863525911,0.015204418466056779,-0.0009471142322758523,0.026416709787563466,-0.00016039707249263538,0.04048707703334752,-0.0024628219962198414,0.03905509916315675,-0.002942911712479019,0.01280816010785526,-0.004383538555967179
"(0.08333333333333333, 0.125)",-0.008246125730214488,,,,-0.00588412266254474,-0.00586571464663503,0.010356275478315798,-0.007052468447816175,0.007255906444656588,0.013288580385960522,0.00720876296298399,-0.003120237958157208,0.0032278865498249617,0.005227525766197905,0.008314653721254495,0.02650587435418994,0.015210925582278538,0.0016314480564290964,0.0025531839749979575,0.0004239710058544574,-0.003287799305029113,-0.017445797133690856,0.010294051849853127,-0.0018834584546579148,-0.00022319320806489057,0.002776215222984217,0.05679341227633371,0.0069413970862480575,-2.394274330664945e-05,-0.00023678446836964727,0.002773165767671402,-0.003067391966177767,-0.01209447070946708,0.0003669715783377871,0.005309983449302541,0.0285630750800525,0.005146466242093547,0.0042942349687345015,0.0005358844455765735,0.009885416586607784,-0.00014502805418591984,0.038402360360375205,0.00963476043422843,-0.009900772089677688,-0.0007191146303441575,0.002274713883147424,-0.0013575660469452508,-0.004200610116734805,-0.006529256888582972,0.0012057055440088291,0.0005208044423628388,0.0195001282191669,0.0001693376256962207,-0.0027309202223528995,-0.009633674722128921,0.0011626166316670043,0.002068221268790716,-0.00396200347749751,-0.0032311839173688487,-0.00667406463877096,0.0030821948921975154,-0.0014654028603260098,0.005031052022139858,-0.00011717231390211477,-0.0011332774155733364,-0.00852561217785076,0.0007144095844903389,0.0014940725821659775,-0.0016775475265605791,-0.0009566174030391795,-0.008257833511298383,0.0008860452072824243,-0.0020104629020823235,0.014314311893352354,-0.0009625153652528839,-0.0027568361914715334,-0.008635850016796821,-0.0006767446988787629,0.0014376806761006587,-0.0034240254994285387,0.0003546471000258691,-0.009218595786200604,0.0005692010616052019,-0.004031708763421428,0.0014116593072273545,0.0004713797138740823,-0.003509886129102956,-0.008101187408089426,0.016211167099249173,0.0029813755034361717,-0.003959479845396063,0.0035086361899695027,-0.008618863834920056,0.000503424851191924,-0.0043197095729306115,0.0019301001938492846,-0.0012833053733517501,-0.0017860168732273072,-0.009023342078390423,0.015150114119550835,0.0017408210903711965,-0.002670439671328814,0.0011045450732843978,-0.005286915575965672,0.0021973974542005255,-0.004436952330995983,-0.0024595811246506203,0.0015697374233270293,-0.002249709534832449,-0.010126512118693603,0.04407992663815016,0.0009126961798317531,-0.003292157906511584,0.0017361616948757329,0.052459422735906355,-0.00023176126960148174,0.0034049723940757963,-0.0025893417669589944,0.0032866817636255444,-0.0013396366327860633,-0.005725912798108271,-0.0011457033646219536,-0.008220507846444756,-0.0010633523519625538,-0.008329646188383937,-0.0010302750134840986,-0.008098703526260631,0.0005738624704121064,-0.00823380108981653,0.0008149168338423876,-0.008331834323334987,-0.0015452358076192617,-0.008580331554771082,0.0005936084553176069,-0.008026079518287118,-0.002719868650849813,-0.006742847128211917,-0.0011884510356136736,-0.006833524491891261,0.0010314159254342912,-0.005543131335977429,0.01713962454523843,-0.005965759278303059,0.0010546697665171525,-0.009094396137722501,-0.0026127836722683343,-0.009625901147875093,0.013883416467850924,-0.00874170256882743,0.0015495383348427616,-0.0071346087441013315,0.0007063742555580734,-0.0070952721225910655,0.015473898161067617,-0.006706238017948064,0.00021168265706561354,-0.008315665307062368,0.00026800482118038353,-0.00840644088531977,0.018522580822972593,-0.006088398374569026,0.014576530258562603,-0.005628221919713219,0.002542754783546632,-0.006331937129846491,0.003643498040350021,-0.004862834121241521,0.03207264558810979,-0.004547857573082708,0.00397785898698014,-0.004684605344498034,0.016505330514072634,-0.004807599465715663,0.01924952379607724,-0.005348289886798803,0.014582299475824628,-0.004048371647989247,0.0031970308888229744,-0.004509449376964688,0.0029121163550395977,-0.001941238830502298,0.01645142263419957,-0.0029311025704196105,0.011779742772341034,-0.0022585385486314485
"(0.125, 0.16666666666666666)",0.007611076812207247,,,,-0.007205331087174282,-0.0073888503994115964,0.06145018954917701,-0.006492722128265789,0.0014755343559654946,-0.0006383430853560841,0.002241790088952941,-0.006171529425378384,0.011496564699786967,0.0005676693616319396,0.0012018083375543375,0.03381619586787336,0.01637122417977042,0.0010376918239037411,0.006372771921718179,5.881736393102778e-05,-0.0001434444703965283,-0.00823097722184121,0.003698475326395167,-0.001660782521278086,-0.0014643339593991274,0.0033157247705179363,0.008228806889295026,0.022455550171674922,-0.0007720190461014186,0.0035314701357114565,-0.0003726088067314197,0.0009572177350039733,0.014069532788315225,0.0023050126875081836,0.0015755083181242635,0.01885573829768389,0.0064844272665280705,-0.005002737461650301,0.017390215418461828,-0.0009394290372957547,0.015803260388349515,-0.0008439984543044307,-0.0004068726033261889,-0.012042586696027466,0.0013420435593557596,0.006266319628884708,0.0008254040085198166,0.007849961878353753,-0.004152799668107674,0.02305694443110242,-0.0035096452956942044,0.001292252388551769,-0.0002898246109431064,-3.213247229577668e-05,-0.009370205872767936,0.0025298356556979706,0.00881549788336759,-0.001507521504181009,0.011333343788882155,-0.007086136403441288,0.0028862208101043687,-0.0016153911295309692,0.0029397102822796947,-0.0001510685588268269,-0.004050516175388673,-0.009629456690874092,0.00409137384425949,0.00809569171348848,-0.0025496188080797195,0.011940802553622594,-0.009189462739923009,0.005824864456210085,-0.0037695189299941606,0.012313530435812417,-0.004348331939105976,-0.0040283254570383465,-0.016880107853649455,0.017931331476850665,0.010211252523142237,-0.003917952793219831,0.003458430732638668,-0.00978384933378916,0.0023521064881313267,-0.0037917342190552203,0.004303233579416451,-0.005738748581624733,-0.002252358372593791,-0.012097645660075516,0.016181458641460138,0.008571366547715968,-0.0027819122101371235,-0.00017393016905355597,-0.007505000300327564,0.002997700233278938,-0.0021169568656764625,0.010108786449246758,-0.0012871268301672784,-0.00229735461629011,-0.008171872072552724,0.03106081001572626,0.002249040284678511,-0.0015616383226293095,0.0025910685006897537,-0.008693752228471763,0.00233616129589731,-0.001738352379498223,0.0041084927442517506,-0.0016797182736946054,-0.0019658736120757715,-0.008113637981545739,0.0035821602710057396,0.023271885898476462,-0.0006841083685597934,-0.0019335687511659485,-0.003789701792801569,0.0013294499676562406,-0.0054462424336511805,0.0015101829700476862,-0.004683890749954832,-0.0004018523379012529,-0.006519217343433337,0.0024600031408576173,-0.00414067654285424,0.0022696244806454783,-0.0034996641063347695,0.001094542614621198,-0.0048582186031394595,0.0009257697314182649,-0.006462745608146032,0.0007454145751044358,-0.005649848067103631,0.002190661199137381,-0.00688848042172418,0.0007698669343509068,-0.007967687326813624,0.005089078804481938,-0.010197598643791795,0.0018046949087705587,-0.008380045910246877,0.0012260922401806755,-0.00803639820116807,0.002964047776441941,-0.006992260521046957,0.0012045760841686945,-0.010043539460434335,0.0034708948078819623,-0.008317852017801183,0.005101454119293746,-0.00840506440285925,0.003445974614331469,-0.008975895885093444,0.004624237429022141,-0.007490750060715131,0.004197652094492417,-0.006389843607886076,0.0048102657355689115,-0.006445247437224989,0.01976007463751385,-0.005314296464479046,0.003560085154169123,-0.005920223341926261,0.0071554956533894844,-0.005796569074231542,0.002210421379765461,-0.004668107089158853,0.003313520298707985,-0.0033754482823917962,0.0027649192342748016,-0.00381741927400041,0.005715012610765106,-0.008651126198635575,0.004944169539662554,-0.006976830183246225,0.017586302715062677,-0.0053488400197369765,0.008290087238200829,-0.006169783070697968,0.016819623320977514,-0.0055200929366196125,0.006287902965575203,-0.006108651472085594,0.005372138258950246,-0.00484152174602319,0.019482054640939005,-0.004383645661787292
"(0.16666666666666666, 0.20833333333333331)",0.00032568851563046224,,,,-0.004679664482273872,-0.002475172306812548,0.006410553228664064,-0.004739292788897481,0.001120578315778595,0.007972757257267175,0.0036632216140915046,-0.0023613092924821676,0.0003698225146826581,0.0004534765884311189,0.004333860030279877,0.009077657749031642,0.008705937197357384,-0.001970785785129663,0.0041395302384707264,0.0011333680931861843,0.0012461155983132868,-0.008502575213200957,0.007154352215118307,0.00175647989258863,0.0021368336448297854,0.016596539197517416,-0.004791733853504088,0.003031520057706382,-0.001173927132168985,0.007273911118176708,0.0013728933752701694,-0.0012489540751195562,-0.007886055378489841,0.010433269342079658,0.0016547657240192737,0.00024306470471611267,0.004605354386723889,-0.006395240916594077,0.010866409733744867,-0.0028225570327236505,0.01951517283311118,-0.0016288614226207955,-0.0008233994823058807,-0.014427954561156316,0.0059270316905205185,0.002674278107257053,-0.0022624101405818464,0.003450217802612899,-0.008521815953957217,0.006015386304834238,-0.0025419442470670027,0.0046932069316101156,-0.002743306808471408,-0.0019486334667695579,-0.012504199422095208,0.0037450037531664045,0.014770140482773628,-0.0030173303641800107,0.0008566994533806162,-0.004066741472939932,0.011735295027144812,-0.003740835969378569,0.020626826560507135,-0.003784691485462508,0.00037999571529849437,-0.01156824226401278,0.019742783938320935,0.017175445498873166,-0.003417794166233725,-0.00013047077939707237,-0.007754687322005308,0.009763825078549877,-0.004526850880222969,0.004720740957462258,-0.006041743643912751,-0.0034312900723296917,-0.009251254800206813,0.006019161980092031,0.0155521385775576,-0.004847434331689352,0.00014647785052778126,-0.009614735533815534,0.012013016643802379,-0.006254905014372559,0.025782770513497522,-0.0052474752581106255,-0.0029694810136185333,-0.0014558323300173988,0.02044632874226273,0.013292464238050855,-0.004283524958930699,0.0009568566143744263,-0.0060032240034537275,0.0031923865458630546,-0.00275353131609125,0.012617020467700827,-0.0032089815381918492,-0.0005149415474687899,0.0013385152504865635,0.016739663245995736,0.022033841496454026,-0.0019426851112176592,0.004103303363575603,-0.008257130751756351,0.003013328109961199,-0.00237666590082038,0.007049653863521737,-0.00517448106254226,0.0001436472453813304,0.007650143061616216,0.003693811012796666,3.2140244651847074e-05,-0.00022402752989182436,0.014272738132910617,-0.0009523998740713356,0.0024810382197868316,-0.00426128870144782,0.01372838337980814,-0.0019676710605063498,0.0053108371600846015,-0.006382813887179588,0.0026020895000282234,-0.005530498560084137,0.00029057498156109514,-0.008060909056744628,0.003494902837925414,-0.007080257166428843,0.002342245484949164,-0.005441367743516531,0.011872652528144397,-0.006380214269771396,0.009535075640662357,-0.005123116810577311,0.006004270276041189,-0.006250455480508534,0.004861821020707749,-0.006714691428375352,0.020560932170468126,-0.007085200108224483,0.0013857655720770855,-0.007243906283745575,0.006536119373612889,-0.008207774965171019,0.003130845724762923,-0.0069160507764267996,0.022272219588121492,-0.010270207649152882,0.0035796274692433193,-0.007505793496074117,0.017902824205734226,-0.007557146143081012,0.004783975809302475,-0.0083596873083302,0.003522129656440313,-0.007846432635487706,0.0007905749536822279,-0.005880621956335246,0.002147011352650173,-0.006097702232029146,0.01967464733329965,-0.00559444115449951,0.0030663519086583705,-0.0058736248728505575,0.00552502009450516,-0.0058052613806530515,0.00453846379185575,-0.005405329512820724,0.005455856180000922,-0.00403827509797967,0.001534564497822732,-0.007218182973112694,0.006967581516238124,-0.00624536843285078,0.005362548084152262,-0.00735350320738769,0.0030240215640530603,-0.0073617826460347984,0.004138873791531634,-0.006147505902875252,0.0017215117619865294,-0.005861129512383745,0.004750962154677769,-0.005171332644958875,0.001694617175112403,-0.006564850062617705
"(0.20833333333333331, 0.25)",-0.00630041692717005,,,,-0.004001574648423058,-0.004533107542557137,0.0033403629703821136,-0.004474808790496742,0.004116364228445932,0.021770699182226058,0.003009406093804478,-0.002432702809521266,0.011949528795421252,0.0037750146785010623,0.018534030559047274,0.002169115829075137,0.008331320838672577,0.0010927477518320049,0.004230674856002364,0.0009060549971655756,0.0028770457007132105,0.008175949178749043,0.008500870060921348,0.002348811388814696,0.002244227354465289,0.003410484738322907,-0.001040655521904879,0.0038894283873967673,0.011799250392558566,0.029002153117012548,-0.003765293297339853,0.0012887088437657178,-0.003723253119692122,0.007553771595805188,0.002573875326863179,0.001406345455116694,0.003143471463932109,-0.004086516099758409,0.002726741739649493,0.004825139949472802,0.0052784015379631994,-0.004373489959844647,-0.0003400208245494774,-0.0070500971244121,0.006815703323839195,0.018458515391582577,0.00042051727064797725,0.001703504156977853,-0.005231623827864288,0.005016930491278407,-0.004685748361494163,0.004068016038434188,-0.00825435160372356,-0.002786309023907691,-0.002683288574422601,0.0025979337696870105,0.006245521630510694,-0.0032070815381735397,0.003674695319954392,-0.008891706257561284,0.01859354802598054,-0.0033468800265678885,0.0024152921007477694,-0.0026721269671605703,-0.003368967622499359,-0.003832485159130779,0.005114333556914834,0.003758777467460234,-0.003765212555904411,0.004781273594241347,-0.009987838969016213,0.001633558816748106,-0.0025309122426059407,0.0030470701045634033,-0.0021238141183305913,-0.002403797828047995,-0.0019057825595654673,0.017936606064388003,0.01876407592494961,-0.005114234707422003,0.01362412405157748,-0.008320607750881464,0.0005134189767453557,-0.002111391413784353,0.0033556325641425845,-0.004843299993679925,-0.005443589370704746,-0.0010706069229552623,0.005068591953901723,0.03474259030724602,-0.003539980351604501,0.005654951286121327,-0.007131793994865177,0.008878485585871421,0.001223258959689814,0.0037124803709028616,-0.0006104943709856442,-0.0017783249643229808,-0.0023584523546409542,0.004062826204291948,0.042177102453497754,-0.0002957023304253129,0.004153559927903388,-0.003289873902844208,0.002641462054899445,7.91302247423303e-05,0.011920012921099982,0.001425506055745016,-0.002605432500066735,-0.002316648434965594,0.017881052002306937,0.03939130031052058,-0.0020147870611116484,0.009870132477330991,-0.0023488901205597074,0.014013296398130636,-0.0033439584829697616,0.0031792360637606957,-0.0025346295074270414,0.009539798410283826,-0.004385170322908824,0.010234923517446993,-0.006993806069272162,0.01746962618475205,-0.004029397999487149,0.012187528420321914,-0.005283471969218355,0.009167612848599798,-0.0065919306700486305,0.017392316392837358,-0.007730851394346681,0.001865021381310347,-0.007609030285444134,0.010259099580122295,-0.009970723383711005,0.01724691770378209,-0.007953539845716727,0.0010197007914174148,-0.00941692909551523,0.019845667148777054,-0.011107943154657006,-0.0002893578287533041,-0.010274678300426741,0.003487250512996747,-0.009093046103053084,0.003928443958125832,-0.005748371856043165,0.003446123810869097,-0.008357241470631637,0.0020273081558161966,-0.008544094132340738,0.0036242213545236344,-0.008609206977683206,0.004070911080306843,-0.009784897278789405,0.004825349498734079,-0.005856118780244029,0.0066964968748348085,-0.005932300363637866,0.0036351363460018055,-0.006781641050285464,0.003053463691594939,-0.007159917996630014,0.017578976504490994,-0.006770938386352241,0.001760154007594803,-0.00807646158492763,0.006371029782688596,-0.0071315513616373675,0.018317645311298685,-0.005473782433846272,0.000339484770994044,-0.007297412076798844,0.005037981465866172,-0.0065345007636092006,0.019286825988450225,-0.005243116011396215,0.003351665715796313,-0.006004088395429678,0.0154839940437644,-0.0040188038879936,0.002831900900418154,-0.00514656641676088,0.002209780580720533,-0.004016477686333338
"(0.25, 0.29166666666666663)",-0.0008202780364866443,,,,-0.003362880882364805,-0.0037411205205213805,-0.0002193986741318239,-0.003455754892941262,0.03432941391513975,0.002432327209436071,0.03185382337833628,-0.0008313204647823011,0.0014299552798782021,0.0013083180590149751,0.0028931376721251043,-0.000865766241372235,0.000175156625190308,-0.0012928748529785522,0.0039116116320682785,-4.320330124284766e-05,-0.000993312471305575,-0.01245402143220796,0.010210001348030288,0.006173545197870092,0.0026252106732526483,0.004635261627365992,0.0005887877863603172,0.0023697295957453494,0.00026379670851370745,0.0027429206318525853,-0.0012029871384343148,-8.541416217431326e-06,-0.01196745239120129,0.008170012457685548,0.007706919074934369,0.001236755014398126,0.006412382920963869,-0.0017736680531842393,0.0037914121524357516,-0.0025558780363733836,0.004284302930030599,-0.000831305517182232,0.005162723983486723,0.007819605632101118,0.013349554658165395,0.008510990377575196,2.15191038398563e-05,0.0064594754093775944,-0.0064424267242810095,0.001797451915272996,0.00011490278116749204,0.0020662346738883172,-0.0035943133264846757,-0.0018014748778926435,0.005123410349474515,0.006635758488127409,0.020525180432277943,-0.0024256980159508444,0.004889924351299505,-0.005171811694142447,0.0023313620104918435,0.0012156906729348489,0.012933630047551489,-0.0028632717697498733,-0.0014112060692829957,0.01041531939792681,0.00411578761352512,0.019029564959989184,-0.0007661890579762198,0.005013388011318279,-0.008167655140028832,0.003347058143394171,-0.001428155644692681,0.0033369917283506993,-0.002357401154437491,-0.004731065381978138,0.009547319518803296,0.006605377895964263,0.026325447035439934,-0.0036614914783968675,0.004185499815146545,-0.0077435599932532545,0.0031262997674586395,-0.0024440946757322505,0.0035366021506473993,-0.0028197063581197703,-0.0051304489987322914,0.008559866263483823,0.004972280446079597,0.01405860494325841,-0.004688153432595666,0.004349439035376076,-0.0034589029187326644,0.0002586288195860438,-0.00223747837823465,0.004195801573202489,-0.00159524146772138,-0.004541820072195303,0.011925163423216784,0.004389561234899148,0.004107468713831936,-0.0014679365672996174,0.004851282485894913,-0.006781017593763456,2.049405123825706e-06,0.0006127278384793838,0.01340823336090127,-0.0026771901206946577,-0.002911904907839317,0.007821408055891231,0.012030044698776617,0.005760553811320695,-0.0008679973297650111,0.002511269477186719,1.0844343178604866e-05,0.012851145756874701,-0.0020489174940565677,0.002103876715335371,-0.003806873246632546,0.009982806139008682,-0.006766755429402826,0.02044708994677343,-0.004483598275501982,0.0027433048977231404,-0.005192300286986461,0.0011235469072515313,-0.0067062983219358515,0.002049385486660908,-0.004007529422909381,0.00019100656192963688,-0.002387545668299607,0.0034368279245666987,-0.002673959065809647,0.010105680063046822,-0.010288332158443454,0.02612321892327671,-0.010317770114820456,0.0029625729887825043,-0.00793952837302991,0.01763975590399127,-0.006610678543664899,0.0018590747651433715,-0.007532659321954779,0.004837709859971676,-0.007889287610905925,0.002086105478483211,-0.009012023227041283,0.0020026838375300235,-0.008302493109944097,0.0016396119032773158,-0.00927838792051259,0.01739315316958466,-0.008802737425743362,0.0010271737837629794,-0.010033686667329558,0.018694623359816524,-0.005734644322247222,0.0027877288172973246,-0.006148736697933793,0.0013468253468711443,-0.006694686514412257,0.003683547764402479,-0.0036029881006911777,0.0027805035436708997,-0.005084774432771681,0.006631342678576426,-0.007138886417379511,0.0014686775452166566,-0.010245345476819783,0.002139300799274013,-0.006169142178250898,0.0012536203124073205,-0.004019123245626411,0.0015250457432697368,-0.005583906351404717,0.001705144008721903,-0.006617045483041948,0.0052535467439185305,-0.0074587861319778065,0.007499149209703721,-0.008267407513851065,0.003292174377305942,-0.007917449787343222,0.0032709970100612998,-0.00797733188792005
"(0.29166666666666663, 0.3333333333333333)",-0.0018129826075719835,,,,-0.00107429701222681,-0.00040390758996936276,0.011013466931884926,-0.001570771308460903,0.0026792673048156752,0.0124081068444133,0.0024377478321885734,-0.0009337957746563816,-0.0010990353261911827,0.00434433206635598,0.016319176470902228,0.0015840580455321461,0.004491311775309602,0.002360075237890973,0.004446467875252527,0.001080120878253393,0.001912824271134368,0.018836651634096084,0.009113178999122184,0.01253100636223937,0.013301152793144675,0.007553379904693051,0.0033728195274135976,0.003609466065081776,0.007380327432431748,0.0029200221757960925,0.0017195701113512792,0.0007999003501971457,0.010891963865479517,0.011707516507848181,0.03186282613438567,0.0008835816247490329,0.0052485342119704785,-5.383607301224456e-05,0.0025050762005097644,-0.000873902457436681,0.011858531920084892,-0.002196600828633395,0.0012309592601593533,0.005895969159552281,0.009716913218090229,0.018929449085941297,-0.0003799303697356121,0.005541938610255744,-0.003858911634031238,0.004128127636203883,-0.001525881301882415,0.01184100496201697,-0.0033547702670944446,0.0008888422143492392,0.0019010584274741797,0.016052940750757267,0.006499394551540847,-0.0004151946801663633,0.006457547544378769,-0.00400041646935724,0.0048246137392210725,-0.0005914190009840491,0.002796608314443153,-0.0009052372757559071,-0.0021479862384648986,0.0049045478958723195,0.013191808876387363,0.008549060149828423,-0.003944224063606106,0.004097649644732818,-0.003143849622376963,0.0015568294474719159,-0.0031249712125746873,0.006329883028387571,-0.0032304307889707185,-0.0010802561077653241,0.0015580827604510857,0.014179181665520837,0.007428122688828424,-0.003174053610521544,0.004555545144739721,-0.004439713860198263,0.003689613782017544,0.0013791820667010887,0.005414259880591649,-0.00465445989003251,-0.001910253012405453,-0.0006564168014554858,0.014272456557076088,0.005512929727955681,-0.001473113743140987,0.011955779363537004,-0.00163427125958248,0.0025275769158410034,0.0033798135739218976,0.003373499793346757,-0.0006142753786626828,0.0011537988770064656,-0.0003932267188230829,0.006599181101528294,0.004309482172398031,-0.0004179002701986965,0.020794477301666645,-0.0037526092182046046,0.002354661655010404,0.0013604396302748236,0.005179755651109226,-0.0002975741117049059,0.0004958585871453044,0.0031586473704570883,0.004199442090256283,0.005504399272401497,0.0014777038604201133,0.0047663115442176,0.003121141566099646,0.005309782529487153,-0.0023618593172946866,0.0035467371341211078,0.000319104190607162,0.003533312663838521,-0.002492948390601028,0.005621262649339413,-0.0038473247027517904,0.002787656778717802,-0.001131755281028818,0.003774545977076781,-0.004973008682984793,0.005439353715341127,-0.004788071408229826,0.006062574376408009,-0.0038095409694296686,0.001900754310977144,-0.0029048092261437716,0.003382009512990189,-0.0028420253001313046,0.004045006486637162,-0.0024219503536717303,0.012279305112701089,-0.003729865361253819,0.0034655184174172894,-0.005707445630186089,0.004188464678749069,-0.004372254255026243,0.0026281930784227865,-0.004086522604696254,0.003103099426964381,-0.0050114189193369366,0.02138784037311495,-0.006893691113121643,0.0073479358116863595,-0.006259538674536548,0.0035860661183030242,-0.004522739839107454,0.004484613617189221,-0.004967443035782929,0.003931237078383842,-0.0019150683885333865,0.002522154450439245,-0.0036684947237975605,0.00392626498596394,-0.0023820506113845985,0.0049241990454921315,-0.004951060157247602,0.005733210696078035,-0.0028751781618516206,0.01871423786796064,-0.000638625899767075,0.005950794887626393,-0.000427332883511248,0.0031019948092401817,-0.003744672599304701,0.00311583885065331,-0.005390248547094218,-0.0012916986709447763,-0.004637281011750746,0.003425250172391161,-0.0039724097777307675,0.0076131475384196,-0.004844828667832212,0.006381251785709976,-0.004445309081598784,0.013864005697771825,-0.00380148037555104,0.006071968650584823,-0.0041524381916042425
"(0.3333333333333333, 0.375)",-0.0018169330037964965,,,,-0.0016884339787845205,0.00260157766662302,0.0018300308727159402,-0.0018292428762754717,0.016332016328503063,0.002942155226488292,0.014574662438345262,-0.001371321521681331,0.014431652516397194,0.011843638910060498,0.016221363869694454,0.004639572891195387,0.0040747796471297705,0.0035111058393548816,0.024088060951421273,0.008187222753315052,0.0008488917180975131,0.015493746278033101,0.025458971231506835,0.004839324072205638,0.0015925746011150816,0.0056728607813807275,-0.0004841441164690308,0.014180128517923917,0.0158088701446066,0.0023219332768721424,0.001379089435141751,0.008510608717948277,0.0030893087911111343,0.011299536636313893,0.007568479336249815,0.004602881261123835,0.03462642793309844,-0.0012816439035419698,0.0119019130338952,0.0018945722506069267,0.0014843000842805322,-0.00042779380053644024,0.0015699053861782787,0.0011882059411293226,0.01006606168041143,0.005846603036149648,0.0014048946497175249,0.016353307511643992,-0.0028971127290923293,0.0032079048083035466,-2.1413664171747636e-05,0.003627021009797901,-0.0014967764267971113,0.0015482240304757412,0.02043925708075115,0.00948573959888859,0.018691470037208315,0.0014412489343126954,0.0077529946910338925,-0.0028552836763728892,0.003035601365406462,-0.0010793032141482755,0.004395862098228061,-0.002024263059213687,-0.0016497300806919471,0.01138272412375866,0.007236123922031089,0.02770384313187581,0.0006422708603916003,0.005466437327502762,-0.004714619923071633,0.004425655713481572,0.00018534650938580664,0.003549545923856629,-0.0008297755778827671,-0.0016981883137172412,0.015233140764478001,0.004816001198108537,0.005908902101830069,-0.0028850803503200333,0.0053673151502795485,-0.003576090376831384,0.004874737987537644,-0.0023072456809513824,0.0028841202000536195,-0.0009429262224339572,-0.0013518911137578263,0.0035075616948087684,0.0035144066012662402,0.021375570409177723,-0.004661686435969808,0.0064719872712191,-0.0033688988328028323,0.005548146679562998,0.0014458746647672668,0.003466415001976703,-0.0008777414079077096,-0.0012550831050185934,-0.003353319738172935,0.01370636139625537,0.021287232577783158,-0.000784809403277358,0.02768220245327937,-0.001846013195834904,0.0051009944122032795,0.0018624029006658932,0.0038978347807029105,-0.0015903491958922334,-0.0010062446892342596,0.0018343135169517223,0.015160897006946826,0.019596878871397307,0.0008282067358380096,0.018510886105595394,0.0006599866511170644,0.004445388592913922,-0.0001694828254091956,0.002218910043123516,-0.0019838870347974632,0.005982811352204515,-0.002877248916792016,0.0013069285066968305,-0.002861377566915912,0.0022201426340336438,-0.004444148343465623,0.002455613360550565,-0.001385911557954541,0.00733101070213032,-0.0026499395125104148,0.003889388753275843,-0.0005814193942663262,0.006067939600829687,-0.003495425193085657,0.004822996465043732,-0.0019753273854346298,0.007220066788910357,-0.003736870411716506,0.00597626614501342,-0.0037416593043643775,0.01150058714468036,-0.003341027110982532,0.001209957097450708,-0.0047614155325157006,0.014005014899883763,-0.004098257375631491,0.00515902923953519,-0.0045272000454609955,0.0035927679992349033,-0.002464456561808715,0.0019507473693856961,-0.0049610742604702,0.0025372726339236294,-0.00612653400878174,0.005130854850873723,-0.0058371387096071824,0.0069692337594596315,-0.0035959982404561493,0.004780145119611169,-0.0009567537298710446,0.004682364606539868,-0.001353966590407811,0.01778487319514846,-0.0014671486419715423,0.0050793807618778365,-0.0013409322237770218,0.003928899542144201,-0.001475874278736316,0.00435952437398537,-0.0007952328559455958,0.008858498132563038,0.0018086418638732882,0.018787525972268165,-2.9546637087895244e-05,0.02032148927170226,0.00010308149305593023,0.004891620537145635,0.00030879329409104033,0.020931770828748524,0.0015283340810380906,0.005906393028036451,0.0004878455958863118,0.006394335992118092,0.0014482324497198814,0.0070413377871359675,0.0019780419195244677
"(0.375, 0.41666666666666663)",-0.0025071196481146626,,,,0.0004619834752118354,0.0041188309134092115,0.0017938180393442787,0.00040759536045350457,0.007772269759199193,0.0025952659929394683,0.004595103439233571,0.002180381356847585,0.003920627998205795,0.04882438519655611,0.002848966197302885,0.0010218721067526868,0.0027767130215605035,0.008483938036259693,0.011810908847060247,-0.0004914735839338842,0.0008287195422626408,0.00027915275151830257,0.006669228585803733,0.003269523447047079,-0.001066440794920675,0.0048788300843840265,-7.082146566621244e-05,0.0025342483079272725,0.0007208870041887307,0.010586868439491573,0.01528659168947178,-0.0005716344625485938,-0.005237316418924821,0.007483214229407839,0.006175601731862047,-0.0013382455580717425,0.014396374355329642,-0.004530883468825324,0.0010637883129068757,-0.0018870414908385552,0.0025833622245791453,-0.0022711992360543586,-0.002053647644991474,0.0005619594835900673,0.006402181476700043,0.0024110216179741304,0.0002501715773222721,0.0054587726065247295,-0.0050488103301070545,0.010866824641781049,-0.0014137394671616486,0.00472730927300492,-0.0006241143392706177,-0.002720219741976644,0.0061025530284088345,0.006824341591306031,0.012755169576303403,-0.0007078424726865417,0.005910593418755924,-0.004566891233153079,0.0032724400605606617,-0.001747617605680571,0.00557440007644499,-0.002533188183055175,0.0010509640112871066,-0.0038692527749719526,0.005424100852731834,0.019564643314229944,0.00010916250447356403,0.005899182040225959,-0.004085759220340046,0.0064081231316157105,-0.00350609594277263,0.003929016150751589,-0.004232882319993392,-0.004262839953814305,0.012672253667494953,0.004541075664631795,0.019789372126241683,0.0005208854986422259,0.002461398840355476,-0.007023527174518487,0.003486865721700479,-0.0032653553458188113,0.0026626989616934885,-0.0013045602814939347,-0.00421071532632743,0.007266729422720008,0.0038696418140857385,0.0019692607358692544,-0.001928063328069794,0.003451988068906375,-0.002253744445743161,0.005080298466316242,-0.00047248812022342374,0.0029739108719423306,-0.0021631877635387973,-0.0008974536020911241,0.010991206575889707,0.0035520656560090176,-0.000113635704738077,0.0006788494585674557,0.01933602390077119,-0.0003332883706993177,0.003337739182730746,-0.0017570226480066904,0.006932616502176324,-0.0012234075854521548,-0.0007857495208771595,0.006859541417977877,0.006112894551216521,0.0013643480210488324,-0.0012020421204106651,0.00550154026886938,-0.0004569180874147948,0.002631778590654187,-0.003757176776974053,0.02333849934136876,-0.003663105293583462,0.01429899997729334,-0.005033421505161753,0.0029914039148659054,-0.004674879656282783,0.00607686670948683,-0.005228555580441227,0.003712584081760892,-0.0021677933302234904,0.018443493480549092,-0.0013451614965665536,0.006209417037937074,-0.004699459357755756,0.005760618681834241,-0.0021980504178168722,0.006566572893373476,-0.0050969580671274784,0.0037296092014750147,-0.003985217612697588,0.002784389669992621,-0.003152759603328833,0.004249258831752712,-0.004605793630552258,0.00752323347957629,-0.00416202517897562,0.025243271750282015,-0.007183601668447513,0.003923986522873799,-0.004033268442671389,0.006321634024377193,-0.005772110073056279,0.006085794804334447,-0.0041335094216006394,0.0023269409443636307,-0.004772596196300298,0.005026879451532938,-0.005324684932846727,0.003918031103872418,0.0012667436218995025,0.019199575863454853,-0.0020283239872287582,0.0052410711753723424,-0.002098116221505739,0.0025439905076895687,-0.002477234097352465,0.004727421724708238,-0.003390115663919089,0.003674918707638213,-0.004790424186230195,0.0035811641261156288,-0.0037365858251483,0.017799738102609704,-0.0018013243394626596,0.005750912313090971,-0.00044089655370794595,0.018977685364799986,0.001060279370781634,0.002206155792397063,0.0019072616837454805,0.013886315471680262,0.0012289830420176336,0.002771501615037263,0.0012028208681692542,0.005965087013687934,-0.0014053636678547955,0.005140288883138451,-0.0009253125022659812
"(0.41666666666666663, 0.4583333333333333)",0.007813987213683916,,,,0.0009040336528713202,0.002019631371558314,0.00044149946675744653,0.0010687279384912396,0.0038264051583408484,0.003477923498039569,0.0032658323880008617,0.0009364295689385757,0.00033110138067714854,0.012686929991400274,0.004449240114523661,0.0039762233400307614,0.0034060750013229038,-0.0010266272443748528,0.0022550895400327846,0.0010239060991337344,0.008729392668491744,-0.025157343354788406,0.011414310446747011,0.05067147588413826,0.003481414901262076,0.012815354464049898,0.0017435848698992827,0.017545573968480214,0.0022734587859435536,0.002654159189772111,0.02453187710962669,0.019078363650877166,0.005338666656847935,0.004878306810420804,0.013346758928958459,0.00045377078490667317,0.005208874993136648,-0.001960275263101796,0.0018545207116399552,0.0014079451707764855,0.005951299735068243,-0.00048077275930778844,-0.0007898032582376276,0.0017303250662285782,0.004591234721549083,0.04530354422537815,-0.0015338682791593832,0.007338120470965328,-0.003327719325878295,0.004178064942538243,-0.00028697312836998185,-0.00048180810649366585,0.00032786042991971134,-0.0025618805857923633,-0.0030805369483136867,0.006836614061234464,0.022308988833556292,7.554877986401335e-05,0.013493608813384973,-0.004464236895010933,0.012476302009594075,-0.0007483859240585694,0.003219892648995071,0.0004839194534285713,-0.005094814054347736,0.019646408168734895,0.0077493131708753415,0.006416432752825316,0.0017111461235107155,0.006212299636049009,-0.0032336673106554883,0.009419947863573223,-0.002523890749962987,0.006008238286898586,-0.0009906949915734194,-0.005084235081317694,0.0009380056386603695,0.005471172373626181,0.006646348369788575,-0.0018107104835067378,0.006551706086938383,-0.005654576089478582,0.006679641665067384,-0.0030863382771433444,0.006898647563241157,-0.0006763027203987151,-0.005267600079422205,-0.0014657994619228603,0.0063729347866725095,0.004405320083301783,-0.0026603488487257744,0.02017020638766792,-0.003256645428266408,0.0032563485819304726,0.00012282584052159985,0.00676444304813839,-0.0005302595055320071,-0.0018280528964011902,0.0013693063385177438,0.005503713679523176,0.006249724733936389,0.0004234039721426396,0.0027679226990212366,-0.0005207026412395446,0.004030157172001414,0.0008148554226471542,0.0004692405858392668,0.0009161418075994487,-0.0013484968912532082,0.006853151436157803,0.0042388808460402825,0.0036276791090122723,0.0015893036862025846,0.004988801256630737,0.002314061821596712,0.01797166537613804,-0.0017180930920819872,0.003283880353324441,-0.002942570916167444,0.014823191924728031,-0.007683444866024257,0.006584852807053938,-0.0033627840377232045,0.005055889633346233,-0.0033075593595739473,0.008180219756742914,-0.005228180962351365,0.017020194701886943,-0.004533755656781279,0.00524298956352705,-0.004679842391273138,0.007339354861703176,-0.00463089316417958,0.006178145585921069,-0.003881941202575723,0.0036616793136425812,-0.0030339043261797937,0.020608999784001734,-0.004031383784087132,0.007274890997021245,-0.002853024976550196,0.00431509152758928,-0.004732790898198315,0.002984341752149423,-0.004632769820057358,0.004790853224578881,-0.009153436372157289,0.004332453114626195,-0.00562137410612341,0.021179731624521147,-0.0036324856733872955,0.007007312347958182,-0.004653802839386504,0.004313610462624141,-0.0022569195685109753,0.011848233748244043,-0.0049318225874607265,0.005920305204638894,-0.0040409328482837095,0.00695688781780152,-0.004956326349467572,0.005470103491334241,-0.0051507393262566785,0.005609388546670296,-0.0044301454779457315,0.005482365416424412,-0.0035819820757751336,0.006169439824987845,-0.0028254599884555407,0.0188038653080723,-0.0001851414537028662,0.00918382881395808,-0.0005508436542978957,0.005436255399748009,-0.0024666022655926685,0.006626724984947037,-0.0029411108535364635,0.0056577965960907944,-0.0031097316905607793,0.005337623214053693,-0.0028023757586516217,0.004052243954314374,-0.0023553850274422514,0.004360781582004958,-0.0027152920769205418
"(0.4583333333333333, 0.5)",0.0007076831814492478,,,0.047479698064889324,0.0031123240988495987,0.0015394724450749169,0.002158736905390273,0.0037268500149781275,0.0021447706392039912,0.017566280394830616,0.0017479312820249547,0.003656245106530077,-0.0003311013394154705,0.0008307045188098393,0.004848659823186941,0.004090379595812136,0.017773490974151294,0.014862857706399167,-9.27046755857296e-05,0.027427356036459863,0.0016788233518988292,0.002531553116305328,0.008658557668060014,0.00832210931084529,0.014765459955538166,0.0022459498812516148,0.004841452143095985,0.0017811481439079372,0.0014364953762249241,0.0015351268332329858,0.024675514152678178,0.00029575725582814015,0.012515912428558505,0.008657623866403567,0.002757014157892264,0.0023255747969748914,0.006841357424168634,0.001622915021903103,0.003621107790067009,0.0009212670727907573,0.0037063310782432675,-0.00037120015251747773,-7.621923879375285e-05,0.009319666839076491,0.005903948822136772,0.006446926137282342,-0.002428792901617479,0.01892468229614452,-0.003814817444185043,0.0034804115591351623,0.0020349571784824506,0.0036388390260257567,-0.0006741596488571403,-0.003524135230928056,0.007830712496022846,0.005534000207940977,0.009152698839236365,-0.0024046151755681418,0.007645787393655434,-0.0013135473073522979,0.004669788716512838,0.0008865573615387129,0.0009898504895358782,-0.0015253036968931877,-0.0006272493319124105,-0.004203848611158745,0.005619619011230862,0.00594543586538941,-0.0022826419027537504,0.005617047621529594,-0.004307502510568115,0.007302347756693467,-0.0013340275741475652,0.005034957897018087,-0.0026248206292895987,-0.0027007721994392795,0.0039783002880841335,0.005462826661439461,0.004446547222800608,-0.0009775551966209892,0.006158799615937926,3.189126570358758e-05,0.012241007332847217,-0.0013963815461220314,0.0036959955487637676,-0.0028393843175267336,-0.005380550451334701,0.00873470183885631,0.0034582036616026806,0.005552850974302106,-0.0009121601877787512,0.007537375930969929,-0.0010256935465950065,0.003242986794274459,-0.0003420442978935329,0.003942680784003363,-0.00018819162308528523,-0.0022143503653505453,0.012260762763465768,0.00493501095368248,0.005097219844287193,0.0012630080384053862,0.007293834608024967,-0.0026903766770332745,0.010220227385401463,0.0014949842258712464,0.00513698684539523,-0.0019132380410022752,-0.0008322946995588512,0.00842542343728344,0.006370051455609051,0.005027564944550543,0.0008273848039886477,0.0023191919326053557,0.002164821721107801,0.0061726842090483085,-0.001027299421606398,0.005954571851691778,0.00022156390002942185,0.0054225622404942804,-0.00224245958134377,0.018185464184079746,-0.0047495272662543405,0.004559368442447633,-0.005766681326806361,0.014922575217582664,-0.00409167104952008,0.005601290129159629,-0.004721068082856711,0.017390120667560512,-0.005503380545564583,0.007164382720977747,-0.004184971826125878,0.006038178886492161,-0.0051988009481085335,0.00856209588561185,-0.004236846785536352,0.007541511471241465,-0.0038386287402672023,0.007898038937074343,-0.002780314376807626,0.006146711346023978,-0.002151755421478176,0.0030948448057870268,-0.002379048503377197,0.015136447199842184,-0.0010635062928049926,0.006158336835631549,-0.002585260312337895,0.00661738315627632,-0.004006583198436491,0.0059721560513476424,-0.0029273815713859444,0.003985289616207517,-0.00228374396316628,0.007928124833937986,-0.002591160033876452,0.005839741421771824,-0.002528584015338515,0.006058891373118406,-0.0009546498480613994,0.00531015025289105,0.0010326791289415591,0.018968154179941573,-0.0016273554968048536,0.008206106836144892,-0.0005840117510030237,0.007421636940433414,0.0007050776097594155,0.005796892289491549,-0.0024926445549786256,0.017223995118679867,-0.0018367393563455943,0.008565022592020122,9.104792271575612e-05,0.004280313475042157,-0.0035889699831427304,0.006954964755315922,-0.0037981979664073106,0.014540013032206457,-0.0020193914015912222,0.006995783213293004,-0.0009463073457187036,0.007288445504308081,-0.0005387492964832968
"(0.5, 0.5416666666666666)",-0.0006945693778572119,,,0.047479698064889324,0.0015300982617571007,0.0015036723586694836,0.0020736147336522983,0.0016129810944085783,0.005399860859094563,0.003438900150548653,0.004653962636653798,0.002389511923334227,-0.00018512934515228853,0.03259338517057632,0.0038213950243392433,0.005199344302038719,0.002433241312175808,0.002628468837763773,0.003620297497289459,0.012994234512574454,0.0015690254602749988,-0.002575129629224855,0.009608202500379897,0.0077514716073468605,0.0012010124004578596,0.030459398699844417,0.0018999557288948414,0.0024957864583869996,0.00024330845032192262,0.0009786946722197564,0.013281044112714547,0.0012037549907653396,0.005092738621876662,0.008013546713671596,0.02235647270475822,-0.00019170155638468663,0.00512778869459892,0.0002910595583389753,0.02032215319442251,0.002313227057040757,0.002988732890037918,-0.0010316360697262424,-0.0024295640866254793,0.03432754120433758,0.007549489145243284,0.006563865732429844,-0.0019616984977865737,0.017548063297971192,0.001637680459167293,-0.0007342440873533235,-0.0015216392987903783,0.014503677649358856,-0.0013835454052951617,-0.0014529689126763887,0.005463786850370875,0.007202349594817745,0.005459974469456964,-0.0033623357961007167,0.0037672689270042644,-0.0015751261896129027,0.0015751039596589513,0.001471607548226165,0.0016068244691518601,0.0003276537369635177,-0.0023100727750213386,0.009181029384175515,0.007725074728631128,0.005384561071236604,-0.00014045028695975319,0.004495748264163476,-0.0033478851984637147,0.0030291546525243384,0.0004935228389565227,0.0036803130750190306,-0.0011843272793537196,-0.006554746883532339,0.01043201950574522,0.010025498714661492,0.005726841467315738,-0.0028215165901602965,0.0066915178106479924,-0.0002620348567564467,0.0011030206283948428,-0.0006056241377552129,0.005276533090091478,-0.002911846433916008,-0.002662278138662667,0.01339042163704103,0.006942583958805185,0.004833701451293085,-0.0020371373737006326,0.03687880397649202,0.0031618446648378597,0.0035304766530014978,0.0018649592463060572,0.01725612245235598,-0.000663309715870832,-0.0015637348602052712,0.012803053590051898,0.006964076470217712,0.003849574755548391,2.6255761030178314e-05,0.005582087997866316,2.3507860258390412e-05,0.003497839173423727,-6.767309014711009e-05,0.00462005202499548,-0.0024656323844308562,-0.0014145824960408331,0.004734796768195029,0.004334567115687044,0.0013345903070046108,0.0008126642640658271,0.0021929767958491857,0.004390490093676833,0.014481935336344644,-0.0011813595564518756,0.005264379546046536,-0.0004736018019138631,0.0049802858515706335,0.0033235594755263325,0.003730503402712565,0.0018132454752155481,0.00895419585134996,0.0018844628357251262,0.006395192786012494,-0.001626634706491786,0.00637561413298315,-0.002396163064351184,0.005456283924347591,0.0006617462175482758,0.0053883822259515905,0.0009216112710300552,0.003581968042960461,-0.003791811921461344,0.006638080125846212,-0.0031394617777631578,0.005361917644760504,-0.0020506348674185983,0.007409471362293121,-0.0018907168035984395,0.0066249484194713165,-0.0008401604252583866,0.00642043473887197,0.0005289523355470111,0.006836126846451703,0.001044946128626028,0.006652706749190673,0.0013309877721746645,0.006200464982683783,0.00027312326797237466,0.009463509844528336,-0.00022857681602231415,0.00717008574149034,-0.0012479458126098994,0.006380685910535615,0.00394980987699521,0.006118257892415173,0.002540314487248756,0.006600047247667288,0.0031763501636945302,0.006764052912577908,0.00491657480548385,0.004694424663559437,0.006371572161688784,0.007898321640309307,0.007191963637161133,0.006240375939627937,0.007286192084643417,0.02826669742869695,-0.0006545370400390213,0.006427224266768202,-0.0004962881945534212,0.005567014663939602,-0.0011718554955977933,0.005175285448473408,0.0028368758474181573,0.0037600392100138897,0.003269670870593547,0.002590554039729856,0.00158722523481578,0.007545692093153286,0.004837420938658209,0.006371403886100075,0.005426851888735865
"(0.5416666666666666, 0.5833333333333333)",0.008257798753100896,,,,0.003009509166503914,0.009857718867128759,0.0007803657548484314,0.002550075554400409,0.005211375146038444,0.0022792720342023997,0.0036233949728028294,0.0018115384970365889,-0.0012988715275245209,-0.006157721398066011,0.002890993702959565,0.0020661162113149324,0.0015254943820547247,0.0040692149650278465,0.003266884362610947,0.0028253565475966367,0.0019820040932282453,0.015385844336022903,0.008500645954338337,0.0037400905649734987,0.010371509770889607,0.004848988273691974,0.0004692974088460598,0.00035970981297523574,0.005650939060612483,0.015366196815949522,0.0008788619626596192,0.014951958518477177,0.006978053851073542,0.021299361777766236,0.02050434633921906,0.0011169207481716798,0.002640721442551678,-0.0014958355921068066,0.0019939014761155495,-0.0010729430660973106,0.010758295416465257,-0.0009948813546518922,-0.0031404854349875084,0.011199929995768914,0.007619390511622006,0.003955822140116045,3.3805524601850396e-06,0.0029087398609595368,-0.0008872079921732315,-0.00017173015683885206,-0.0024470871617982,0.0033767570802148475,-0.003347937636653085,-0.0034411265987925603,0.002622413357589605,0.003881069087865235,0.0037410604863686195,-0.0015754779896972404,0.00662879895731203,-0.0007548901283282978,0.0021789129512220177,0.00012663232316907898,0.0015795299565150376,-0.003682114651340106,-0.003167898162916936,0.009105726787481472,0.005782809932329138,0.0033349364135195343,-0.0025979679186529975,0.004424965609654087,-0.004895529152703259,0.003475375781131545,-0.0021985013631499327,0.001660864689486542,-0.0008498366664892811,-0.0051075836076151316,0.018148604102310586,0.001605354398843626,0.0029842834478594083,-0.0033029929524795608,0.0054769046707293205,-0.003950362880352743,0.0031288638794642713,-0.004060147850761129,0.0020496062577079863,-0.0002287880978800954,-0.00396314732275427,0.011441905218678931,0.007721055735440014,0.00570218199791853,-0.003329164627798374,0.005830706763070506,0.0006637379686109216,0.002911533552185387,-0.0012926897079594316,0.004544474420927413,-0.0016225532908108133,-0.0016755762618701857,0.014828594714530156,0.006729370876109998,0.0033054050729403694,3.316902313040764e-06,0.018820779378622393,0.0035357024104470196,0.003476500609455662,-0.000594844564910929,0.0021181473955556767,-0.0014536384732804226,-0.0032028200364524633,0.015100930620772264,0.006969806437585177,0.005306972649155791,-0.0008296467570196705,0.0020277316236088755,-0.0012383358361431325,-0.0006205745121375199,-0.0005867763318189049,0.004928501288628883,0.0011397917863093284,0.00418587456033804,0.001615906921800728,0.0031523296899351964,0.00242512638711085,0.00443190205698794,0.0010631635794126038,0.005794594210024949,0.0015370714353112422,0.0030037052800333886,0.000280645199368458,0.004175423506217903,0.002234317519377648,0.0047004611858326465,0.0003087149400460608,0.006803837220264499,-0.003059540180163866,0.003803049454620191,-0.003092310947946611,0.004227717043806417,-0.0022687880232585772,0.004760434782427153,-0.0018249580614083864,0.005456246316774213,-0.00019760344815391743,0.005562777892193771,-0.0045275872205457635,0.004093349683138677,-0.0021130689040548575,0.00714599393055563,-0.002119650459996406,0.004243075112955403,-0.00015126290335727168,0.003872443185469144,-0.0010425652549036091,0.006431417312274979,0.0007180660072764527,0.03553464455495907,0.0012836797212928972,0.0108131592810505,0.0012328502618783174,0.00364166776870386,0.0039361026697690175,0.005821343253717187,0.002966507362742334,0.005839443290416976,0.0029503953255799486,0.0017915029778390516,0.00220839687756447,0.003160661183784109,0.0015884993176400143,0.005684063180872371,0.0031580474472653482,0.016124617622226684,0.001661828339730531,0.002516151441637338,0.0013317676048241168,0.0066646806804655685,0.0012993016409970752,0.004006002716074482,0.0033901924476400966,0.005011811289662278,0.006428174050669789,0.004217351500147475,0.004299026636033693,0.004609963714684722,0.00481599216124048
"(0.5833333333333333, 0.625)",0.07912792921193629,,,,0.003289795929838564,0.005353193908665633,0.0012221067959977535,0.0027226495467368487,0.00272252865270727,0.003316007005991515,0.0018085336098144335,0.0028391037493605744,0.01419105566999061,0.013130049661614369,-0.0008839538759474764,0.0017608822959564471,0.0008679279477091853,0.003213352296034558,0.0020977285166436654,0.015941920324992538,0.0030748945364078703,0.015131032892211174,0.005716193196887501,0.020582989332087766,0.0008704304677710601,0.0025085192573436384,0.00213652371887149,0.003955907451645657,-0.0025276141890038205,0.002096271939961899,-0.0006983182175378631,-0.0017157191859345198,-0.007467809090266933,0.002371587412987897,0.004814226268022007,-7.952599491980513e-05,0.001986697260058159,-0.0007090169212379569,0.0006634160756240628,-0.0009579759042163783,0.005037655081641839,-0.0027994301684282703,-0.002629416124149919,-0.008482769396988435,0.02169601584034756,0.004387860018641537,0.0014831069839361753,0.019902259284670834,-0.00025481340143831293,0.004730877667599127,-0.0018907956901576969,0.0011494235915341217,-0.002984327977475349,-0.0036158571923593586,0.007273563567470742,0.019069173708034542,0.005317897699093451,-0.00178293720929911,0.003989400728156173,0.0011215737921838511,0.0029205569116400668,-0.0033206247084893443,0.01950996193099985,0.00042747830406750833,-0.0032860309661009355,0.015099885672782585,0.017598671477443904,0.005423287637097649,0.0001155802812000375,0.018709884414159036,0.0005319266471093595,0.002730775146625116,-0.0027071600484799094,0.003692998078062898,-0.006949522481563282,-0.002791161927122805,0.007103835810256008,0.007149681426400552,0.0051115486243607546,0.0015786396457227287,0.03609574619359439,-0.0017532443412088673,0.0021469250112533217,-0.0024140873265151136,0.0060603612935849985,2.867475231692774e-05,-0.0032601229164876504,0.009142015852026507,0.0056578990048729745,0.003145821106152992,0.0028012454219887646,0.004511992234950536,-0.0006801340134725495,0.001404250953188723,-0.0002869908311777988,0.0008313778587607096,0.0029962110168459447,0.0004880144401836594,0.005082714965189243,0.005502832795452459,0.004411897296394023,0.003428987609087847,0.0043652134164625525,-0.0007861544461667258,0.015481509301848584,-0.00026903547607380434,0.003467286674949107,0.00018686841746550696,0.0006167892564843255,0.005428437499417401,0.006305074248622407,0.003977445420187251,0.0023485757961064853,0.005677762945972495,0.0030301934680978504,0.005185362548635785,0.00281831804702706,0.003954671781354034,-0.0007855329564048476,0.002199574078531583,-0.0024011602203102525,0.006701100106931992,-0.0047191510570594175,0.00310572760431051,-0.0023836430094353743,0.0022146830376068307,-7.567777282221253e-05,0.0026341127633397847,-0.00042416284204689175,0.0007817285385385299,-0.0009005136950657888,0.008047363680287632,0.0006354850058986233,0.021889746997097455,0.0009283407511801569,0.001895075236247883,-0.00010126664683446268,0.00532949783011094,-0.0005285145093668538,0.004484174714213891,-0.0007038585986965394,0.0045103895652356995,0.0014741984124939103,0.004436681966146334,0.0004185634354416108,0.003950241450720388,-0.0012886082759871575,0.012809048105677321,-0.0022224626177280854,0.0051451539186524045,-0.0022395294608079275,0.004794279813155525,0.000455808317870878,0.004176181121706279,-0.0023986174756926632,0.0037862334343800996,-0.0002529259256514735,0.0046170107526575755,0.0016774644576272625,0.01632227667169536,-0.0004075905702608125,0.003585371682572784,-0.0003200557922697435,0.00335708222304419,-0.00012178680003696492,0.005129185301413676,-0.000701262455298631,0.0020124268015036307,-0.0013972155171419112,0.004384402256830439,0.00015345371701421033,0.0037927670679066346,0.0008057942886169799,0.006785690460561598,0.0004629722124526132,0.016809537279790506,0.0013275125141363683,0.003122021070864114,0.0008194013442444655,0.005109671273862511,-0.0019938917567264335,0.00204813614906898,-0.0017004958061926886,0.001287700556288521,-0.0010642076461736866
"(0.625, 0.6666666666666666)",0.011123258855275903,,,0.26791623545112897,0.012637652615624412,0.01838126984548612,0.003486284128029572,0.014943053951350732,0.01715693506264628,0.004097360778430032,0.014578702425367861,0.010700787728495165,0.0009795148082917433,-0.006592650962149554,0.014236747895699077,0.002731446904223193,0.00023576789890044763,0.002146321495814944,0.0020685926619520194,0.001560860486153266,0.0014356717528734675,0.017770065439964792,0.04223759002293218,0.0027889996566667903,0.029660767619722077,0.00204974105231568,0.0003867273906484169,0.0010314343817237298,0.009550341220305169,0.0049575829746557635,-0.0018355210051185147,0.013480896760764147,0.0022431801593294637,0.00862672812120075,0.004544130891910656,0.00037004828846556935,0.004359632704586339,-0.0004722159103457228,0.0023493039504738976,0.00013384983224761762,0.001843815519747902,-0.0019076297818701369,-0.002086457988290618,0.00858116407357777,0.0041822271751833255,0.004783509926355673,-0.0009105228244511013,0.0024492423844931638,-0.001608292925942549,0.0029214862493970005,-0.0039903344340767475,0.005586610019970161,-0.0016815529345453966,-0.0024219596818984513,0.009092030353864536,0.004874082459451065,0.003117970234224421,0.0011061092310041603,0.006154895502714547,0.0026599351037196804,0.003371331872110975,-0.0005457952765601088,0.015506242879767788,-0.004805666753311998,-0.0007730856415603273,0.012319489078038526,0.022871121289356942,0.002305644096864007,0.0006820318319183244,0.005172493853886464,3.714301812379493e-05,0.0024509942710038124,-0.004043178109462806,0.0015790778183116011,-0.004198331235855994,-0.002102452342750816,0.011601304387785739,0.02229809152754198,0.004177623418832391,-0.0006393184561282257,0.024163983054364,-0.0003429491455720325,0.004853579414428241,-0.00436583136701605,0.002836173175077413,-0.0042002520040046645,-0.0013399379626146933,0.019949342141501725,0.02011795571682352,0.002885616782737636,-0.0008163413386224888,0.005752869559067507,-0.0009623263594490655,0.003047361994676705,0.001110160485984629,0.017985909717453043,-0.0005618980454499913,0.0037896747505601126,0.01033564632102509,0.018302392698240695,0.003855241899121886,0.0016693644845310815,0.013924338521705444,0.0014324427803689918,0.003550651873102923,-0.0005584407469462686,0.005138649738893918,-0.0008978797473729527,0.000849139403267932,0.004883554213626847,0.004434641857063678,0.005322956090035189,0.0016301307600755524,0.012565984317105063,0.0012037247617450084,0.005745421778708506,-0.0017656807398071044,0.005950246391704517,0.0003906979259928183,0.003971740999155533,-0.001197287945284945,0.0031622337501761924,-0.00026263474642497514,0.004307471663344283,0.0004271230200054152,0.0054205381608676065,0.0016911656268416048,0.0032459877591666155,0.00224126829006954,0.004546038464104552,0.0005581604813184214,0.003857358037597492,-0.000677911287402293,0.004451080624606903,-0.0015456064035058892,0.0043154480245110585,0.0004933989228751653,0.0038570503719650264,0.0022205435234575934,0.0038085901888895626,0.0008774417055219004,0.0053718469160358604,-0.001162974313102739,0.006651959358542518,-0.002439714830334367,0.022091939080421355,-0.0007718856897499588,0.0024024764515627006,0.0007579144539353636,0.003375101329959683,0.0010498807034876056,0.005453039228350117,0.0005676520624314855,0.005798981710978718,0.0009560709516018528,0.0166648495277083,0.0004213533783323837,0.004085449510271246,0.0023862483422366918,0.0054563866977615436,0.001386662821119075,0.002011888042479819,-0.0006310709665789154,0.0031038112802960595,0.0012952526736936343,0.0008022381129920564,0.000627237833012943,0.0038691702480464236,0.0019151850689031065,0.004605132010262056,0.0014992163386892677,0.006906935063482504,0.0014751187252587746,0.015210759120741227,0.00221277372938615,0.004846849000899286,0.0007509431776824237,0.0031307796972044476,0.00029211740646028204,0.00403326510800187,7.590844297695237e-05,0.0023932776709884567,-0.0004569192893955672,0.0007771662686200712,-0.0017331462050831415
"(0.6666666666666666, 0.7083333333333333)",0.004001640831251252,,,0.26791623545112897,0.02120880502096201,0.023392075808019025,0.0012433595449975936,0.006533568094391013,0.004922355737499903,0.004613692908453826,0.0011925718023521141,0.03339375670164429,-0.0005506987553347778,-0.0018986424908227924,0.003412754301589871,-0.0010158849874428012,0.003835300119253958,0.01742029031123225,0.01457698613114089,0.0014312065211996967,-0.0005718475204230826,-0.01123765924225426,0.014004100090998187,0.0014928966835104376,0.004476245748082046,0.0026013049580183184,0.0008221123683280112,-0.00011195988209180268,4.921363182791793e-05,0.003841538773034535,0.0010896854817295724,-0.002178981331306247,0.021191163327439574,0.00813197971830494,0.0049313384266011645,0.0010757791494469143,0.0037429253764558364,-9.304445908148661e-05,0.0013857105135573222,-0.003491305300380569,-0.00011851192445121036,0.0011163403304333577,-0.004827216118817125,0.01598999137450432,0.01107817689170023,0.006886534180372327,-0.00011883455686120622,0.004569969093892995,-0.0004475681425115668,0.0038316030452420573,-0.0011042968305393641,0.002043614367238789,-0.003888671601413638,-0.0030096429088302817,0.02586926830320088,0.004411849892985488,0.004351372146911677,-0.002954087884505654,0.018678116366077926,0.0007010515568557084,0.0029642809379559765,-0.0031551734020809114,0.0022368647947806596,-0.003814021008569268,-0.002255631246159964,0.006726410534165666,0.009243861032771378,0.002618563203142928,-0.0020043901584725714,0.02079841249773974,0.0003243887606734402,0.0032795073582461464,-0.004818520926830898,0.033258942072821526,-0.007274247307866097,6.195157759027981e-05,0.006474457864837918,0.0073854998656525065,0.0036889676134497203,-0.0009932006625061147,0.006940501217451027,-0.00131292821708271,0.01569027160748173,-0.0038085972177759747,0.015597667614154778,-0.006220831888815219,-0.00033860267686588996,0.006547981845940197,0.006299707839304118,0.0035289055446061286,-0.0023893703431002726,0.006351364375770439,0.0024969727581857426,0.017457809174674432,-0.00026169667009075254,0.0014112748538591439,-0.0030503469075300544,0.0003624962105185142,0.0051684187573249624,0.004923714832546435,0.00218785722326017,0.0008796139108380029,0.004700492563245067,0.002726494433870658,0.00028459862594902395,-0.001117213875921202,0.01866321732467724,-0.0013556129416031652,0.0036375733533519565,0.012288475384708083,0.002939597155330235,0.002507936230491128,0.0005895073530712985,0.00382682782056011,-0.0031803380066806877,0.006614872530815281,-0.001555741374127972,0.006374170963332979,-0.003010785202812559,0.006294505860722969,-0.0011849974390768022,0.005695240716317353,-0.00038526734044046316,0.00765481339318295,-0.0016332430140789437,0.0061664052239828035,0.0012488159033739966,0.00658942432434675,0.001422854975367111,0.006206199358179963,0.0020923321957870378,0.004073431351773712,0.001669587624887268,0.00473286408443475,-0.0003060292303784642,0.003915325663872697,-0.0004817460735392884,0.005950787643698573,-0.0012366993564826038,0.0022556499134856974,-0.0007988748364004177,0.004663795770720686,-0.0004964101832701745,0.02020925023586839,-0.0006407525204490957,0.0039502499432203,-0.00046547267402069004,0.002509799562089445,-0.0004167387046726068,0.0033949341965310766,-0.0016873477256934364,0.003589917474265491,-0.0018243792654490856,0.0025462132383970775,-0.0016915096547062355,0.004953525360721827,0.0011074394036028462,0.018097259014071217,0.0017055957376588232,0.0011320855988731437,0.0012857722671942111,0.003579750348125969,0.0030497124648900453,0.0037456682090023915,0.0018421778062691972,0.0035864948971156122,0.0020636133883361572,0.0012823732442906986,0.0012829144599291826,0.014207649530788872,0.0012834980270818087,0.01466255834369541,0.004167338237916896,0.013960398836593472,0.003077366140501243,0.0037554841481075314,0.003467435909765105,0.00420738752289453,0.0028243409801018073,0.0038580186892102387,0.0035611374717530813,0.001020584479029306,0.004485400630987455,0.002097032099114233,0.004067524336115156
"(0.7083333333333333, 0.75)",0.011560214622846999,,,,0.009723790123466,0.03681104931710895,0.00545832844837424,0.023347738526616826,0.003304464052306507,0.012684449976838229,0.0019887026907166,0.0037955656436847642,0.001847809682807591,-0.0003169348429654968,0.0023012258084658195,0.002340018485323855,0.00044358758077560275,0.009111634178516646,0.002249419474118224,-0.0013222179460650537,0.031791172161282015,0.02065394952677634,0.006058898090520998,0.001257301093220215,-0.0003308573996999606,0.002069294291722899,-0.0017101373603304155,-3.630229984214412e-05,-0.0008316833505514336,0.0162047769230901,-0.0033754049764442664,0.00041981096355721216,0.02311603901922787,0.042591919543900465,0.0029808055759319935,-0.0007221878724390187,0.0036590600540378185,0.0016470546915043419,0.0008547623028391582,-0.0028576427485575563,0.02847095424795101,0.004564127239589334,-0.0022884049712848147,0.009997025595221773,0.010006929222445228,0.0014558282196143505,-0.0004068100864116663,0.003280615525887863,-0.0004428770588336319,0.0019108674852081995,-0.0036791259413951247,0.01816771580755233,-0.0035710053315208884,-0.004758475325762739,0.020880650723698047,0.015224258026829916,0.002065274415648908,4.5847857490497306e-05,0.0048895014715616926,-0.0014285268071428554,0.0012439005236093673,-0.005369822514264947,0.004924007432076276,-0.003037505095028584,-0.004116683624651304,0.011534364451568593,0.009913943702948258,0.0051967651917613576,0.0020776540570258627,0.01979277785534378,-3.15820547170462e-05,0.016763850980035026,-0.0042990880009305165,0.0009232376325955242,-0.005714051804139621,-0.002133168247766907,0.008360676974904583,0.009793005427173176,0.0023560622174227134,-0.0023069088329489,0.01267533689484794,0.00015796706343036333,0.0016336694957478802,-0.003000856689365117,0.004404606742063095,-0.004779470940194931,-0.004548937747282474,0.006325034737070756,0.006800584780233128,0.004168500455477528,-0.004209274050342485,0.01890707194887914,0.005630097690469918,0.0028954187596143387,-0.0010972546586521682,0.0014881037093095156,-0.003582026965605246,0.0017609401098602124,0.0009257283534015561,0.006074951113656639,0.003884306333912449,-0.002353593785682432,0.00483910554397033,0.005772383484372894,0.004167784378381801,-0.00024394936605814154,-0.002202252665515783,-0.001449077081268494,0.003584532397244944,-0.00353405869315848,0.007627356621226112,0.0028056122130733475,-0.0018066084086005704,0.00017424982093279878,9.056530293920867e-05,0.0022875167223521896,0.0016267044161466832,0.0017672943164138144,0.002785953264168187,0.005937362070526939,0.00034957879595418176,0.0018613972171271022,0.000272527863990778,0.004513145694047933,0.00039793081485772964,0.020291820744298656,-0.0007842667440529097,0.006822639470936092,-0.001015430769410461,0.0037797999668295903,0.0001765994303512081,0.004243335013490873,0.0007621570130141226,0.00477840839124022,4.968191819006311e-05,0.016227668300446908,-0.0013502047943217655,0.004170106794495901,-0.0029754176567848563,0.004019599514045687,-0.003803764509363694,0.003827854971005737,-0.0031949217977182646,0.003776489285408928,-0.0002477556164894084,0.0041307900358825665,-0.0021638835768929988,0.005135252904821336,-0.0036686364783258835,0.01449785688780126,-0.0043545524433890315,0.0035423081288645615,-0.004163257531699139,0.004016438674783829,-0.003376118391571369,0.003974961810346182,0.004100474881788808,0.017849355685596178,0.0021653479463768647,0.012539778505548953,0.001365344463907075,0.006543175070740796,0.0005593463656635837,0.005096932807518609,0.00048080325302075986,0.003143087570564811,-0.000997678706301984,0.0020558541148406662,-2.4404274893574784e-05,0.003770317938061689,0.005415197319327843,0.011788100430436144,0.002689099325983765,0.0035820591840066856,0.0017414020098620257,0.004904706324640691,0.001699588072035383,0.003707875200918672,0.0019139811760557775,0.0031418741678978703,0.0012788226613437783,0.0038182807340832532,0.0012676651051133222,0.002479570348178902,-0.0005877634844719973
"(0.75, 0.7916666666666666)",0.004129430563082625,,,,0.02455502591206579,0.009998666803580884,-0.0005752544232547913,0.02537765110891409,0.0038433577660201266,0.002850619224365941,0.002151249138756151,0.01915907991515419,0.004013950809539254,0.0037894285189322124,0.001448371635377482,0.002653413323826167,0.016978736345933724,0.0004199441539798273,0.029535680046375593,-0.0008020403225146496,-0.0009130833713483726,0.021902761281208227,0.0037664976951657324,0.004635270484103695,0.0003296877835398259,0.002591441345061429,0.0018262866323270537,0.0008600098903141041,0.01507889263462856,0.00601560207025967,0.002476169833517325,0.025447851031981564,0.016072576371571574,0.005893997534289656,0.0008751075335716374,-0.0009299163505161388,0.005207847205645118,0.00046563602693241914,0.018879305320264533,-0.0039676233186562715,0.019960398560745163,-0.001986749145564941,-0.002209700688096923,0.010250557865098733,0.03300418958475465,0.0006595128039161651,-0.0006370522440447866,0.003991415402076213,-0.0006263857402680506,0.002505105797395295,-0.005169997588659032,0.017119039919512392,-0.003388809651819051,-0.0054943884680829225,0.005957633681774045,0.034895980382993595,0.0032744002635193576,-0.0029562814575340188,0.004633515627520506,0.0017090200460069564,0.00177007942076075,-0.0029835416017160946,0.019494100168970737,-0.004789005569719581,-0.0008904477642937076,0.009533293331145042,0.03182208029265362,0.002013152609316471,-0.0018199085950879389,0.004103248007943523,0.00043093926353104863,0.005036680415029142,-0.006352597923506375,0.001124863478865782,-0.00246022096120355,0.0005167457956761819,0.002150234525708384,0.03129720807732598,0.003177259251329189,-0.0007509688259976411,0.01374785526605443,0.00011926973742297357,0.0050317533322706545,-0.00747771264627054,0.001445527760361168,-0.004669020308685541,0.0004305886577874037,-0.00036097597390931,0.02803664826836199,0.002245767593285727,-0.002781022695295005,0.0027018342231228745,0.005116877310443478,0.0016799563876399653,-0.003640637701664286,0.0024522507055640425,-0.003358934930098938,0.0009866415817973652,0.008055072250294847,0.007072291059403915,0.0013237296499841345,-0.000660081140266365,0.0049984478337857215,0.0029599002972670353,0.003582392689689564,-0.005172555171046357,0.0005362660896135693,-0.0029755860532288837,-0.00023560580717739223,0.02742826575043429,0.006502196119143443,0.0008819497011721385,-0.0012315784348674364,0.005039875550479996,-0.0010029107774626514,0.005647455913054824,-0.0003274776303200571,0.0031719518786686024,-0.0008257392973792467,0.023038892467465263,-0.001460319233770764,0.007586979040930955,-0.0010007787988058276,0.003309973982206395,0.00017831471374000907,0.0032686330680465436,0.0012395505296753009,0.019761983049027407,0.0013725545575237212,0.003891232748137927,-0.0011943202834851765,0.004116737011895974,-0.0004169969648360897,0.015190037553148175,0.0006660405451878221,0.006311562925383086,-0.0007113604668734263,0.005184423758250497,-0.0005199017765814569,0.006604149567357698,-0.0017056470703437248,0.009894249604261085,-0.002644100894166786,0.019988587555491304,0.0008927113641340842,0.004701951878876054,-0.000871787360370367,0.003746768668108468,-0.0014777276609516778,0.0055553944431933735,-0.0016471544404861435,0.005335336071505988,-0.0027386555977681366,0.00462020362148382,-0.0030394060547482057,0.004366940413608927,0.0033464962179759533,0.005467379935272372,0.0028600264269268566,0.005003740480179534,0.003788350739852674,0.025266402982951172,0.0008931417478864917,0.004254777351572614,1.2581342701142634e-05,0.00428641059483559,0.00035135298331784407,0.005267926571861996,-5.1532564338824594e-05,0.0057620078746951475,0.003129812429924188,0.0033178054493787257,0.002188588749746358,0.0035431034584888855,0.0019533320123403582,0.004859784821261112,0.0004934066137519221,0.006739486250446763,0.0007650285294073056,0.0026877297284128732,0.0005405626323983165,0.0033788074920224763,0.0003788570976104028,0.004898588054415026,0.002483397482684309
"(0.7916666666666666, 0.8333333333333333)",0.012152327936780272,,,,0.0453409947828864,0.010874699026095025,-0.0011777267736406193,0.04470533767068123,0.011832160045915939,0.0036525801022721884,0.002145998276403881,0.04549371219135217,0.00035437825275069074,-0.00010520632348264288,0.00230762540960327,4.686363442177101e-05,0.0013099327577254436,-0.004075992503974299,-0.00010671164269515724,0.014193843605515292,0.0003236338769915364,-6.265862155801947e-05,-0.0001657236921921927,0.00033482067431691486,0.0013502525477662862,2.8603348128224633e-05,-0.00048621394516343205,0.017471845829077827,-0.0017983327991738418,0.013409022428873109,-0.004161338866947853,-0.0025510513593672785,0.00621886968889454,0.0036718872033601564,0.0021707656150966813,8.467304067848939e-05,0.015003221564173155,-0.0006747988067122539,-0.003765003198741001,-0.0031364589544472248,0.0036079015557483507,-0.0026451889828840378,-0.0047047197594047695,0.01837422939177616,0.0015392421428061468,0.0021700627469915454,-0.002759330592561779,0.002764491846465821,-2.943297948981497e-05,0.016448088625726564,-0.00678322053487289,-0.002202725536482144,-0.008226520826280798,-0.003305472298368201,0.0071893821873077685,0.0026200433625132823,0.0021494266141592203,-0.005680458095673205,0.0014234632544582813,0.0031117159107370675,0.0028511812720629494,-0.004764896147016192,-0.00194178416485061,-0.007500189067714392,-0.0011861052035541284,0.008038900530320263,0.00504771778494189,0.0013696822641500993,-0.002329671708820626,0.018136759610581286,-0.0006220071018131843,-0.0020141186599591625,-0.0072861738878151824,0.00043581574935366965,-0.0060309213006407986,-0.006892178890260894,0.0172413550041724,0.005615340566383017,0.0006885177758113951,-0.00582523652892131,0.0038261016994380354,-0.0005595433354641543,0.001291712923557271,-0.008708253680553162,-0.0004417893944623494,-0.009271139182353866,-0.004134883530223682,0.0160373426734093,0.007712732003048539,0.0003183728862113624,-0.004577282445038344,0.00956853183433228,0.0017163294329161872,0.004298489998980517,-0.006740399228038872,0.0011393848130552818,-0.004393566659157875,-0.0007005417459271076,0.012936506060604156,0.005527141104969912,0.0011246444122406456,-0.0009531879878678794,0.0008870982787271184,0.0038545172528992116,0.030235034383989053,-0.0037560480211280534,0.001790358713025583,-0.004516127483588623,-0.0003220166017568208,0.015365443014905493,0.005591716760035541,0.0025583872573657573,-0.00026470974672683766,0.0027913156726197576,-0.00013458265812159068,0.003095622013816324,-0.0010491172459805458,0.0012546857361796207,-0.0013470814393487746,0.0021824845019763946,-0.0009760633775102099,0.003515617809880943,-0.0013717149363256553,-0.001010004157583656,-0.003994329155493194,0.036361557597431315,0.0021501593492108916,0.0036672698928147084,0.0019930126579455693,0.005372285497426498,0.0015817660539450432,0.00835604539873484,0.00010430640199207731,0.01749885642650998,-0.0021481757742717457,0.03344277776271464,-0.0013451067401641444,0.0120322678498993,0.000227094402370699,0.0008034686433467353,8.813388318502062e-05,0.003329337970021579,0.000181664435938846,0.0039383238856656715,-0.0034385268269133615,0.01413898769958886,-0.0027865304733915575,0.019118872862228305,-0.0018869713848379635,0.0019015183380462252,-0.001640143387698903,0.0023832157653774126,-0.0010429833009640735,0.0012778689107490503,-0.000817591375215384,0.003671561134542061,0.001695244138816871,0.003959772368591462,0.0007762218822314057,0.018099240035431917,-0.0010773113887063029,0.003524830168227467,0.0008647161114716883,0.0022861747552099286,0.0007945682846382193,0.0028699857835397117,0.0013217330865197864,0.0005392031245787796,0.0018515367496586936,0.00333478346375726,0.0028649230844128458,0.0010943968024198223,0.0018813908871536127,0.010078851037885573,0.0014333942757679772,0.012515096881474824,0.0010146206524799892,0.011144235427113758,0.0003752098776058047,0.0014633719988305306,0.0013484744184159554,0.00010897107278330142,0.0006891329884836239,0.00016467561958808524,-7.014209803941496e-06
"(0.8333333333333333, 0.875)",0.006560323871292514,,,0.0041648483508211495,0.015964461000667063,0.015271368509303702,-0.0002760534500667802,0.017501050778961517,0.00427391570439668,0.001413565609278551,0.0012021306804514843,0.01962664872759357,0.000354975824239394,0.003504416072863938,0.00254232465987674,-0.0005935525340147236,0.0005857051865619262,-0.0019345107832574118,0.0021589360105082095,-0.0018315008601697542,0.029926551420646222,0.0060150275460920345,-0.0024265705653129413,0.005190898644384529,0.00391807103927082,0.005876190713697556,-0.0023089277095538594,0.0022290160962736773,-0.003928539404134517,0.0003485516208884111,-0.0051746207983784705,-0.0014646682859832496,0.0010248633552656801,0.005941736732294908,0.002095918376952978,1.979136005042898e-05,-0.0011845944940494602,-0.0008369840330351092,0.0040887096022657644,-0.004072893212732232,0.0008539824031361754,-0.004035313149156959,-0.000445956978283595,0.002766311369343742,-0.0012587380874181386,0.0008859702878265749,-0.00017844540654996232,0.01909865200067816,0.0021036339333680818,0.003276569501579211,-0.007508190405393137,0.014629738152211063,-0.0045935159955681724,-0.004851898110217238,-8.609176572142415e-05,0.00041849185795952493,0.0011001911944139365,-0.0031739703158748926,0.014584108245706943,-0.0014880484441247145,0.004270530038012267,-0.007972786849947308,0.000575921949808623,-0.005076316467339941,-0.0012092192123010102,0.0036511811332550314,0.0024543246789847663,0.0019170192630149228,-0.0036996651817535063,0.01464712209329951,0.0019524552030529912,0.006408823035341867,-0.009565348850045466,-0.0018979463451556287,-0.0028970765274139174,-0.001317672577012669,-0.0021978083671124805,0.0010687601129763253,0.001191099891341247,-0.0020219839934053243,-0.00011830353156127073,0.0008261140954720648,0.006122411153666783,-0.0073385941968725854,-0.00013430386237580616,-0.006782249888302758,-0.0010354952167942577,0.011791347645562507,0.001568381461866967,0.002423058674005381,-0.0020564647047670833,0.002763360606740822,0.0023463823864251355,0.013881081630450634,-0.005078894224187624,0.0009074702704902804,-0.0027647632611040355,0.0038087198593837056,0.02231848023098034,0.005732981765295351,0.001990815533354297,0.006231768048468479,0.0016000154239336323,0.004239053980852546,0.004076858772171216,-0.0028477797932392533,-0.003033133351985609,3.3456480589139935e-05,0.004431309324626353,0.030023377815663766,0.007487683272590481,0.0010186905267545647,-0.002829642615964526,0.00259593991060127,-0.0017135189476341563,-0.00206961250167724,0.00020481316553298674,0.03068511910793374,-0.0002476570406648768,0.0033920306588177953,0.0026621358242916063,0.0017440546116543564,0.0013682530011415266,0.032529559600843326,0.0020065292257091805,0.0037143019919135926,-0.0010279656230950407,0.003131012253059125,-0.00029614885036445624,0.0008696487733824931,-0.0003304731587852688,0.0001353153156365793,0.00034728967812138373,0.00012631316127641005,0.0023318839344086645,0.0018275281474332138,0.0019499583485375336,0.0024757551026849097,0.0004972869354258962,0.0031145028103862432,0.0005098681620074503,0.0012267006554619998,0.0001690757834963471,0.023447169741117126,0.0007869115325887207,0.014250896006772587,0.0001194284286262093,0.009791247863183812,0.000257017880646684,-0.0018233584483989733,-0.0001769087910647083,0.0006023418127109996,-0.0003913700491596077,0.00034472697918818974,0.0009757071049219714,0.0021409403372476855,0.0025161110832347326,0.011340297739770279,0.0030870255190208703,0.00015150686281132673,0.0035171394059714187,-0.00021334919071165108,0.0022983601729761557,0.0011387219915036779,0.002217177688826331,0.0017484833066669164,0.0031438134633737756,0.0036512821182072123,0.0020453835317001744,0.00014297826136771302,0.004335701285847239,0.0026039869185403523,0.003886700072247956,0.0029609513741907867,0.0035337310045604805,0.008605364959641197,0.0038363255898893763,-0.00038951663635484037,0.004299528947438107,0.0012898356736828827,0.0042483702218338824,0.0008016779378249435,0.003990014114143322,0.0027423905369803295,0.003005453010777517
"(0.875, 0.9166666666666666)",0.001585763951795078,,,-0.03126902607058728,0.02112058849265624,0.01725357096788462,-0.0006986290099882735,0.019968184137268467,0.0022203560380855986,-0.002161613995519355,5.2449703892094526e-05,0.02774117625622626,0.008869120678861744,0.00497425133048738,-0.0009202686723061638,-0.0020770746717610694,0.0005597749218230245,0.016898660972419068,0.003355618116666693,-0.0013964616729422992,0.018343593443764208,0.0003347201611282212,-0.0005602087177030355,0.0018098969095466585,-0.00016626871882073724,-0.0043807819032873055,-0.004344578105946337,0.02041517788189899,0.012761200760606599,0.0006395612934088834,-0.0005863628268717258,0.004763572944519479,0.015444740251258898,-0.0025478201742433707,-0.0012391756228339113,0.0007996937683281723,9.174850662697171e-05,0.00041984149705639724,0.017088585202787214,-0.004750573399188702,0.0009120698525317451,-0.004125718501755567,0.0021526073742031753,-0.009615202760847588,0.0014271862465144336,-0.0021032446283272537,-0.00014759446200943318,-0.001920721502957748,-0.0033678563239095513,0.01246188684014493,-0.01045947521217225,7.826019856335335e-05,-0.003087498155251823,-0.0011372051698988195,0.009881112838254909,-0.003641965504570382,-0.0008136916549844553,0.0035781378391614885,0.015059152437401194,0.0011995136797982202,0.03313684276931976,-0.007739004880374262,0.001798651981646901,-0.0037734838952041528,0.0011343499273567352,0.0286312550923282,-0.0009427343544952038,-0.001924917872754081,0.0059349157999786795,0.012455768328026525,0.0007749474244678013,0.015819375007909878,-0.0031122010301943394,0.00023542666594325652,-0.004093502824285029,0.0014197008296422294,0.02057209259670172,0.00014658109053473884,-0.0007245078503469114,-0.004871582301353287,0.012529423439358816,0.004622074828105655,0.01981480579943384,-0.002300286365304315,-0.0005718810028910901,-0.007604557910179215,0.0038959503032412047,0.02905623477922676,0.001262678671687369,-0.001382170704282875,-0.007783254578902342,-0.0016230462400807172,0.005548384416532745,0.02102685364614094,-0.0030874511184453,0.012001397416115512,-0.0031925215323669767,0.0065904573643583856,0.041535778956679245,0.000647503935886309,-0.000746188986870398,-0.01420517639959437,-0.0022466243719052306,0.0031744662518057827,0.002463252884855077,-0.008138268390723036,0.002350323472719558,-0.007121635688096739,0.005505944008542667,0.01491040012085804,0.0004696309651888013,-0.0007434215360503595,0.001976575374604466,-0.00042881725087379327,-0.004419162176573938,-0.0012929022421954723,-0.0007797685686006188,-0.0009492620716476653,-0.00280742978168479,-0.00013685538924066836,-0.00466484849503487,0.016785467378048178,-0.004222869145725289,0.01447167843064878,-0.004511159757555908,-0.0005962846547565818,0.000494154604604636,-0.0009694207136849775,-0.0005694860783096213,5.482506080589036e-05,-0.0014061927212507832,0.01558504093234345,-0.001916785217159812,0.029494336448631156,-0.0008163130079736264,-0.0005095644265031316,-0.0017401602869072514,-0.0014088202088249724,-0.0021791495577232283,-0.0017896371264496617,-0.002687275413945789,0.01262118181125739,-0.0013896738025852558,-0.0003295711878864478,0.005747328409573027,0.012329693450680268,0.005281414895250016,-0.000928890008771248,0.0045169308068614585,2.0261454803829042e-05,0.004671963901583602,-0.0034744513360979727,0.004860971813330459,0.0007114146128574518,0.0029141655526904284,0.008456820535057597,0.0065314489826454126,-0.0005800381038014566,0.004908216997554174,0.008270431923447799,0.004498875392577881,-0.002380996453815232,0.004804362863238984,-0.0009924613640321074,0.006570575718253149,1.2004290827325583e-05,0.005539441715009566,0.0017337962210633763,0.0058859928010155165,-0.001871755935326213,0.0022052182745811006,-0.0008530448932183891,0.003935246486565086,-0.002637352413006899,0.006453239517864238,-0.003682926922874597,0.00502850189131783,-0.0030517975968758987,0.005839157807233269,-0.0026275872132063205,0.003551291350521883,0.0010472876404592553,0.003164607847085789,-0.00026527044312700293,0.0041015085570997815
"(0.9166666666666666, 0.9583333333333333)",-0.0002346096739211089,,,-0.0024374019380109164,0.02343474326239113,0.017914345463226372,0.001088642587701726,0.022239000541384224,-0.0018015446715091655,-0.0006575767541694378,-0.0023932472516528082,0.027892853919410442,0.032428496309091615,0.014603707238526697,-0.001960689734280028,-0.004207364413638292,0.01732344922181568,0.014440902641429745,-0.0038138249158524836,0.001576997739143568,0.004613465225711703,0.013805626436119819,-0.010771200367323496,-0.003921515669220501,0.009818424158970532,0.0009665522217461053,-6.236841335769777e-05,0.0006423710772896873,-0.001912205310598961,-0.001496884273941893,-0.0026774701155232905,0.004293946150880926,-0.011481865308937836,-0.005447665341225014,-0.00584461268483246,0.014034915782709888,-0.0010426780996595328,-0.004494407618028489,0.003129926535232033,-0.008263659079946613,-0.0012705407958234387,-0.0034909864715097797,0.0035507530960551975,0.01461206513417768,-0.0009250829470306264,-0.0060735227184983125,-0.005752106355058705,-0.0019424273292942295,0.00011866900562421492,0.025020298344943202,-0.003865972966661572,0.0015017574265252336,-0.00570043208781139,0.0008076509453508638,0.021926030844964774,-0.00534736647227475,-0.007026032867054676,-0.006304170408950901,0.013275474258728015,0.0035725169605591977,0.01805766294945404,-0.0036047313322209546,0.0014611926070487351,-0.0031910884409388288,0.004761807079690765,0.031427988717801114,-0.006880205600380326,-0.006287181646960031,-0.011997305118172293,-0.00383790814703016,0.00011172464204001594,0.034353195992980916,-0.00712324058540874,0.012369466568035017,-0.0042898807495425776,0.004229106326812203,0.037945336830828603,-0.005491711625773093,-0.007050573846204933,0.0009398052213857644,-0.0038683972012707487,-0.0013271071085089244,-7.977299925629344e-05,-0.010390892941026087,0.00047282710642589614,-0.0048594795917129485,-0.004221897833946258,0.01581005252504077,-0.004985000611326021,-0.0070484022679027725,0.0013477787349057636,-0.003842769110358721,-0.0020873907186549252,0.013130193766939342,-0.010082844131052355,0.017451040941483198,-0.007694336619359698,-0.0060876553811683685,0.003912678421255565,-0.004472768246647163,-0.006267900113634007,-0.008565651560443942,-0.002323085636795008,-0.00244504907537951,0.03218431321710159,-0.006696757402671774,0.015535816792837422,-0.00677893624116778,-0.004435177821170253,0.002550476659919093,-0.004791823562185489,-0.005557925852568818,-0.020902334283176137,0.013526632199624022,-0.000597378736103839,-0.0006012798840928038,-0.004838921499101832,-0.0007044590516440558,-0.00339693305903021,-0.0010647906553704234,-0.00025157621830423145,0.012833350266976176,-0.0018286345025782728,-0.0012935406544313834,-0.002614073265293661,-0.001189861127245324,0.004285513175787817,0.012714934446600408,0.00222606224404672,0.026663774114551928,0.00300110610739842,0.012827284958978462,0.0018047229516348724,-0.0015251176071404058,0.001576369417757732,-0.004070216425560043,0.0013627593848453364,0.010633359863930176,0.0016367981343611876,0.021672168543991333,0.0033131590297304234,0.011266211473022392,0.002865905450526661,-0.00347196637796327,-0.0024964491420282195,-0.003215453618149837,-0.0028462914351419844,-0.00262012967534382,-0.0011385049291929206,0.007173795209628709,-0.00022739534145296614,0.01868606819597352,0.00024509334822896963,0.01946206798201786,-0.0015771659916113889,-0.004115493671214765,-0.0025507265779007916,-0.004750314455848331,-0.0027566420545197677,-0.003917001025944244,-0.001607045157317954,-0.00044838162826914106,-0.003030846906303502,0.005233358478176846,-0.00460623214678847,0.014803982075619478,-0.00769448465677358,0.015230506276456873,-0.008713917471753277,-0.004730056651891082,-0.00147083530542662,-0.005639083944643698,-0.003430744132845514,-0.0039048093030751374,-0.006450876278437573,-0.0027802971602880833,-0.005736483080963777,0.006080581213769558,-0.007845097950415667,-0.0014521298193701628,-0.008452279351461239,-0.0011636221718278263,-0.009518008214068506,0.006258742538744685,-0.010992470428144748
"(0.9583333333333333, 1.0)",0.0013400256085377511,0.0047412586833071,0.0047412586833071,0.004738288183162546,0.04511668001201608,0.02997490125372105,-0.0020421098905953456,0.04544064096480066,-0.0014873618731685908,-0.0003150935321332587,0.015482732148001093,0.013837890100490318,0.01263633397203341,0.0034452873152286618,0.015692522820283793,-0.0032852525954516275,0.004349987950472272,-0.0004151232185794655,-0.0010205398288696747,-0.0026534539552272958,0.005634824972149094,0.003589651375181795,0.0022502369663646195,-0.009117047918523925,-0.006217626783133095,0.013268427779716206,-0.002145892689638295,0.004292861231400591,-0.004739782718712623,0.001334870534672417,-0.0013518539529720525,-8.272317502208136e-05,0.017048310160419126,0.002592318344354334,-0.006818069379029355,-0.018965235559448717,0.011417241742233205,0.0031188198217131256,0.0033408400295241044,-0.005539734928240036,-5.8907255207822964e-05,-0.0018820112686775048,-0.004270978981919269,0.012034396373078465,0.003089337533471633,-0.005491104777011808,-0.012093678963731608,0.008691485402055242,0.00010428773919615172,-0.0009549786313292284,-0.007136539877313526,0.0025706778749959025,-0.004435412330481453,-0.0042664006643744565,-0.004680923792746414,0.004282186232839051,-0.005591242599769894,-0.015158106158522568,-0.006040661603970186,0.000474311019357459,-0.0012299832905897903,-0.010072998971256616,0.009872735222670244,-0.0022831775308882465,-0.0038371027174889205,-0.00513606899466529,0.0018794306007171204,-0.005073432511054196,-0.011593288077832355,-0.005947417220036795,0.002616995856195222,-0.001649656126723563,-0.009423157546938251,5.579879390835751e-05,-0.005409780911415248,-0.006942896911943478,-0.006317804060398409,-0.0008197621752532357,-0.0027292311110985474,-0.017264678483829413,-0.005563860015145505,0.002416934845897698,0.030444331352433806,-0.010776089306576713,0.0023731928913987756,-0.004280158384605811,-0.0063659464165307655,-0.0060075660708981335,-0.0029948565962635565,-0.0017638473889556058,-0.015998298737020744,-0.005219907108408527,0.0015980808387325164,0.015676327136389483,-0.01416983445744431,0.0010532882800297102,0.0018688565437898596,-0.006273257226533993,-0.005834105215047958,-0.0037171213942221505,-0.0013773037844739167,-0.003959128353434437,-0.005667010058087252,-0.0003283592548550765,-0.004540068305507158,-0.015631582298901006,0.02016430330889395,-0.000353344563758517,-0.002651312547914036,-0.0053103955258827695,-0.003912847600920634,-0.00012868273413700713,-0.0012876573090462248,0.014585418592494251,-0.0013381286098284753,0.025748229585799684,0.005147843963221614,0.011253109700534695,0.002818927646296984,0.022002746475050575,0.0018742848803831717,0.008879229360315065,0.0009155907722787882,0.010009210156567243,0.0014876817054087527,0.007608658044897783,-0.0006096042584613239,0.006991179721236399,-0.00012124309002467317,0.007900382321336238,0.0005718911245411196,0.00831978045162302,0.0017298698552093029,-0.006216714004475041,0.0021685818477445136,0.008458152147830137,0.002041399275079207,0.007335610806621818,0.0013155232557921946,0.006589224484374916,0.0002862824697348569,0.00533768378199478,-0.0014940470409836074,-0.004506464697602957,0.003514311549678522,-0.004068835642161729,0.0038127325974471626,0.008701749187280283,0.0003987204126710929,0.008081243111131935,-0.0005218471886505687,0.004871541567540004,-0.003689610764139003,0.003820030746819472,-0.0008457996562062005,-0.004696818525790285,0.0010410417611194378,-0.0034687805099930065,0.0013081490845208447,-0.003429824509337657,-9.587649608991993e-05,0.004277352535294152,0.0020754486863606334,0.005282989504985505,0.002391308141285512,-0.005029908164640091,0.005364421569228957,-0.004237927069907979,0.004675599554844576,-0.0039926496756560485,-0.0008439818188764245,-0.0033132897016454814,0.0006494439078077496,-0.0033430417613204127,0.002547040593858703,-0.004689946819568407,0.002927307035335996,-0.0049084556374018795,0.0012287949783628986,0.004370203380381489,0.002810374937015343,0.003700499809936144,0.001874183555948455,-0.0035149481026531303,0.001597039221997519
