,_id_rank,日期_rank,开盘_rank,收盘_rank,最高_rank,最低_rank,成交量_rank,成交额_rank,振幅_rank,涨跌幅_rank,涨跌额_rank,换手率_rank,真实价格_rank,代码_rank,timestamp_rank,开盘收盘幅_rank,昨日振幅_rank,昨日成交额_rank,昨日成交量_rank,昨日涨跌_rank,昨日资金贡献_rank,昨日资金波动_rank,过去2日总涨跌_rank,过去2日总成交额_rank,过去2日资金贡献_rank,过去3日总涨跌_rank,过去3日总成交额_rank,过去3日资金贡献_rank,过去4日总涨跌_rank,过去4日总成交额_rank,过去4日资金贡献_rank,过去5日总涨跌_rank,过去5日总成交额_rank,过去5日资金贡献_rank,过去6日总涨跌_rank,过去6日总成交额_rank,过去6日资金贡献_rank,过去7日总涨跌_rank,过去7日总成交额_rank,过去7日资金贡献_rank,过去8日总涨跌_rank,过去8日总成交额_rank,过去8日资金贡献_rank,过去9日总涨跌_rank,过去9日总成交额_rank,过去9日资金贡献_rank
"(0.0, 0.02)",0.013212878034097863,,-0.0019961468676064865,-0.0019289152787832647,-0.0019360617449931396,-0.0018691339351585559,-0.019777553085771754,-0.012867075226729722,-0.02067676353783383,0.011397627481967352,-0.007126124297903783,-0.027099259999350707,-0.002622973601267522,0.0011094524134126049,,0.0078705210784345,-0.018472556357237234,-0.01269855203907432,-0.01760198310007994,-0.0021148587676455754,0.02126597185675024,0.011088404683356754,0.0009513364249715836,-0.011606278993534197,0.01736973866640926,-0.0049430319748501456,-0.0116838402855251,0.015362042979819463,-0.008257093139994304,-0.010434307143315261,0.015389934750947309,-0.010290277116398981,-0.010192334814027298,0.015088218305854093,-0.012102421956045153,-0.009429896410559038,0.014243493576638752,-0.015616445347695894,-0.010314004111224295,0.01300799212927111,-0.015130449848823332,-0.010632001090812589,0.012073254118191193,-0.017250297511102405,-0.010840063590248175,0.011443119457066409
"(0.02, 0.04)",0.004419445064825023,,-0.00203024698180467,-0.002090606495404654,-0.0021667186702218023,-0.00184571972242076,-0.015930560462385304,-0.011346998324060744,-0.010046220432870462,-0.0044423170749421665,-0.002255331687077982,-0.01751697110264386,-0.004641211164767642,-0.001372003112855612,,-0.003732499108148807,-0.008591419870417625,-0.011539098203204472,-0.014014318808638465,-0.0049971046839115164,0.008299031305155021,0.009988103212249064,-0.006376773191956093,-0.011221143405727666,0.008706430655977739,-0.007392618183615799,-0.010556094417096939,0.011416815234769529,-0.009980899233011849,-0.010695089638484185,0.009873929047958545,-0.01038022549085571,-0.011498766012866802,0.00858394434391303,-0.01113560254122449,-0.012011945462374952,0.008191795003341317,-0.010621449600887227,-0.01115112414611134,0.008905268219205172,-0.013429617559042551,-0.009595626278127671,0.009373121625693471,-0.01086454795585788,-0.008094453888856313,0.008933059178177034
"(0.04, 0.06)",0.0003385799972397507,,-0.004566953502127893,-0.004652995044351099,-0.004200246314918013,-0.005131904442339536,-0.011141253081679438,-0.011712138655116982,-0.008512272966792748,-0.008826246745806997,-0.003991176505157237,-0.008890436552998593,-0.002766731180063358,0.004278409506729615,,0.00137969255038703,-0.006282605195578349,-0.011391201899964093,-0.011136074431970854,-0.005800531571911763,0.00746957853201168,0.010205601661829995,-0.0058580022197461685,-0.007839208866058841,0.009105056452259641,-0.0038058067607789677,-0.006269435271614581,0.008378616922161039,-0.003834274709770801,-0.005909859211181966,0.007410769185918236,-0.00584963619823273,-0.004535737068917902,0.007768626512294024,-0.005343241452835438,-0.005189045218796704,0.007799558557449703,-0.004567268298297423,-0.005634349556848297,0.008332364600981641,-0.002925053504012301,-0.006338606079936765,0.008713531571204556,-0.006591100446464971,-0.008616019037889356,0.009868893312543568
"(0.06, 0.08)",0.006925685242403301,,-0.0021968279761701063,-0.0017908039294774775,-0.0017362762118059089,-0.0022952687293354,-0.007930225708285511,-0.009174109913768817,-0.0055526470546913365,-0.004726341174942751,-0.0008570887471735196,-0.008136591988676846,-0.0033303152271100278,-0.0030757475606142098,,-0.0015491211714084032,-0.0054696192100146465,-0.0077276042553459335,-0.00819296434792363,-0.0026475262481799747,0.009292305374113087,0.00899860229946029,-0.002105218820590569,-0.009468678271433557,0.007676079792881215,-0.00241296300818706,-0.00818851164418556,0.005885179291894996,-0.0010949208392784222,-0.00843510089187156,0.005851851922458901,-0.001557570869028038,-0.00744464184317126,0.007551091605640217,-0.001512281716956267,-0.005649486377398989,0.008376804046436237,-0.002521456440524183,-0.0037745213474991994,0.00813638648462885,-0.0028136595906536398,-0.004237306237803722,0.007665060826515713,-0.0011930342352300454,-0.004866846970885117,0.007535765459123162
"(0.08, 0.1)",0.00032542839549488744,,0.0012555838046637807,0.0009607888504733135,0.00023499928479702923,0.0017959699176708602,-0.00604440598476023,-0.00912219135896724,-0.003789581965009921,-0.004828064362506785,-0.0013272597437136806,-0.006383441081493445,0.004525063557066402,-0.003039663167749553,,0.0019701065395426143,-0.0025045731986757763,-0.008240733861449459,-0.005439333943933951,-0.0020703129358294044,0.006025017801722717,0.009787845942005817,-0.0036120010747078763,-0.008991283065294304,0.005699062122638674,-0.002896345185215022,-0.009299179732836395,0.0060034116127815245,-0.0020736480523680582,-0.00866532973450333,0.007647839045322953,-0.002006347103683439,-0.007505209824809544,0.007067381747103879,-0.002958389552690844,-0.007674760470784748,0.006233290194862183,0.000531345713543223,-0.007911496287936748,0.005463831934481053,-0.002288167114698663,-0.007401434495429984,0.005206154848525031,-0.00049180221550549,-0.004144924551201475,0.006432825229810287
"(0.1, 0.12)",0.0052092840526590115,,0.0010191984282840955,0.001154371733120327,0.000997200543737272,0.0015951954738122975,-0.005599758248339955,-0.0068679899259652885,-0.0035632480333898688,-0.0030166948499646402,-0.000975449746503029,-0.004051298222919549,-0.007605795351866451,-0.0032740091750228222,,0.001197900903747841,-0.0013194133431274208,-0.006152153531324288,-0.005087863900030932,-0.0013318245811660475,0.007784681555605417,0.007247810020799382,-0.0014909669741293781,-0.006136524687822312,0.009260221472979845,-0.0025648854491676855,-0.006894440396596623,0.007456742066429531,7.796481115012472e-05,-0.006369325663879869,0.007351303822778629,-0.000757325509778079,-0.007036699038111735,0.006141746667246825,0.0019491384362845343,-0.006500306952485287,0.007845467041250255,0.00028962322632610036,-0.004226027982771035,0.009738902220607207,-0.00019996771717935137,-0.0035097801775888903,0.010785663038708985,-0.002210968185018397,-0.0037393712843801683,0.009509462345143375
"(0.12, 0.14)",-0.0009636956234357971,,-0.0036697092223317335,-0.0036182108716969886,-0.0034914417775040187,-0.0038214396785964853,-0.006159339500672858,-0.006948444460494878,-0.0013081223416884912,-0.002394705395010395,-0.002391679115083403,-0.0008721022107622908,-0.00570084506805485,0.003676661340937516,,-0.00034731843176127343,-0.001581685420784268,-0.004044488281105147,-0.005847052896592822,-0.0013148941728327776,0.007825703532430173,0.0066617744876317185,0.0005328102071577951,-0.0034917664792161814,0.00873941624544236,0.0014735719347312673,-0.0035799905039813618,0.008406217288152775,-0.0012293532031380384,-0.004293856632904002,0.008852540035607292,0.000686956636514074,-0.003291176481887993,0.007342114121468009,-0.0004624346540028483,-0.0021511415667827562,0.007566558124950006,0.0026288248662189972,-0.0029889220306323033,0.006855174625389096,0.0012432100378935308,-0.003322613732304935,0.0054782883266209104,-2.510572634028969e-05,-0.003826309966239939,0.006748922721496209
"(0.14, 0.16)",-0.0008136070305269958,,0.0003402515014015751,-0.00026118349888661215,0.0006425769252248447,-0.0007490046137599963,-0.00509866554975506,-0.005654790638486751,-0.0014713289258384524,0.0008154364138798352,-0.0027431391702679485,0.0016199947645032975,0.00037696743758323925,0.00018078421551169578,,0.005562489039343294,-0.001342586754455908,-0.005531837492722404,-0.004631208009924545,0.0022225157343090576,0.0076961760841728856,0.006030356710895017,0.0004988011022808268,-0.0008491915860340007,0.007690156869537179,0.0017064628966582467,-0.0017725862590950861,0.009610312873264169,0.0007567141158997418,-0.0003509957113120622,0.00685728590174296,-0.0008690556781402069,-0.0022053630170632997,0.008488107419499244,-7.523141301605327e-05,-0.0025035640179191863,0.009183903870971118,0.001056611938275824,-0.002742251036046998,0.007288353099376992,2.594285460535714e-05,-0.0032769757086166295,0.00870124048013579,0.0008330008566066957,-0.002922123409992404,0.00863195533669227
"(0.16, 0.18)",-0.0003563136601585699,,0.0010519789419986495,0.0013275028846111766,0.0005817611970828468,0.001805027197311564,-0.005399235245192779,-0.0018503353989172378,-0.0037819634967713174,0.0023386427406104377,0.0010965897074450167,0.0010833419981101597,0.00011140108162864271,0.0003172457691433778,,0.0038882301907978228,-0.003028805168802773,-0.0016515494056577864,-0.003768687478335588,0.002241548954835324,0.006445886376597405,0.0054393137532504085,0.0004910697768657267,-0.004988073417133887,0.005081615958431242,-1.5140576097058869e-05,-0.004384751331250565,0.005502352689270024,-0.0005425297642762701,-0.004277919383008295,0.0074122345020930964,0.002701361916585268,-0.002302732447246813,0.00797684004187389,0.001648603389100458,-0.0020509032574307297,0.005560629083470107,0.0020111944527697804,-0.002704744651505927,0.007081622720398339,0.0006805587801478178,-0.002835184294481799,0.007086213074316239,1.005500846107691e-05,-0.003151734968774561,0.0051529313043697025
"(0.18, 0.2)",0.0012487879733874031,,-0.0003331020382021665,-0.00038976667541950553,-0.0009100279985684667,1.174534075178786e-05,-0.00028818574328376835,-0.0039949660208481366,0.00036586343168503686,0.0020382536678824827,-0.0007253995513098674,0.0013277068310960907,-0.0005247223992584884,0.00041725846752008997,,0.003916423406758072,-0.0008762069524050814,-0.002368031924460225,-0.00028115094380121614,0.0029599300839975467,0.006843919164262227,0.0060573854525494885,0.001442057499663138,-0.003711555541157405,0.007674836406697462,0.0021926857732201795,-0.0035838549190495036,0.007771396434795372,0.0018522938680679733,-0.005916780484377937,0.008528355104107127,0.002031565122866988,-0.004371186656669157,0.0074027594511407524,0.001991738898562923,-0.005821208633706039,0.0066063870086915276,6.0895496629386526e-05,-0.0037438580672933606,0.005818698392696548,0.002068395858704818,-0.0030165970865920367,0.004701920757189182,0.0021461059751764107,-0.004208716552815637,0.00722551534964944
"(0.2, 0.22)",0.002006211360454104,,-0.0003482763106423341,-0.0005419986493755696,-0.0004746593998968453,-0.0012821296636320013,-0.0020290622151358456,-0.00157542848328056,6.097788318259598e-06,0.002621496454712473,0.0013477251041379107,0.0009681175240081641,-0.002755450208078171,0.002276654280300642,,0.002538311615442698,-0.00024615746437071787,-0.0008244154195936982,-0.001645031580581904,0.0028089261979286147,0.006119763358016568,0.004587901914308052,0.0022727721170200357,-0.0018937937094294674,0.004810778216924282,0.00039581160096167136,-0.0020269413527709166,0.006798700520102257,0.004380870955044795,-0.0015065320114528605,0.005157979890357184,0.00034779753433673805,-0.003623206436284407,0.005099906499424804,0.0016851334952899572,-0.004463152956348213,0.006214157520963582,0.000697191692415268,-0.0069516712719767644,0.0052162828844882015,0.0014327594264563982,-0.005960321703565908,0.005296554119132761,0.002739501302245174,-0.004939751654226189,0.0037334689186552276
"(0.22, 0.24)",0.002177581493164653,,0.0028764742853961307,0.0025903863179162373,0.002616028090196018,0.0036269059675748867,-0.0023021619716100646,-0.001320006168507411,0.001246108950330124,0.001826741303340579,0.002607701050855212,-0.0004866581937745493,-0.0005180861213912471,0.0026696542368076772,,0.0017096735718112996,-0.0003624407231609126,-0.002152864107794819,-0.002554231084261486,0.0010054831178871475,0.005607311852697348,0.001981999832208299,0.003186580032704324,-0.0017517953249256478,0.005876630904153602,0.0016828502071913345,-0.0018880757585002764,0.004518666420317697,0.0018970368094913391,-0.003946462397666758,0.005277008313450549,-0.0007432965488319369,-0.004486747127422353,0.0048326485837813194,0.002474509569311753,-0.00344034804036732,0.0029936150006000203,-0.00016203533624439175,-0.0020606378489404433,0.003977832185401274,0.0033534160028633243,-0.003992000323126704,0.004835651958129928,0.0032253158284874478,-0.0034127237513558945,0.005769521056908178
"(0.24, 0.26)",0.0032273326698542787,,-1.208981481282405e-05,0.0006886847969055325,0.00034322939165816864,0.0007848023822734813,-0.0008343215985113028,-0.0021622942567354852,0.0027852381312542867,0.0004178784324166568,0.005423844403991987,-0.0007448150878563423,0.0024309930436221825,0.003523790741872374,,0.0017451588817029202,0.002582610291902004,-0.0018822926495692107,-0.0002305399877867079,0.0013421156068662446,0.0055843623857379275,0.004455105450504641,0.00032180511272999525,-0.001790396160455453,0.004682772907976677,0.0011348217443288339,-0.0004443859742810405,0.002255662962169986,0.0018168330155489078,0.0009847193136058973,0.0027325106807088865,0.0028729596203651013,0.0015411598933484623,0.0019309119052472517,0.0012121181820345492,-0.00025284648223238763,0.004817019979992093,-9.117265579609192e-05,-0.0027994938095575444,0.005324341119631169,0.0020112924239155494,-0.002067093758097626,0.006125510887498401,0.002327172121598338,-0.002775782626043759,0.006916978920702232
"(0.26, 0.28)",0.002269935366956092,,-0.0023553828824932135,-0.00254428618607439,-0.003317316613687435,-0.0033255316296531157,-0.0017721973840884077,-0.002901213790684763,0.001718590832671056,0.0025700078187912037,0.001136120647911048,0.0013735841870646981,0.0017676720637301439,0.00016597911981356054,,0.001998377387418778,0.0033646149303895425,-0.003203789055900171,-0.0009995168008209313,0.003451797711186198,0.002743767487909605,0.003809347562643189,0.0017988290774796805,-0.0025879400425559782,0.004300632011603285,0.0017119985475765116,0.0011521181010350514,0.0066525385416636605,0.001875619532193243,0.0013468811981105977,0.0048827627250451295,0.0019672784010346042,4.778745080323546e-05,0.00414118643615736,0.0024347030079101776,0.0002387361983832283,0.002626470439863833,0.0019414592721866092,0.0016225102053982277,0.004958126660132668,0.0016820681342109647,-0.0015736774186215139,0.004820428541933965,0.0030805133403975027,-0.0007685924110528962,0.00543374123954474
"(0.28, 0.3)",0.0012535418327634766,,0.0009705544633483634,0.0011147800152758473,0.0016346675527422524,-0.0003935132634858637,0.0007081539339120629,-0.001431835379798366,0.002338544780824592,0.0007201773196159033,0.002737553101499539,0.0005686256811889153,0.0015374430699837776,0.0008522211625665398,,0.0027710776195429064,0.0039196278314208586,-0.0006934478464186918,-0.00013333986798652665,0.00018919582311969783,0.005610309975565059,0.00434098319546257,0.002266583307362448,0.0002938348359521767,0.004979886374039973,0.0028159637210784737,-0.0020459100987717644,0.004337737455841446,0.001066549049574468,-0.0006949008838518639,0.005635762353888888,0.003760582131447512,0.0001626357760788875,0.005541566020181705,0.0005880883809295909,-0.0007913570663444763,0.006275816046681196,0.0024725047931692203,-0.0006159999514500645,0.004096703744817952,0.0009663897784654442,0.00032638415909458905,0.0057696737139687196,0.0015046109074607326,-0.0014092420408304885,0.0044785960172656885
"(0.3, 0.32)",-0.0026506003581516554,,-0.0021844215951319925,-0.002769090384746236,-0.004661227347517056,-0.0010389591870669703,-0.0007509586240801383,-0.0013934805922629543,0.0036386019812816757,0.002494716593050393,0.0027524739401178534,0.0016803071974679591,-0.0005864930576004996,-0.0022616903685291536,,0.001664130871373889,0.002924733098678424,-0.0013093620121484083,-0.0004600247882890515,0.0011782250914398505,0.004573544094597351,0.004361385507978133,0.0029278215388814964,-0.0014201807279922137,0.00404912334601233,0.003076647210007002,-0.0027502602748942593,0.005117061089169704,0.0022341966328019245,-0.0017871028600176511,0.0049536242764084675,0.0021737756041596027,-0.0006302045598530452,0.00530329840410802,0.0020318791758182396,-0.0005184419818214175,0.0049951348574110484,0.0014192565385239386,-0.0017646046105037078,0.00599699832635195,0.003172173048170699,4.676926828307543e-05,0.005234651531508967,0.0021055647335079717,0.0010946422361489687,0.004580232110036404
"(0.32, 0.34)",-0.00032090378281271866,,-0.0022025029022411206,-0.0020771403455659295,-0.001633397664330659,-0.0006465694731889603,0.0010890306750913812,-0.00038015533710680956,0.00011799243908267612,0.002569479203664493,0.0027675367327423474,0.0031886838582632403,-0.002549029091427504,2.511838483710922e-05,,0.00327590177502166,0.0019987960803337585,-0.0014033639735059496,0.0010531000488035618,0.0028020599645616462,0.002564802825041405,0.003062593497464944,0.0024680994508724397,-0.0012408829314784337,0.005473607904924888,0.0014385344176744614,0.0003572274860981736,0.004438016258649488,0.0039741637325802345,0.000824104578858602,0.005128058202754714,0.002843059511279121,-0.0006697555914552566,0.006366979368442719,0.0039829804740068924,0.0004406478867597173,0.004244103125763944,0.000342446905142855,0.0012598723214788444,0.0055939233512162425,0.003503886201508191,-0.00010886764329180492,0.0026199653754941116,0.0034936883585478867,-0.0009915454059847386,0.0028562614203609974
"(0.34, 0.36)",0.00036961989161665894,,-0.0003339136010573332,-0.0013439671704819516,0.00010898137497798656,-0.0011905884402815055,0.0023101133375981455,-0.0021959739030761234,0.0022112558127519904,0.001137014876798254,0.0021348214791101923,0.003404755087894461,0.001442543633222614,0.008448818303070156,,0.002224031922667073,0.0012665566009440311,-0.001176569706068722,0.003338576868778029,0.0011774011813962223,0.0034319339720444535,0.0024069572026938412,0.0020787445552808703,-0.0011187055403946264,0.003129292612956753,0.002019403806003726,-0.0001427880581507871,0.002972024655125889,0.0014534744626756764,-0.0004507416798102691,0.003570051079084645,0.002916247914709515,0.0003571394090634387,0.003691662660280105,0.0008498115905397857,0.00010659623033929634,0.005262599544619203,0.00415606556068701,0.0007549975833576,0.002759637246495352,0.0011281672566683595,1.3205238628256628e-05,0.004401221379698396,0.002761547883476298,-0.000559952225677528,0.0038003852013531888
"(0.36, 0.38)",0.003736494286585693,,-0.0030857318421192398,-0.002601323294796585,-0.0019067722563740712,-0.004399365083454672,0.0005391796865416206,0.0011093586777094658,0.0011525740780328143,0.0021725873611827093,0.004526360028972303,0.002048878776743,-0.0002849419556609048,-0.00029171347304293195,,0.0021668140959818557,0.00020153178534497573,0.001183767230573025,0.0001368133663118743,0.0027072899467524,0.005151716602681665,0.004114027765482354,0.002708807345033189,0.0007031906917598209,0.0027822820127194575,0.002458545018400414,0.001020695508094817,0.004083975638246635,0.0016578664216305007,-0.0005714289739961447,0.0034490685577019662,0.0025408299196896657,-0.00013555948528141932,0.0034825760500519407,0.0031773507168642193,0.0008202890669507057,0.005819037437355951,0.002696395091065538,0.0010671735582334521,0.0043503180623003885,0.004879508424109861,0.0022348850048327876,0.004802136948383215,0.0027517802632014803,0.00015316915329520835,0.002686394394043624
"(0.38, 0.4)",-0.0007083661431515973,,-0.002376800031820547,9.237266665046791e-06,-0.0016334179757537188,-0.0013528062519808104,-0.0010824471271472552,-0.0004327455523606846,0.00318537758405558,0.003335360071604545,0.004813102455496451,0.0028839315141493,0.001979807452635045,-0.00170790491127128,,0.0035626363304754253,0.002656002764803762,-7.991000713670984e-05,-0.0017072543729859857,0.003426349553315777,0.0024181558999139367,0.0019342125595855784,0.001954049086874854,0.0010081161062662524,0.0030473288617473408,0.002890560024069091,3.9630308173207e-05,0.0043187722461028024,0.0018097222133440388,0.0008640974396310765,0.004623180550226112,0.002819371101650958,0.00186846379392542,0.004003559644199215,0.003267073041159524,-0.0008335223324803921,0.0034614658286398086,0.003372299872621075,-0.0007292924932091027,0.004713473137201055,0.002013691302135311,0.0005900022519716735,0.003912176873697179,0.003127979103497236,0.00241978454998733,0.003973378502818366
"(0.4, 0.42)",0.00258249540095109,,8.185991764987925e-05,0.00013609878300587734,0.0015017764781200228,0.0005969787432088678,0.0014600781630662843,0.0010627712671592436,0.003144288857216338,0.003596620414561322,0.006059901370001659,0.004227812146319834,0.0031543093730290847,-6.529201931840896e-05,,0.0018129789286120913,0.004735486724332644,0.0007443860485773438,0.001506374875149353,0.0037067575838949105,0.0029237221262604298,0.00414064797680864,0.00408889605375469,0.0017215854524513304,0.0023872917972941983,0.003445743534647512,-0.001789166967201957,0.0016354538161507683,0.003139854482698657,-0.0006686517701441054,0.0025407968234516893,0.0037725877276163214,-0.00040260906650197754,0.003926245512541663,0.003806029113655768,8.16480741312946e-05,0.004369252984008294,0.0030237050282177222,0.001459127205840874,0.0034716985166460936,0.002480397640520102,-0.00031848596630147956,0.003251221391267297,0.002144958077051847,-0.0008362946233901687,0.005081179382692034
"(0.42, 0.44)",0.0007403574833194578,,0.00255352663491223,0.0013952494761562556,0.0015138567241806962,0.00042249274645241627,0.003079236165942737,0.001951079375883799,0.0027962599474624567,0.0020969432466840803,0.0019361875042184784,0.004763106165089873,0.004292598774223308,-0.0010090855765561594,,0.0012332022775210895,0.0016887830223550322,0.00152878322829304,0.0029385512239091414,0.0013445755209115593,0.002692362686718447,0.002074484529813797,0.002810652049122302,9.552287964080696e-05,0.002628328151894077,0.002401354768117217,0.0014831058117545479,0.0025960084545824345,0.0033690623401850667,0.0009959412975959463,0.003979523164036961,0.001238589343747707,-0.00012032992040228029,0.003604263338864462,0.0023112833467867247,0.0015012147260817395,0.0017221857998848595,0.004082109182165136,0.0011837848084523938,0.004059325591446809,0.004467155325855687,0.0013497619077101977,0.003944189002986549,0.001957474810067788,0.0016436191287155146,0.004304778623889871
"(0.44, 0.46)",-0.006217610027400673,,9.232559029827198e-07,-0.0005178021861992446,-0.0017126846884843723,0.0016858786924364628,-6.915436703317082e-05,0.0036338343151199946,0.0006255090824634775,0.004206439730858241,0.005935546616523591,0.0025143896445664715,0.00414593820607502,0.003675522099454762,,0.004966816660172052,0.0021430136229421996,0.002724319957154861,-0.0001391072734669212,0.004055094856992058,0.003354650873442535,0.0016734840631417976,0.0038520495003829883,0.0020154237841250406,0.0033297581951990756,0.003112980286064082,0.002935003622184663,0.0016494464196595952,0.0012103513351342807,0.001397549406062238,0.002632031100531281,0.003179563090070846,0.0002549602898123303,0.00291537245397174,0.0011160109748043522,0.0012781410950007057,0.0022619688792497217,0.0036000116144883506,7.545323947059155e-05,0.0004541655311617213,0.0013912772403345825,0.00333370505947508,0.0024587225111921034,0.001551567255857721,0.0044764210636259695,0.000978983687345661
"(0.46, 0.48)",-0.002533253886024511,,0.0018601821671132145,0.003428700165890798,0.0033569890640667206,0.0014086810120389095,0.001309281409562084,-1.0480888948509604e-05,0.0031473560307217546,0.0019934143534025284,0.0035227848712488866,0.0036344967969636553,0.0034290222248605584,0.004678735040098627,,0.003271476768855309,0.0016508541238734972,-0.0006184529324258388,0.001372411025664623,0.0003395941639271421,0.00285511848065646,0.0020691093432984864,0.002299543419389305,0.001174415255762451,0.0028942236138019416,0.004892092545661269,0.0010230568766573616,0.00295205123670264,0.00373289321760532,0.0001800320974878162,0.0010712269172262234,0.003862731957559412,0.0026315549855633405,-0.00021605769948089383,0.004662084622188139,0.001731588884669255,0.0008590002620442959,0.002648775521560202,0.0006225689017810662,0.0010136388965245528,0.004974651169553569,-0.0006735687237961743,-0.0017982504241662483,0.002585433505248869,0.0003491935912404557,0.0010505248430573463
"(0.48, 0.5)",0.005553235381715802,,-0.00027448220435920625,-0.001758055556964887,-0.0010975066737388048,0.00029016402586589827,0.0009506550270409346,0.0018726521252898326,0.0027168015956976826,0.003066712736594437,0.005093975009994813,0.0033386930264424726,0.0026652434788952406,0.00040599783116357856,,-0.0034442097226264944,0.0020078861909079066,0.002345154381803759,0.0008440806432539786,0.003220141218690239,0.002413077711143967,0.0025581800317910626,0.002830273422681438,0.0018350952258857208,0.001641700290213234,0.002278913113561674,0.0014744371303721273,0.0018201397302384371,0.0060362097826683805,0.002350448550264953,0.001731459034516217,0.0035423626414291154,0.0006997573463094148,-2.829131824188647e-07,0.001394776476430895,-0.00034817228472769097,-0.0008709299088642409,0.0028577705943409167,0.0010062433181486773,-0.0015740336647154854,0.002780121012047981,0.0011856255281329003,7.583613640689435e-05,0.003911163419494566,0.0008352350855409876,-0.0023110101115104446
"(0.5, 0.52)",0.001648525084707097,,-2.496337078229255e-05,0.0006797690703844947,-0.0007348235370682502,0.0005390703909166242,0.0034120920968574906,0.0021192787623160285,0.0016673772085030872,0.00357778744810251,0.0030389329716659116,0.004355797725846502,0.004279647892046413,0.004405294375836978,,-0.007730041854046703,0.0018464880862738406,0.0020810707444385936,0.0030500207016614725,0.002196653680310312,0.0023947526391130433,0.001286400031371634,0.0031949011243834796,0.002620055372361002,0.0017609874905110726,0.003652593983367897,0.002470657809415844,0.003083959482015991,0.0036344741484639937,0.0020554788061725084,0.0009004102324987193,0.001868260920465793,0.0013663879987357045,0.0008825215541794731,0.003489687986587239,0.0024371956587021576,0.0007015502954686262,0.0027771484087130106,0.0008999560792539797,0.00032527964106773756,0.003419225823267393,0.0005262479475413375,0.0008497041343790186,0.003257790555979281,-0.0011109461121133223,-0.00013689652353720546
"(0.52, 0.54)",0.0016589405896665866,,0.0020724725792213516,0.0023315953444930414,0.003500779710793147,0.002116918252294198,0.0028463419120681693,0.0039005172742983727,0.0028712243289149425,0.00129035530576864,0.006515053129876622,0.004487334604548076,0.0029553175365094994,0.00409995189900817,,0.00014054361264360842,0.0018265438797409926,0.002988858023376734,0.0023036973150908423,0.0011071293591888088,0.0017960019757496766,0.00028276850526182996,0.0022066636688126647,0.0029598405632706715,0.0034115515005958223,0.0036138973821157284,0.0040130977054747,0.0013869883690314408,0.0033567398800917474,0.0019899781862292862,0.002635806971857425,0.004877199213813498,0.0016101740329393834,0.0035077559541748086,0.004142851554758251,0.0002061353114964203,0.001328530530972823,0.0028476757817876507,0.0021459261338138023,0.002863672558657928,0.001647187542889011,0.0009789924345121347,-0.00023547414588524188,0.0042864570518439385,0.0017209788931942054,0.001047721705750545
"(0.54, 0.56)",0.0005961215652348599,,0.0030950100010233594,0.0025533452310455354,0.0018209632302788467,0.0024859238579495067,0.0010798387067143063,0.002922031990845074,0.005551439952466299,0.0038990792213973277,0.003010794149174929,0.002939397470863608,0.0019834279007031885,0.00040943779521835196,,0.0028428150225736776,0.004657098984583707,0.0032671043158838207,0.0019609815633830404,0.0037924641989617465,0.0007720977272959299,0.0005120893977415144,0.003609794598803406,0.0033443651437476117,0.0017429405300073335,0.0026690629473765555,0.000862602777354197,0.0018690003855441916,0.004318556335144082,0.0032484448408986646,0.0021112287296385715,0.00421081893732599,0.00265954561942205,0.0013135600074400645,0.0025353403849274433,0.0019374841677848322,0.0010914451666374954,0.002288990490974685,0.0010664935339438017,-0.0002733756510581141,0.0028189908505641664,0.0016088305338161875,0.0021279124230388457,0.0043228341484156715,0.0029814549099153207,0.0037915240317071153
"(0.56, 0.58)",-0.0010141357022415826,,-0.0017232306507128099,0.0010065251572139308,0.0020037584368755037,0.0003965635735609261,0.002309333143699351,0.00403961794212573,0.004550095304004249,0.003837704166655919,0.0040255030775061896,0.0026920150069899393,0.00211344585708388,0.0020035093191595917,,0.006372968665816712,0.004732756271254328,0.0031393752044417385,0.0023166551560741566,0.00283519780092526,0.0012541178982029162,5.376323535769566e-05,0.003916470731417168,0.0013734563839209624,0.001280030763361553,0.0043199398745947075,0.0024944054126304874,0.00177234037481403,0.004486740622613722,0.0027442178971268903,-0.0003605898960079946,0.004124409242308409,0.0024645699220195503,-0.0013006095066181755,0.004090309054286058,0.0024239469146148662,-0.00023401802549965402,0.004435688493593736,0.003636336414498397,0.0006626207259004661,0.0019263366423075891,0.004583490656216252,0.0009869175200183998,0.0035514847893154413,0.003967225428509113,-6.986465986690024e-05
"(0.58, 0.6)",-0.004173233295813667,,0.0036365383425203818,0.0027774637817527927,0.002356512551098961,0.0018808049931615836,0.0021798591168474845,0.0026707361312352466,0.002001927580012813,0.004951632466812017,0.0004619446529887753,0.0042775529866594586,0.001628075031719183,-0.0023165027925906453,,-0.00043498403763747367,0.002904935208601644,0.0035911369264409647,0.001578990370788735,0.004790193274586695,0.00118501941772495,0.0005512906238334749,0.002616178780713828,0.0031646119191297483,0.0002438290229569411,0.004272160717638435,0.0025277210128300267,-0.0020821787570487185,0.0027506065242780503,0.002312200615802613,-0.0005220890429171069,0.0030137359026384115,0.0041269668994147945,0.0005788400425031964,0.0039022393242008416,0.003789268437186687,0.0010358951941455764,0.002963234646109162,0.0018042416274775463,-0.0003491681221678643,0.005688461695871874,0.0034895049445252554,0.0005198124782790997,0.003381747622572443,0.0032187395147436648,0.0008755832263928787
"(0.6, 0.62)",-0.003653424110329177,,0.0007241799392912585,0.0011998862228777814,0.001838165842344616,-0.00024342149423367266,0.0011455742416334766,0.0011253271471907533,0.003654710011770843,0.002312752219276959,0.0043025268663843975,0.0034446649346137935,0.0021829581970683625,0.00023908978042702902,,0.0025832111158911528,0.0031921275519692077,0.001068716231392019,0.0014622195004940556,0.0013501963580743839,-0.00039220099830708814,-0.0014493453587546986,0.0021024489760226714,0.004028608807640747,-0.0005850619730140101,0.001882770287764019,0.003282411428440627,0.0017332511649592681,0.0030217051791985444,0.004035375453213169,0.0008081806527762794,0.0023307929450493135,0.0034361169417581614,-0.0017080960367035025,0.003838872118849145,0.003876740183059256,-0.001521795063714168,0.002518328458939082,0.004151243244434534,0.0006359478459338468,0.0033560257356454915,0.0023830042296537008,0.0005870672268470617,0.0023877666725211437,0.004982291605656759,0.00182479510658986
"(0.62, 0.64)",-0.006744720581493785,,0.0021630769219268624,0.0013681626934325816,0.0009448599123046253,0.0021647779652802634,0.003989504008702796,0.00573519566244991,0.0037589686355121226,0.003380747372265669,0.00401168719418838,0.0014436882434335234,0.003264796239615338,-3.2323969727646973e-06,,0.004885075590978889,0.004159588206749646,0.005184438569269365,0.0039058579454686517,0.0038526202656104062,0.0011479777021612659,-0.0008481620464902459,0.0027878799260397246,0.002983869945761777,0.0013290817841058026,0.001917692551325092,0.003671464638766913,-0.0012599027784658834,0.002619520838103426,0.003655490775923126,-0.0005955275684658064,0.002891292118618677,0.004118366305417775,3.722594726461514e-05,0.0027157014318707415,0.0055194609555492356,-0.00020226902333705246,0.0039919333488757655,0.006671106127896977,0.0019489210381739071,0.002896309868410651,0.006248999845648326,0.001161665785807817,0.0036019214008922917,0.0029985439655909095,0.0007163752384639254
"(0.64, 0.66)",0.000990686421715384,,0.005382193091476939,0.00608713613106774,0.00558557544670667,0.006582908000345213,0.0022063131539022994,0.006435721959173274,0.003678425246027768,0.0024272301038698934,0.004710101229515152,0.0031595862984402524,0.004410824458651573,0.0033250776343766845,,0.002599869491696833,0.0020946552763059768,0.00529275061090017,0.0031107597003508175,0.002217031735576389,-0.0017438187483824477,-0.0011920426625549399,0.00363623477772391,0.004176424808872708,-0.00010470079744910731,0.003076016793665837,0.003701570844575141,0.000912201151108344,0.0025063085166216435,0.0032046853045604303,-1.9371971074318465e-05,0.0010956518584815185,0.004019088600363049,0.000735843477987771,0.003047663390839285,0.005187782939338881,0.0013283804555537042,0.004062298519379147,0.005806137149352957,0.0016078135076430453,0.0037661143824832223,0.0056869600862448156,0.0016753360099625593,0.002961191749277339,0.0064042200668596155,-0.0006518900437452963
"(0.66, 0.68)",0.0019069071458072582,,0.0006477393539855133,0.001080711974217536,0.0008908882037152974,0.0012985484037450036,0.00489025189737769,0.000640425275094862,0.0014223494687358067,0.0017109672961876257,0.002716250979233952,0.0015198714725627423,0.003555761409006233,0.0027510643311769523,,0.0024402673424829416,0.0015784857697292592,-1.829737016041945e-06,0.0042441147990354205,0.0018514064935895999,0.00014368104303599574,-0.0005431928106066442,0.002050150247630226,0.004927473305932462,-0.0006778628648806663,0.004959025905699601,0.004310154707354169,-0.000926190093690075,0.0017822897351133515,0.005550255480969995,0.0007398760444802688,0.0015799631490012805,0.004065601610727075,0.00027822876325782445,0.00365224309321802,0.0031130621410755126,0.002734655336249214,0.0028712600762122297,0.0028641035616846903,0.0021175987501452147,0.004490865315687103,0.003317635086068443,0.001093779791342183,0.003611790928998562,0.0021183952767937814,0.0011726971043431631
"(0.68, 0.7000000000000001)",0.00141140737990221,,0.0038228652651038893,0.0017546898003125639,0.001024422537517041,0.0029736174340615888,0.002388582346443058,0.005526589315248766,0.0025796754454404237,0.0049663974487514214,0.005215819865088723,0.0037733333924609464,0.002185306982308399,0.0005534808772060683,,0.006202338614635149,0.0027207539673229225,0.004428410118826149,0.002967236736202938,0.005034345095221005,-0.0024660620562407037,-0.002729064162815332,0.00250158450820782,0.0039724776611191675,-0.0017585726983366768,0.0026210072287354675,0.006322766753243318,-0.0003067676203934145,0.0036373416991647305,0.0053116543602692665,-0.001863130485588814,0.00390983983358241,0.006282425173717608,0.00030229109439084296,0.005516481097491916,0.005577122617776188,0.0006911890526096091,0.0034639776822344404,0.0035611884074468253,0.00020291349597993967,0.001105641679343206,0.004089296051934385,0.0006435787730724229,0.004570930918446623,0.004923960481230792,-0.0009540763836231601
"(0.7000000000000001, 0.72)",-0.00267450816756044,,0.003268716503771628,0.002945683866371484,0.004648800192744878,0.0028822490455964367,0.005530475958044697,0.006509769701633632,0.0030546573623714633,0.0038535158112649663,0.0023119819454801038,0.007182550994197846,0.000590799202815246,0.0009120293739565426,,0.0016050347413217978,0.0016278757144858166,0.006682103569712441,0.004574545221753028,0.0033401392714738696,-0.0002583534016548093,-0.0026365892500412763,0.0016753623999308848,0.00419109509670091,-0.0004912481661217222,0.003312620448307343,0.006395269217249198,-0.00013846896136077738,0.0024166684490181454,0.0052908669119755706,-0.0003296512011197312,0.002839475510150406,0.0055851022481314735,0.0004632836646785282,0.001013195816063645,0.004336852874014557,-0.00038070028159099297,0.002034459412507687,0.005484342819085868,0.0003507699389986771,0.0024791691584897424,0.005214769859350423,-0.0015304933045124684,0.002817378930474106,0.005715166218963918,-0.00018783806744098548
"(0.72, 0.74)",-0.00047074485431109804,,0.005301112714828626,0.005571790921115482,0.00493443817959052,0.006329333614111602,0.0046582191565207876,0.003814204229552668,0.0026855071294456336,0.0024803845857714183,0.0036293296602275464,0.0044076037874089,0.00305932398004358,-0.0008195162191392462,,0.001665323691101356,0.002771187011491842,0.003315681710894858,0.004343299786838575,0.0018432538876908607,-0.003702459574013418,-0.005273391348666816,0.003600911091538672,0.004100183910239849,-0.0016450928262409785,0.00041118342433805284,0.002817149964238972,-0.001281723558654628,0.002817066271617966,0.004314721211244031,0.00023232242269993167,0.0027662050059987513,0.00322643196781966,-0.0008214694887652731,0.0024210640551867568,0.003770353413314034,-0.0005437574252740325,0.0016909144315742977,0.0033668645317546744,-0.002850358906080505,0.004515133116833579,0.0042530343369374295,-0.002833468598363492,0.0005138489529672339,0.004143833244008397,-0.004521179476298831
"(0.74, 0.76)",-0.0014942536109457118,,0.0024576303393220203,0.002477019895140787,0.0030573822451538542,0.0023979445373771414,0.004467244995063864,0.005448164092661973,0.002771276771292758,0.0029287083162783754,0.0026112368958751343,0.004106988556278089,0.0046462194033511615,0.0009362178407935988,,0.003158263438436892,0.00263171059668036,0.005227998172080789,0.004347852860904465,0.0035091504561824897,-0.0008522781777487025,-0.003766174721024017,0.0007742781215923672,0.0034967937741930805,-0.0008807041248597151,0.0026869683202417178,0.0047880258233198025,-0.0017402822651532697,0.00195950723027575,0.004733401644998652,0.0011213501422481119,0.0031866340434189826,0.004031225699099966,-8.704463488279675e-05,0.0029825401656969606,0.005071848652881678,-0.0012297766962020603,0.003187491566516459,0.005737364577639265,-0.002491749463964665,0.0026732707624300385,0.0050389092753637295,-0.0027767170187283532,0.0024835732274977192,0.006168002591539882,-0.0018865205718756415
"(0.76, 0.78)",-0.0008257668963858113,,0.003700188128851935,0.0030021257915105242,0.0024741904985905237,0.0029849732063690205,0.005449032988339655,0.004518147627423109,0.0014252005023624073,0.0029740289130087685,0.002355837697685747,0.004059718188209646,0.0029159482435017346,0.002365491238146439,,0.003801954823422221,0.0007895554243246113,0.005005572264958251,0.00491274359000793,0.002203154219544874,-0.002388993458413897,-0.0023966174138912756,0.0019183451837058417,0.005358791526998921,-0.000760783803386344,0.0038757973417291236,0.004344700815077982,-0.0004063151133149528,0.0027378134366357236,0.00572665630862321,-0.0022968936620786926,0.003633072274170417,0.005690130606754797,-0.00269444466814049,0.0019925995891341844,0.003765204927879835,-0.004480247338324173,0.004674635341174624,0.00466203431126997,-0.003475027181409895,0.0029430177409169216,0.004602052591736942,-0.003102308080241235,0.0031526710856789775,0.004416919078187429,-0.004564975740217186
"(0.78, 0.8)",-0.0028906782614076896,,-0.002703574659122299,-0.0017374805306358927,-0.0021032889949330253,-0.0036167226276334497,0.0044746617749095285,0.006593087092350451,0.0021498319894976536,0.003178693372313303,0.0003626393261356686,0.005298119622629645,0.0008533877513899868,0.0008709328574127724,,0.002374808214687288,0.0032636435372834687,0.0059627041842372904,0.004555340086847977,0.003052234093425413,-0.000564446202116336,-0.0024376414073729665,0.0034557216973956487,0.0057908301112611854,-0.0032656241325579693,0.00242995641201003,0.004888088030562709,-0.0011582662775296098,0.0014474924489507415,0.005028823513447387,-0.004335324381548697,0.0025276460576957815,0.006517041937819785,-0.0054904977156868765,0.00034359937520359697,0.0057789973286650085,-0.006673713965483074,0.00235363257321857,0.004850064301720962,-0.005585427419566497,0.0028400953884060516,0.004278289611559677,-0.003595588584693202,0.003817614927244963,0.00465810417119374,-0.0023950341739827946
"(0.8, 0.8200000000000001)",-0.0004437747016417155,,0.00437144550212969,0.004944417787722603,0.0050345953450472904,0.005511104953005193,0.006567232172275577,0.007504355967775847,0.003814082501185753,0.003480050505783402,0.003461547266966228,0.0022480286064901225,0.003451960128838508,-0.0003237795158063569,,0.00195954526972408,0.002596329619743552,0.007979647105964181,0.005966143874511866,0.0029248698547211863,-0.0007466279690907958,-0.003966314822923122,0.0031181549418331073,0.007567537084557327,-0.0029165945966386476,-1.688037318407085e-05,0.0073801147830738515,-0.0050030840516585,0.000934826026635161,0.005562401609324718,-0.003621294999226358,0.001124255579718279,0.006609557105015862,-0.0031390042252599564,0.004483483866510173,0.006716845715924419,-0.001351922091922734,0.0028354310635177707,0.0077158553214032735,-0.0026362246747979974,0.0012139546453961143,0.007236388003490526,-0.004994938971717401,0.0016388185384890262,0.0056453343838084626,-0.0054218763010633305
"(0.8200000000000001, 0.84)",0.0010509671094850069,,0.0050267407568750635,0.004836980184078145,0.0053068072046831725,0.004520204912729344,0.0055742841498081985,0.004057390968578599,0.0009075621815913641,0.00218046492896837,0.0003527978901933279,0.0044180598690190045,0.00414083702458672,0.0026760978816810117,,0.0035322627718509083,0.001554063166723971,0.004800266544612202,0.005439674730006954,0.0020440886223374016,-0.003957537662358464,-0.0025545260174699293,0.003276254439498163,0.00592092184516601,-0.0031647949712935077,0.0029053869395069855,0.007115056590951474,-0.004699916899522246,0.0006390935383524499,0.0063969422408821875,-0.0032371178556297015,0.0017297504644968643,0.005131132127149991,-0.004811570327248112,0.0012626158519990045,0.006074969589605432,-0.004418934755146855,0.0018051926229468583,0.00524225428063426,-0.00383907436185769,0.002754332938537639,0.006366133652338386,-0.005007127000862377,0.002198832849593232,0.00702088766080732,-0.0034427086281150505
"(0.84, 0.86)",-0.003746815226839482,,0.004394081015462634,0.004976035981896045,0.004698522491092774,0.004662198983176243,0.006791550130889976,0.007954397310845702,0.002686031876712104,0.0028952795376762028,0.0013207194716437823,0.0032716846064882693,0.000921325696267686,0.0001392891421421624,,0.000512690998588243,0.0028530655185212083,0.007649878258614588,0.006106611249514622,0.003267209899719847,-0.004174015602080066,-0.006018066233794991,-0.00022064338353611915,0.008023313932937386,-0.0028836251817812024,0.002349996187705722,0.008151910444037687,-0.0007983507384427798,0.001979678051640559,0.007629946535670172,-0.0013669907288902964,0.0016384029511476773,0.009623788553764957,-0.0007425190264136016,0.0029693607057286707,0.008866715723520508,-0.001919719963680788,0.004122169729825919,0.007482253639002227,-0.003537707549435405,0.002564368062307318,0.006946589376899081,-0.0018742830056510387,0.00275611727796835,0.007376148351900583,-0.0030270013096794332
"(0.86, 0.88)",0.0023993417643226305,,0.004270850689724097,0.00360205953366084,0.0039972785013126216,0.0034013077690244467,0.0037984484611929344,0.008440342888617294,0.0014122444630228976,0.0004116451261308443,-0.0009555190649594995,0.003561535598266497,-0.003738006166780585,0.0005701388960639828,,0.0004322160487253242,0.001699004255832261,0.00821804843030837,0.0032259673620955278,-7.497290184022763e-05,-0.005707716951312213,-0.005985027704552398,0.0015994065863292458,0.007644152719514474,-0.0029410884739677523,0.0017912054471082319,0.007772410136029277,-0.0033523927547319025,0.00041988093168475124,0.008134557513616608,-0.004585766575837947,0.002762814051575307,0.005757737346827198,-0.0033342852051095754,0.0017557189857655233,0.005891494163670282,-0.0035127423132063724,-0.0011046884757516195,0.008094706241204085,-0.0036428529225103596,-0.00011446436470533724,0.0072739346322534,-0.004377437671460638,0.001980598906594588,0.007389951224031161,-0.0029845801487204436
"(0.88, 0.9)",0.0005205609170390635,,0.007888342376131582,0.008054791812704461,0.008110853257285158,0.007336806076618642,0.004990105837002116,0.008801319293329165,0.0022192601156406345,0.0019454463962876225,-0.0016418091466738763,0.003076850201301178,-0.01165391242650078,5.1838767715568635e-05,,-0.0015066742285311484,0.002722096910052075,0.008671629227746738,0.004755817216448582,0.0015933507870011738,-0.0054380900509975565,-0.0061981034108455355,0.002670454241294521,0.009486646853838062,-0.006500252820789513,0.0015535231455754512,0.008427446381779986,-0.007590580144532759,0.0024021456918981053,0.008681980422000735,-0.005873069632388655,-0.00041442892649019055,0.008916712870412765,-0.005506795492572112,0.0023770922013851303,0.008157544291161436,-0.005530784120664371,0.0026888864460066345,0.00803297408765815,-0.0041745279690882,0.0010821757643531315,0.009865109003976741,-0.002807927670791015,0.002020755170860081,0.00973911900033071,-0.002125869873303532
"(0.9, 0.92)",0.004375113634436227,,0.004902684826322745,0.004856329869011095,0.004381054050706004,0.006803465562773742,0.005060610371735232,0.007320664987659966,0.0028982918170670784,-0.001943016536418141,-0.0025839148165637572,0.0034433512733919465,,0.002372307542080541,,-0.0010861474297858662,0.002387830291610966,0.004818183960407074,0.004597004453098873,-0.0012039669214738416,-0.006421793513489652,-0.006278178182939617,-0.0006504031985060225,0.006037209958349027,-0.007989477007076858,-0.00026272626551347586,0.007472163091050791,-0.008234503812096736,9.843958122153763e-05,0.007628582318974364,-0.008278866060320451,0.000551194027746472,0.007465921807760925,-0.0067847802006969875,-6.682912923439878e-05,0.007514848336580848,-0.005247659282054063,0.000605503643767264,0.0063269523056822255,-0.0032682404894062906,0.0016049876259137048,0.005120937130813142,-0.002217087062224832,5.716407868681242e-05,0.004933468669401334,-0.0029201118750768525
"(0.92, 0.9400000000000001)",-0.001591552367824268,,0.0014508509483807143,0.0005246728252577145,0.0022578351144654316,0.00020506736053769922,0.00466688584469908,0.009868108481568905,0.0014200984718436035,-0.0003750570822618893,-0.0011473274001627632,0.005235457360961619,,0.0026554493547473954,,-0.0012526832145938716,0.00144503765041871,0.00907871217136789,0.004007452585110626,-0.001731571944787433,-0.010534033472652467,-0.0036699951027705075,-2.5169567564264547e-05,0.007926039808851155,-0.008329330808260581,8.805821306158315e-05,0.005636762372615042,-0.00756540178847375,0.001546043654955395,0.0056173862360324595,-0.005331120412615393,0.0013068395599775463,0.007216803834186717,-0.006016032974179386,0.0018309996030193784,0.007757416280751885,-0.005570154536966838,0.001235643559429898,0.00876277083256578,-0.0065220520920811235,0.00028394524292045254,0.007718547894355735,-0.006913598131158355,0.0013877563326607052,0.008363511264773206,-0.007697221245811093
"(0.9400000000000001, 0.96)",-0.00026174934596288375,,0.0017992941679540807,0.003110081587989046,0.0018630748211542992,0.0021058590884030543,0.004555106178053454,0.009181935328928553,0.0016174538063852381,0.0007227805027391587,-0.004578791219123179,0.0058916532544757375,,0.0009895735788538532,,-0.005264564176022753,0.001163542083084183,0.0079912037482344,0.003288880175867863,-0.0002341891447764125,-0.008607931426762139,-0.007081694461228096,0.0005289444686288918,0.008816916070484028,-0.008763442732538136,0.00016393486239336315,0.008551458727378105,-0.007345640925849116,0.002187934868826473,0.008731101240814039,-0.007337588272235273,-0.001589505114710838,0.007252784486841067,-0.007208323746040037,-0.0008295695468656432,0.007249083532980278,-0.006507653991683452,-0.0009582454220368714,0.00736232025103427,-0.007742090433626579,0.0012675900792584315,0.009403755811957869,-0.007460425668531524,0.0012889311763009436,0.009195511699924445,-0.007533161620833133
"(0.96, 0.98)",0.011019113916416875,,0.005402163277525766,0.004964231596619556,0.00584195300881779,0.003764049606759391,0.006072917331053322,0.009299282650440303,0.0012653793275499527,-0.004179860052004986,-0.008018874926368715,0.004083345407260759,,0.002835767214019303,,-0.009353585997022568,0.0014314043830012816,0.008616839622469638,0.006002856943302073,-0.0018682585614364221,-0.011657201369516836,-0.006895447875870188,-0.0037577449760133625,0.007681573323197991,-0.010776348090917603,-0.005011790554301767,0.009921003707272088,-0.010435448285039395,-0.0017136544319608122,0.00910545739217929,-0.01002899091754628,-0.00031671070838425934,0.009449774104938654,-0.009782181068084806,-0.0011958499602378605,0.009488269955953742,-0.00992185921114897,0.0010668699199975515,0.009849938420144366,-0.008068434004589141,0.0010661273375232524,0.009087627487252779,-0.008048318001854607,-0.0015951467398112847,0.010042340726206826,-0.0076828351157470585
"(0.98, 1.0)",0.002238780722898074,0.0010392184918931228,0.005260536140899641,0.0053196101091487445,0.0050666020939459855,0.005327621687960736,0.015177135337468258,0.019718544557119452,0.016850731685879406,-0.020073609265257107,-0.005602389841699119,0.004629170079551024,,-0.0013285304145857226,0.0010392184918931228,-0.019672363803282657,0.01279036483290654,0.019837073631229458,0.014998247340705427,-0.012310180554083224,-0.01262335150344743,0.00807566686392279,-0.009424134708223402,0.018647355095563412,-0.010711378791345443,-0.005115779232745022,0.016965221575375534,-0.009512089961911021,-0.00288610353560944,0.01687051668988313,-0.009753313182929125,-0.001063272105749832,0.0160591755676538,-0.009225111675376225,-0.0011323083407774807,0.015192516045365805,-0.008701740741717787,-0.0020650486691265366,0.014291664615056507,-0.00866994575977779,-0.002392086982779584,0.014018760487935386,-0.009231864323274011,-0.0005093503635325492,0.012623795913608828,-0.00917574424425712
