日期,收益率,资金余额
2018-03-12 00:00:00,0.002494762902304215,10024.947629023041
2018-03-13 00:00:00,-0.1046712638437719,8975.623690725575
2018-03-14 00:00:00,-0.0035220979822198073,8944.010664635307
2018-03-15 00:00:00,0.03630363036303641,9268.710721767282
2018-03-16 00:00:00,-0.03036778302855969,8987.240525614168
2018-03-17 00:00:00,-0.010806916426512991,8890.116168348884
2018-03-18 00:00:00,0.06513217085814671,9469.148733574557
2018-03-19 00:00:00,0.0659460003016743,10093.601218815464
2018-03-20 00:00:00,-0.02750865541541292,9815.939820986478
2018-03-21 00:00:00,-0.01791690513837818,9640.068558369834
2018-03-22 00:00:00,0.01458909521928109,9780.70843648829
2018-03-23 00:00:00,-0.052162738397733666,9270.519900971245
2018-03-24 00:00:00,-0.0016331309894307422,9255.379927632834
2018-03-25 00:00:00,-0.06438271604938284,8659.49342982289
2018-03-26 00:00:00,-0.03809021134349366,8329.651494953343
2018-03-27 00:00:00,-0.015546766044033933,8200.152351932966
2018-03-28 00:00:00,-0.1764555609744768,6753.189868596459
2018-03-29 00:00:00,-0.01792109641578077,6632.165301847268
2018-03-30 00:00:00,-0.019396706436375588,6503.52313844982
2018-03-31 00:00:00,-0.05885797950219629,6120.738906874882
2018-04-01 00:00:00,0.03044492843808344,6307.08436488288
2018-04-02 00:00:00,0.06790766490028233,6735.383736431157
2018-04-03 00:00:00,-0.08503569661412314,6162.635688440298
2018-04-04 00:00:00,-0.012067367119901196,6088.268901161683
2018-04-05 00:00:00,-0.05050125901249625,5780.803656446391
2018-04-06 00:00:00,0.05002470762642064,6069.986669205865
2018-04-07 00:00:00,0.024958037240968123,6221.481622548085
2018-04-08 00:00:00,-0.02249839297193068,6081.508284136354
2018-04-09 00:00:00,0.0180841736080668,6191.487335745572
2018-04-10 00:00:00,0.027820924903495747,6363.740239954294
2018-04-11 00:00:00,0.10183744314101029,7011.807274804799
2018-04-12 00:00:00,0.005608517341589847,7051.1331175014275
2018-04-13 00:00:00,-0.004442883958353017,7019.805751285468
2018-04-14 00:00:00,0.05924961341254975,7435.7265282803255
2018-04-15 00:00:00,-0.016404149058778295,7313.749761950103
2018-04-16 00:00:00,-0.01334479032405056,7216.149304894304
2018-04-17 00:00:00,0.18362715084978354,8541.230241858691
2018-04-18 00:00:00,0.07837235228539563,9210.626547324317
2018-04-19 00:00:00,0.16456114959164703,10726.337840411348
2018-04-20 00:00:00,0.024962715716213335,10994.096362597598
2018-04-21 00:00:00,0.03339684739303661,11361.26452104361
2018-05-29 00:00:00,-0.0047274862325883404,11307.554299435582
2018-06-13 00:00:00,0.06324918324918327,12022.747873420672
2018-06-14 00:00:00,-0.05845875372909204,11319.913016341408
2018-06-16 00:00:00,-0.003180474244048437,11283.910324548066
2018-06-17 00:00:00,0.04533046571263144,11795.415234619399
2018-06-18 00:00:00,0.025028544297358124,12090.637307324803
2018-06-23 00:00:00,-0.021838476690742015,11826.596206312575
2018-06-24 00:00:00,0.011290560768993263,11960.125109470293
2018-06-25 00:00:00,-0.07898789294817332,11015.420027676693
2018-06-26 00:00:00,0.027861858225950664,11322.330098787119
2018-06-27 00:00:00,-0.0777018973229936,10442.563567994122
2018-06-28 00:00:00,0.08867264710354261,11368.533322115176
2018-06-29 00:00:00,0.04526409876819071,11883.119737256864
2018-06-30 00:00:00,-0.012800128268508626,11731.014280389929
2018-07-01 00:00:00,0.05634431887392566,12391.990289718795
2018-07-02 00:00:00,-0.031813755637556396,11997.754538778709
2018-07-03 00:00:00,0.009739958975716334,12114.612175787128
2018-07-04 00:00:00,-0.02491448342747804,11812.782871503156
2018-07-05 00:00:00,-0.013561827956989236,11652.57994250656
2018-07-06 00:00:00,0.052090855827008786,12259.572804304364
2018-07-07 00:00:00,-0.030214727899085747,11889.153147863275
2018-07-08 00:00:00,-0.02540030181220876,11587.165069615976
2018-07-09 00:00:00,-0.06160676358952566,10873.317330499334
2018-07-10 00:00:00,0.030547727173166894,11205.472461778696
2018-07-11 00:00:00,-0.028919589089621,10881.414802628993
2018-07-12 00:00:00,0.01303002889076943,11023.199951879695
2018-07-13 00:00:00,0.01087473173261122,11143.07429419132
2018-07-14 00:00:00,0.02996494827733609,11476.975939067275
2018-07-15 00:00:00,0.11029950888842777,12742.880748670697
2018-07-16 00:00:00,0.06420543746417806,13561.042981692952
2018-07-21 00:00:00,-0.002912263299123863,13521.549653919526
2018-07-24 00:00:00,-0.0398057580511213,12983.314119919383
2018-08-01 00:00:00,-0.04935088610232152,12342.576063556578
2018-08-02 00:00:00,-0.0070952100483515634,12255.002893847888
2018-08-03 00:00:00,-0.03955082840155055,11770.307377332805
2018-08-04 00:00:00,0.017695556002413015,11978.589510694013
2018-08-05 00:00:00,-0.023710729104919892,11694.568419746913
2018-08-06 00:00:00,-0.0487321826119641,11124.666575947698
2018-08-07 00:00:00,-0.10672765679376328,9937.356979684902
2018-08-08 00:00:00,0.03487580809799251,10283.93033470964
2018-08-09 00:00:00,-0.06398158803222087,9625.948140682189
2018-08-10 00:00:00,-0.011292985352488683,9517.24244932565
2018-08-11 00:00:00,0.013145039523936308,9642.34697748092
2018-08-12 00:00:00,-0.0690102568598231,8976.926135833422
2018-08-13 00:00:00,-0.04013258253451102,8616.658906780878
2018-08-14 00:00:00,0.00421833307173114,8653.006844015179
2018-08-15 00:00:00,0.00906551003262801,8731.450764371997
2018-08-16 00:00:00,0.16887718550932296,10205.993594872367
2018-08-17 00:00:00,-0.08138282893538085,9375.400964025277
2018-08-18 00:00:00,0.027679601846509083,9634.908329860875
2018-08-19 00:00:00,-0.0998578722956256,8672.786884277568
2018-08-20 00:00:00,0.04676413255360634,9078.362239743103
2018-08-21 00:00:00,-0.0335015549637796,8774.222988187248
2018-08-22 00:00:00,0.021233140655105842,8960.527299034691
2018-08-23 00:00:00,0.004697935926946117,9002.623282157208
2018-08-24 00:00:00,0.004619631556215031,9044.212084760178
2018-08-25 00:00:00,-0.021403069330990565,8850.638186465874
2018-08-26 00:00:00,0.04834581295843532,9278.52948479154
2018-08-27 00:00:00,0.029480895723630107,9552.068845001306
2018-08-28 00:00:00,-0.020265128050831027,9358.494946707
2018-08-29 00:00:00,-0.028072837632776904,9095.77543758093
2018-08-30 00:00:00,0.007434667856213606,9163.399506854052
2018-08-31 00:00:00,0.13875871739050227,10434.90106936188
2018-09-01 00:00:00,0.055846280964956474,11017.651486322988
2018-09-02 00:00:00,-0.036044192112935414,10620.529139516593
2018-09-03 00:00:00,-0.003565686633450582,10582.659660723646
2018-09-04 00:00:00,-0.1595284119047239,8894.424771320218
2018-09-05 00:00:00,-0.011879644941171996,8788.76216308097
2018-09-06 00:00:00,-0.04414650098103334,8400.769065626448
2018-09-07 00:00:00,-0.04556157050572551,8018.016833540591
2018-09-08 00:00:00,0.01075336833449314,8104.237521863819
2018-09-09 00:00:00,-0.027682166176439815,7879.894672050246
2018-09-10 00:00:00,-0.05674747908174216,7432.730513981744
2018-09-11 00:00:00,-0.015808029114067867,7315.2336936197
2018-09-12 00:00:00,0.07226715969493891,7843.884855162312
2018-09-13 00:00:00,-0.03743776537276122,7550.22733434379
2018-09-14 00:00:00,0.0027765338110163906,7571.190795818456
2018-09-15 00:00:00,0.005001786352268667,7609.060274611403
2018-09-16 00:00:00,-0.0728537148951297,7054.711966745006
2018-09-17 00:00:00,0.03800714131659033,7322.841401412925
2018-09-18 00:00:00,-0.008934549232367583,7257.415114391181
2018-09-19 00:00:00,0.06177786060380175,7705.7626936719635
2018-09-20 00:00:00,0.10168933742869668,8489.356596374235
2018-09-21 00:00:00,-0.03457134322413613,8195.868135728897
2018-09-22 00:00:00,0.010746921347387417,8283.948485957135
2018-09-23 00:00:00,-0.05636734693877554,7817.004287626245
2018-09-24 00:00:00,-0.033457329469267605,7555.468199712456
2018-09-25 00:00:00,0.15276006354747018,8709.642002031422
2018-09-26 00:00:00,0.09984859660701129,9579.28753288374
2018-09-27 00:00:00,-0.04819808690127436,9117.584199921515
2018-09-29 00:00:00,-0.012162513462323998,9006.691459346097
2018-09-30 00:00:00,0.00375946916295411,9040.55183814775
2018-10-01 00:00:00,-0.0033146688140226477,9010.585402908288
2018-10-02 00:00:00,-0.028672353538010453,8752.230712651664
2018-10-03 00:00:00,-0.004410399257196107,8713.629880817776
2018-10-04 00:00:00,0.013503536177819297,8831.294697153526
2018-10-05 00:00:00,-0.021451987040622678,8641.84587775827
2018-10-06 00:00:00,0.020492124441658044,8818.935658890921
2018-10-07 00:00:00,0.020925321558840526,9003.47472335994
2018-10-08 00:00:00,-0.021493042497179315,8809.962658508484
2018-10-12 00:00:00,0.0188090588737011,8975.669764827479
2018-10-13 00:00:00,-0.02053270472120028,8791.374987871272
2018-10-14 00:00:00,0.0574012011066376,9296.010471553935
2018-10-15 00:00:00,-0.00034034587649700576,9292.846612722069
2018-10-16 00:00:00,-0.016746462389615968,9137.224306429649
2018-10-17 00:00:00,-0.034669321329639846,8820.442940889045
2018-10-18 00:00:00,0.002017665784871836,8838.23964681829
2018-10-19 00:00:00,0.01926346876678009,9008.494800208093
2018-10-20 00:00:00,8.780209407999173e-05,9009.28576491606
2018-10-21 00:00:00,0.0017119905182063633,9024.709576721407
2018-10-22 00:00:00,-0.01612655842590771,8879.172070455561
2018-10-23 00:00:00,-0.0029173997283031827,8853.267976269657
2018-10-24 00:00:00,-0.006075225587420796,8799.482376127931
2018-10-25 00:00:00,-0.002314606741573022,8779.115034897792
2018-10-26 00:00:00,-0.008671757100705002,8702.98468175601
2018-10-27 00:00:00,0.005612105789330135,8751.826752472945
2018-10-28 00:00:00,-0.05427144761517444,8276.852445339027
2018-10-29 00:00:00,0.0116587428626036,8373.350139710947
2018-10-30 00:00:00,0.00925729129767383,8450.864681091669
2018-10-31 00:00:00,0.00032758499660712204,8453.633057569552
2018-11-01 00:00:00,0.08975228649622236,9212.36595368647
2018-11-02 00:00:00,0.03127414784923155,9500.474848563288
2019-08-23 00:00:00,-0.010097822656989552,9404.540738385307
2019-08-24 00:00:00,-0.019126554032515064,9224.664281801592
2019-08-25 00:00:00,0.01624959376015611,9374.561328954689
2019-08-26 00:00:00,-0.020147105852254543,9185.691049541787
2019-08-27 00:00:00,-0.10949738903394257,8179.881863144506
2019-08-28 00:00:00,-0.033718160161260946,7904.0712963828055
2019-08-29 00:00:00,0.007965105253176619,7967.028056187107
2019-08-30 00:00:00,-0.012254923460412126,7869.392737151577
2019-08-31 00:00:00,0.010053939423183555,7948.51113502814
2019-09-01 00:00:00,0.03134291796315347,8197.64066746254
2019-09-02 00:00:00,6.352546010535143e-05,8198.161426357718
2019-09-03 00:00:00,-0.014317074212265246,8080.787740812424
2019-09-04 00:00:00,-0.03503797671028619,7797.653288149072
2019-09-05 00:00:00,-0.04383084049779029,7455.87559061914
2019-09-06 00:00:00,0.05953114338557608,7899.7323894693045
2019-09-07 00:00:00,0.03660063284490089,8188.867594229242
2019-09-08 00:00:00,0.01010681829516935,8271.630991047317
2019-09-09 00:00:00,-0.026283679169105234,8054.2220958734015
2019-09-10 00:00:00,0.0018662588710396388,8069.253359309148
2019-09-11 00:00:00,0.0008244489618378648,8075.906046864037
2019-09-12 00:00:00,0.012474738722713319,8176.650864747847
2019-09-13 00:00:00,0.005790211151291524,8223.995399765126
2019-09-14 00:00:00,-0.009881415355733947,8142.730685336402
2019-09-15 00:00:00,-0.0166238090016958,8007.367485671121
2019-09-16 00:00:00,0.02049349834383385,8171.466457977192
2019-09-17 00:00:00,0.06810751583632935,8728.004739169906
2019-09-18 00:00:00,-0.020118213391585815,8552.412877344514
2019-09-19 00:00:00,-0.017942909403066976,8398.957707908698
2019-09-20 00:00:00,-0.018325463124586494,8245.042918147456
2019-09-21 00:00:00,-0.039995093365140955,7915.281656836554
2019-09-22 00:00:00,-0.04491517883388352,7559.765365699182
2019-09-23 00:00:00,-0.15756977909756698,6368.574806996525
2019-09-24 00:00:00,0.011646431145418523,6442.745974980657
2019-09-25 00:00:00,-0.02458563910778888,6284.346947576623
2019-09-26 00:00:00,0.006178191237429687,6323.172844821109
2019-09-27 00:00:00,0.016265336454802437,6426.021378603994
2019-09-28 00:00:00,-0.033470016092396526,6210.942339652034
2019-09-29 00:00:00,0.015423897510882911,6306.73927774483
2019-09-30 00:00:00,-0.01249998387790996,6227.905138450838
2019-10-01 00:00:00,0.03449344956237521,6442.72707022325
2019-10-02 00:00:00,-0.018165315358694034,6325.69290122265
2019-10-03 00:00:00,-0.002871215953848427,6307.530470845514
2019-10-04 00:00:00,0.012104637238794513,6383.880839067742
2019-10-05 00:00:00,-0.034293405349719586,6164.9558257492845
2019-10-06 00:00:00,0.05973630275603714,6533.227493433838
2019-10-07 00:00:00,0.018294079638857763,6652.746877497492
2019-10-08 00:00:00,0.03330522625302468,6874.31811745665
2019-10-09 00:00:00,-0.032947551911871265,6647.82616442303
2019-10-10 00:00:00,-0.026819497074752285,6469.5348100528245
2019-10-11 00:00:00,0.005912998936780323,6507.78916250613
2019-10-12 00:00:00,-0.0023559386504039548,6492.457210489502
2019-10-13 00:00:00,0.016308457357260497,6598.339172050609
2019-10-14 00:00:00,0.011961856939219473,6677.2675612631265
2019-10-15 00:00:00,-0.0376392237770089,6425.940393305781
2019-10-16 00:00:00,0.02105698803581002,6561.251343286449
2019-10-17 00:00:00,-0.03655575708938574,6321.399832978864
2019-10-18 00:00:00,-0.0034797377672787233,6299.403019237978
2019-10-19 00:00:00,0.031497605497795345,6497.819130409556
2019-10-20 00:00:00,0.010597293411262143,6566.678426267818
2019-10-21 00:00:00,-0.019737174778254207,6437.070746455979
2019-10-22 00:00:00,-0.07677520859018916,5942.8632971870165
2019-10-23 00:00:00,0.025686197700195867,6095.5128587438
2019-10-24 00:00:00,0.13322864518601074,6907.609778628144
2019-10-25 00:00:00,-0.02426967663092794,6739.964323008204
2019-10-26 00:00:00,0.11660268714011512,7525.862274299468
2019-10-27 00:00:00,-0.00687580575848723,7474.115907136257
2019-10-28 00:00:00,0.07312851579402868,8020.686910297672
2019-10-29 00:00:00,-0.06471774193548396,7501.606164691712
2019-10-30 00:00:00,-0.005604656175900002,7459.562241371604
2019-10-31 00:00:00,-0.006286581400390179,7412.667096129944
2019-11-01 00:00:00,0.0010907504363002474,7420.752465999197
2019-11-02 00:00:00,0.03938277403753321,7713.00228355611
2019-11-03 00:00:00,0.02355476849353666,7894.680266735394
2019-11-04 00:00:00,0.0744723953074915,8482.616016385964
2019-11-05 00:00:00,0.020674646354733373,8657.991102687742
2019-11-06 00:00:00,-0.030916844349680117,8390.31333938503
2019-11-07 00:00:00,-0.03652365236523647,8083.868451741924
2019-11-08 00:00:00,0.0034254395980817254,8111.559254842205
2019-11-09 00:00:00,0.017068730086481576,8250.013270343608
2019-11-10 00:00:00,-0.02192884314164245,8069.1000234217745
2019-11-11 00:00:00,0.0018302447952414092,8083.868451741924
2019-11-12 00:00:00,-0.009591230874628875,8006.334203061138
2019-11-13 00:00:00,-0.017062485589116938,7869.726241099754
2019-11-14 00:00:00,-0.020642739854562553,7707.273529578107
2019-11-15 00:00:00,0.003113772455089814,7731.27222559835
2019-11-16 00:00:00,0.015042979942693435,7847.573598619529
2019-11-17 00:00:00,-0.05222300635144672,7437.749712735375
2019-11-18 00:00:00,-0.012410027302059867,7345.447035734442
2019-11-19 00:00:00,-0.042221663734606785,7035.3100410112975
2019-11-20 00:00:00,-0.0897402256625558,6403.959730324899
2019-11-21 00:00:00,-0.06831940040357443,5966.445041340466
2019-11-22 00:00:00,-0.007735148514851464,5920.293702839998
2019-11-23 00:00:00,-0.093233551605862,5368.323694374406
2019-11-24 00:00:00,0.0013755158184316496,5375.707908534479
2019-11-25 00:00:00,0.04361263736263754,5610.156708116856
2019-11-26 00:00:00,0.04705495228693635,5874.14236433953
2019-11-27 00:00:00,-0.004085480829666754,5850.143668319288
2019-11-28 00:00:00,0.037551278005680144,6069.824039581515
2019-11-29 00:00:00,-0.059914841849148526,5706.151492197829
2019-11-30 00:00:00,-0.0019411193788417824,5695.075170957716
2019-12-01 00:00:00,-0.029821717990275554,5525.238245275995
2019-12-02 00:00:00,0.03307718008686922,5707.997545737846
2019-12-03 00:00:00,-0.028783958602846105,5543.698780676181
2019-12-04 00:00:00,0.009990009990010096,5599.0803868767425
2019-12-05 00:00:00,0.012528849324101587,5669.230421397454
2019-12-06 00:00:00,0.022468251383914062,5796.608115658745
2019-12-07 00:00:00,0.02070063694267521,5916.601595759961
2019-12-08 00:00:00,-0.03744149765990623,5695.075170957717
2019-12-09 00:00:00,-0.058670988654781264,5360.939480214331
2019-12-10 00:00:00,0.0003443526170798794,5362.78553375435
2019-12-11 00:00:00,-0.029259896729776247,5205.870982852759
2019-12-12 00:00:00,0.04195721251702267,5424.294818016514
2019-12-13 00:00:00,0.0006073267903994317,5427.58913757852
2019-12-14 00:00:00,0.006745124325403307,5464.198901098696
2019-12-15 00:00:00,-0.07006869033677565,5081.329640359062
2019-12-16 00:00:00,-0.07176010491792528,4716.692892244332
2019-12-17 00:00:00,0.07701753006277112,5079.960928869619
2019-12-18 00:00:00,-0.0351066289176073,4901.62062562385
2019-12-19 00:00:00,0.011376544631207297,4957.384131436506
2019-12-20 00:00:00,-0.029269069556894012,4812.286110473248
2019-12-21 00:00:00,0.04851942378353047,5045.775459634898
2019-12-22 00:00:00,-0.03877296542365338,4850.135782202955
2019-12-23 00:00:00,-0.01431267236759215,4780.717377813949
2019-12-24 00:00:00,-0.00924801478569226,4736.505232817709
2019-12-25 00:00:00,-0.0028272133364520835,4723.114122055312
2019-12-26 00:00:00,-0.007369234417842985,4688.308386907662
2019-12-27 00:00:00,0.017613416294709694,4770.885514244245
2019-12-28 00:00:00,0.025191601705965905,4891.071761903849
2019-12-29 00:00:00,0.013436577296965346,4956.791025697674
2019-12-30 00:00:00,-0.027324570268882575,4821.348841007832
2019-12-31 00:00:00,-0.005898640170156844,4792.909439059924
2020-01-01 00:00:00,-0.04620392804250628,4571.45819622335
2020-01-02 00:00:00,0.035971425852641126,4735.900065767247
2020-01-03 00:00:00,-0.006943644503608515,4703.015659305943
2020-01-04 00:00:00,-0.0029319628622765936,4689.226592052152
2020-01-05 00:00:00,0.04018558985738352,4877.665928628696
2020-01-06 00:00:00,-0.0208044041007025,4776.188995581276
2020-01-07 00:00:00,-0.012068761691484853,4718.546308800113
2020-01-08 00:00:00,-0.02936305743046763,4579.995362546495
2020-01-09 00:00:00,0.022183950735251923,4681.597754036909
2020-01-10 00:00:00,0.002714630858664524,4694.306563767872
2020-01-11 00:00:00,0.04188824021883697,4890.942804771844
2020-01-12 00:00:00,-0.029284259581764727,4747.715166077341
2020-01-13 00:00:00,0.0841871362800739,5147.411709782868
2020-01-14 00:00:00,0.04913973501321056,5400.354157205495
2020-01-15 00:00:00,-0.04399441340782151,5162.768743864749
2020-01-16 00:00:00,0.015339663988312546,5241.963881644997
2020-01-17 00:00:00,0.014388489208633226,5317.387822388091
2020-01-18 00:00:00,-0.0865248226950357,4857.30178385522
2020-01-20 00:00:00,0.015625,4933.197124227958
2020-01-21 00:00:00,0.00846153846153852,4974.939561432964
2020-01-22 00:00:00,-0.030511060259343914,4823.148880687489
2020-01-23 00:00:00,0.01258851298190411,4883.86515298568
2020-01-24 00:00:00,-0.02020202020202022,4785.201210501121
2020-01-25 00:00:00,0.030927835051546282,4933.197124227959
2020-01-26 00:00:00,0.010769230769230864,4986.323862488875
2020-01-27 00:00:00,0.03424657534246567,5157.088378327535
2020-03-09 00:00:00,0.008673327782403595,5201.817496235593
2020-03-10 00:00:00,-0.008323588085574873,5158.5197101005915
2020-03-12 00:00:00,0.20047071853800347,6192.651862976911
2020-03-13 00:00:00,-0.05989604624782985,5821.736500595336
2020-03-14 00:00:00,0.058655251312451195,6163.211918112625
2020-03-15 00:00:00,-0.12872257031188317,5369.867438636336
2020-03-16 00:00:00,0.05678713262349344,5674.806813044757
2020-03-17 00:00:00,0.009137524086313853,5726.660496984132
2020-03-18 00:00:00,0.17818452270313978,6747.062764322175
2020-03-19 00:00:00,-0.05016552322210077,6408.592830537599
2020-03-20 00:00:00,-0.004996655883618972,6376.571297465175
2020-03-21 00:00:00,-0.07784383455884614,5880.1945363326095
2020-03-22 00:00:00,0.14238241700309295,6717.430846864027
2020-03-23 00:00:00,-0.02110986159998729,6575.626811379242
2020-03-24 00:00:00,0.011875183218072793,6653.713584538043
2020-03-25 00:00:00,0.0034433150453332395,6676.624416631021
2020-03-26 00:00:00,-0.046840327665278014,6363.889141258028
2020-03-27 00:00:00,0.01575366706992254,6464.143732059302
2020-03-28 00:00:00,-0.06428564751777477,6048.592066595905
2020-03-29 00:00:00,0.07494506166478909,6501.904172012089
2020-03-30 00:00:00,0.007416841228331306,6550.127762937727
2020-03-31 00:00:00,0.015673114042011216,6652.788662355994
2020-04-01 00:00:00,0.046878976918677706,6964.664588503421
2020-04-02 00:00:00,0.016303891748212562,7078.215726016991
2020-04-03 00:00:00,0.058696347285971395,7493.681134436308
2020-04-04 00:00:00,-0.01674863297714746,7368.17221946786
2020-04-05 00:00:00,0.08447207700917825,7990.5770306076365
2020-04-06 00:00:00,-0.021005554483834787,7822.730529433929
2020-04-07 00:00:00,0.04326751219740177,8161.200618033199
2020-04-08 00:00:00,-0.02778605677117485,7934.433034339581
2020-04-09 00:00:00,-0.0696755554935703,7381.597005145437
2020-04-10 00:00:00,-0.013369849397230071,7282.906164875598
2020-04-11 00:00:00,0.013061677622339785,7378.033137354954
2020-04-12 00:00:00,-0.00397645723364104,7348.6947041158755
2020-04-13 00:00:00,0.013492974597167029,7447.850455080847
2020-04-14 00:00:00,-0.04056603586205787,7145.720686424793
2020-04-15 00:00:00,0.05585997564577494,7544.880469939992
2020-04-16 00:00:00,-0.0011774017910081147,7535.9971141617425
2020-04-17 00:00:00,0.10380327078402973,8318.25826323074
2020-04-18 00:00:00,-0.041282964919033716,7974.855899162323
2020-04-19 00:00:00,-0.04264750128573769,7634.748221949225
2020-04-20 00:00:00,0.002261801451700185,7652.016506560995
2020-04-21 00:00:00,0.06298685129108361,8133.99293233667
2020-04-22 00:00:00,0.03514092860361506,8419.828997234223
2020-04-23 00:00:00,0.07383762975398844,9041.529213323898
2020-04-24 00:00:00,0.024405157463085914,9262.189157482158
2020-04-25 00:00:00,0.0305271260716804,9544.937173592367
2020-04-26 00:00:00,-0.020649005684777788,9347.843711634012
2020-04-27 00:00:00,0.031068765534382647,9638.269676162823
2020-04-28 00:00:00,0.0788982730589114,10398.712508888142
2020-04-29 00:00:00,-0.03535481886990599,10031.067911656177
2020-05-01 00:00:00,0.07268078889700513,10760.133840954782
2020-05-07 00:00:00,0.039540816326530726,11185.598316808862
2020-05-08 00:00:00,-0.048641542506573265,10641.513560820349
2020-05-10 00:00:00,-0.02281140570285145,10398.765677692081
2020-05-11 00:00:00,0.0289025553732023,10699.316578504533
2020-05-12 00:00:00,0.030414377767205014,11024.729634774088
2020-05-13 00:00:00,0.019990200881920606,11245.116194842085
2020-05-14 00:00:00,-0.04015755596118742,10793.539811957658
2020-05-15 00:00:00,0.02642378140326307,11078.745948516245
2020-05-16 00:00:00,0.006338371526084741,11148.967156381048
2020-05-17 00:00:00,0.005813953488372103,11213.786732871635
2020-05-18 00:00:00,0.018978805394990417,11426.61100901573
2020-05-19 00:00:00,-0.002647253474520328,11396.361873320122
2020-05-20 00:00:00,0.03820267323916959,11831.7333620819
2020-05-21 00:00:00,0.36048210372534695,16096.861495162557
2020-09-06 00:00:00,0.007612667478684498,16219.401549175669
2020-09-07 00:00:00,-0.06134783922635245,15224.376310589189
2020-09-08 00:00:00,0.06728911783644564,16248.811162138816
2020-09-09 00:00:00,0.026546003016591158,16680.152152264975
2020-09-10 00:00:00,0.034675286511901326,17258.54120720687
2020-09-11 00:00:00,0.027548991763703512,17733.99661677775
2020-09-14 00:00:00,-0.05010564443102927,16845.423287956408
2020-09-15 00:00:00,0.01620591039084851,17118.41870825694
2020-09-16 00:00:00,0.0400250156347719,17803.583684697496
2020-09-17 00:00:00,-0.0048105832832230355,17717.938062642428
2020-09-18 00:00:00,0.02447129909365553,18151.519024296216
2020-09-19 00:00:00,-0.04136366843284167,17400.70560982281
2020-09-20 00:00:00,-0.07092385957387548,16166.58040866539
2020-09-21 00:00:00,0.018668251422461646,16468.3821963758
2020-09-22 00:00:00,-0.07307873897306838,15264.893592538125
2020-09-23 00:00:00,0.06868605208988399,16313.378868981734
2020-09-24 00:00:00,0.01825708620046207,16611.21363321353
2020-09-25 00:00:00,0.03072071957992084,17121.522069121642
2020-09-26 00:00:00,-0.003762985129945551,17057.0940361735
2020-09-27 00:00:00,-0.01057770732569796,16876.669087631948
2020-09-28 00:00:00,-0.003968205306840722,16809.698999796612
2020-09-29 00:00:00,0.01371031515200083,17040.165270694095
2020-09-30 00:00:00,-0.017987689284524433,16733.652072447905
2020-10-01 00:00:00,-0.02758997548072284,16271.97102206612
2020-10-02 00:00:00,-0.010087241336510844,16107.831723345827
2020-10-03 00:00:00,0.009242731259271775,16256.712083134285
2020-10-04 00:00:00,0.00016194340848563193,16259.344750499798
2020-10-05 00:00:00,-0.05890539326012412,15301.581653819674
2020-10-06 00:00:00,-0.005068749605569467,15224.021767847287
2020-10-07 00:00:00,0.11922088701881184,17039.04314700374
2020-10-08 00:00:00,0.06476368298488122,18142.554335742003
2020-10-09 00:00:00,-0.012118775730023068,17922.688788577387
2020-10-10 00:00:00,0.014677156102299804,18185.742889700276
2020-10-11 00:00:00,0.020746946373311204,18563.041522191714
2020-10-12 00:00:00,0.004068098880114279,18638.557810619655
2020-10-13 00:00:00,-0.051986026444954425,17669.61325138097
2020-10-14 00:00:00,-0.006869454676063369,17548.232644007043
2020-10-15 00:00:00,-0.040840857455330726,16831.54777600017
2020-10-16 00:00:00,0.022274455385618896,17206.4613360076
2020-10-17 00:00:00,0.023179377539874313,17605.29639944017
2020-10-18 00:00:00,-0.030920897988044094,17060.9248254238
2020-10-19 00:00:00,-0.05705616636665922,16087.493860215354
2020-10-20 00:00:00,0.02755998009693239,16530.864870812413
2020-10-21 00:00:00,0.04495237015845155,17273.966427524516
2020-10-22 00:00:00,-0.010242294582377132,17097.041374767716
2020-10-23 00:00:00,-0.013894306509354193,16859.489841503582
2020-10-24 00:00:00,-0.02022421561872756,16518.519883727266
2020-10-25 00:00:00,-0.02388423056846878,16123.987746174487
2020-10-26 00:00:00,-0.038939663998179386,15496.12508102769
2020-10-27 00:00:00,-0.03049334631613121,15023.596372373826
2020-10-28 00:00:00,-0.017237705985357787,14764.624035264158
2020-10-29 00:00:00,-0.02689914861401843,14367.468219109478
2020-10-30 00:00:00,0.02874730254996849,14780.494174881274
2020-10-31 00:00:00,-0.004884437121289165,14708.299780462487
2020-11-01 00:00:00,-0.04287460856795111,14077.687184675076
2020-11-02 00:00:00,-0.0037565991912826835,14024.802956381995
2020-11-03 00:00:00,-0.005289686902734125,13950.616139870193
2020-11-04 00:00:00,0.04509680717439046,14579.744385893859
2020-11-05 00:00:00,0.16683360076253329,17012.13563998986
2020-11-06 00:00:00,-0.07793679231722694,15686.264357743477
2020-11-07 00:00:00,0.0773855421824543,16900.154429884766
2020-11-08 00:00:00,-0.03818917322935378,16254.751504759066
2020-11-09 00:00:00,0.09088195517138509,17732.015102336583
2020-11-10 00:00:00,-0.01135154756502077,17530.729289478742
2020-11-11 00:00:00,-0.04335661372664834,16770.656231328372
2020-11-12 00:00:00,0.03940792242798197,17431.552951158912
2020-11-13 00:00:00,0.0056908087359213155,17530.75258497404
2020-11-14 00:00:00,-0.03760649907784108,16871.482354053354
2020-11-15 00:00:00,0.03228885390794001,17416.24318299377
2020-11-16 00:00:00,0.03019359769651464,17942.10222304575
2020-11-17 00:00:00,-0.008679465477820947,17786.37436620129
2020-11-18 00:00:00,-0.0303982491364434,17245.699726983454
2020-11-19 00:00:00,0.018843946473691142,17570.67676954008
2020-11-20 00:00:00,0.13773783547598817,19990.82375562476
2020-11-21 00:00:00,-0.06413334279772376,18708.745402896395
2020-11-22 00:00:00,0.09929136726381671,20566.362313740625
2020-11-23 00:00:00,0.11514813972721494,22934.540675123757
2020-11-24 00:00:00,0.03773045646736373,23799.871363665497
2020-11-25 00:00:00,-0.15300667371185162,20158.33221154109
2020-11-26 00:00:00,0.0040372102536265775,20239.715637041532
2020-11-27 00:00:00,0.02721066331632893,20790.451724859307
2020-11-28 00:00:00,0.05713276438855641,21978.26770478735
2020-11-29 00:00:00,0.0001265092767466225,21981.048159538826
2020-11-30 00:00:00,-0.04678220805065447,20952.726191367827
2020-12-01 00:00:00,0.08939293449793007,22825.751871345834
2020-12-02 00:00:00,0.05180489578334635,24008.237568217428
2020-12-03 00:00:00,-0.06394486282864031,22473.034110160355
2020-12-04 00:00:00,0.09387400557019099,24582.66783939664
2020-12-05 00:00:00,-0.02397962556748512,23993.18466915805
2020-12-06 00:00:00,0.03359485981224686,24799.232344567765
2020-12-07 00:00:00,-0.028311954582184162,24097.11760475533
2020-12-08 00:00:00,0.048039540420535376,25254.732059947368
2020-12-09 00:00:00,-0.00015913903213782277,25250.71304633045
2020-12-10 00:00:00,-0.0505984252235977,23973.066730413175
2020-12-11 00:00:00,0.04921102764548535,25152.805980030604
2020-12-12 00:00:00,0.009090282434161656,25381.45209040075
2020-12-13 00:00:00,0.031235863523369822,26174.263663921458
2020-12-14 00:00:00,-0.0018222386646374877,26126.567908654644
2020-12-15 00:00:00,0.06063826393683325,27710.837629263242
2020-12-16 00:00:00,-0.01373680460878457,27330.179267204298
2020-12-17 00:00:00,0.025700397423306987,28032.575736021674
2020-12-18 00:00:00,0.021624037080442138,28638.75319319771
2020-12-19 00:00:00,0.0004963416261438702,28652.967798528356
2020-12-20 00:00:00,-0.08313562486560311,26270.885416343695
2020-12-21 00:00:00,-0.0020533770601154355,26216.941382880854
2020-12-22 00:00:00,-0.13829445120680717,22591.283862014316
2020-12-23 00:00:00,0.10918981064864752,25058.021869217504
2020-12-24 00:00:00,-0.00945611530533097,24821.070325098677
2020-12-25 00:00:00,0.019351134023128713,25301.386183557166
2020-12-26 00:00:00,0.061451011558435686,26856.181958367382
2020-12-27 00:00:00,0.0914888406877492,29313.22291103766
2020-12-28 00:00:00,-0.031007859977858043,28404.282599512466
2020-12-29 00:00:00,0.06966759920180432,30383.140775270083
2020-12-30 00:00:00,0.006345958013075137,30575.9509109353
2020-12-31 00:00:00,0.04673209460306604,32004.82914148383
2021-01-01 00:00:00,-0.03567842217534234,30862.94733572427
2021-01-02 00:00:00,0.07021620220222324,33030.02628640606
2021-01-03 00:00:00,0.04733946687445445,34593.650121653736
2021-01-04 00:00:00,0.023720209750986543,35414.2187585916
2021-01-05 00:00:00,0.08691267834856653,38492.16336252285
2021-01-06 00:00:00,-0.01717121236769159,37831.20625093309
2021-01-07 00:00:00,0.033688879143110695,39105.697186158875
2021-01-08 00:00:00,0.11863279351040368,43744.91528552483
2021-01-09 00:00:00,0.007335979368425116,44065.827081532945
2021-01-10 00:00:00,-0.07812500000000011,40623.18434078818
2021-01-11 00:00:00,-0.006163328197226425,40372.810323279475
2021-01-12 00:00:00,0.08768804595348167,43913.02317017841
2021-01-13 00:00:00,0.005992851957218548,44176.18741703119
2021-01-14 00:00:00,-0.003823800446006831,44007.26649188307
2021-01-15 00:00:00,0.0744361720881137,47282.998953600356
2021-01-16 00:00:00,0.059556786703601095,50099.022436986525
2021-01-20 00:00:00,-0.06085992361710002,47049.99975818014
2021-01-21 00:00:00,0.010494555949101425,47543.76861304757
2021-01-22 00:00:00,0.008428464102017807,47944.48956007728
2021-01-23 00:00:00,0.05191034854396315,50433.3047239033
2021-01-24 00:00:00,0.03946037058883256,52423.421618328044
2021-01-25 00:00:00,0.002877751616399582,52574.28320462738
2021-01-26 00:00:00,-0.06689274800626077,49057.44492661046
2021-01-27 00:00:00,0.054634769759175805,51737.68713514927
2021-01-28 00:00:00,0.07130685045631813,55426.93865465113
2021-01-29 00:00:00,0.5684694238246728,86935.45853602614
2021-04-24 00:00:00,0.002970664686223534,87193.71463267977
2021-04-25 00:00:00,0.1517340960552298,100423.9741041671
2021-04-26 00:00:00,0.08363103165112706,108822.53466100465
2021-05-13 00:00:00,0.036707080107751144,112817.09215833468
2021-05-14 00:00:00,-0.060461425185306394,105996.00998117971
2021-05-16 00:00:00,-0.0766649915908778,97869.82676730597
2021-05-17 00:00:00,0.04250000280006594,102029.29467895845
2021-05-18 00:00:00,-0.30825568530039216,70578.18452698046
2021-05-19 00:00:00,0.14322446667788258,80686.70736495042
2021-05-20 00:00:00,-0.018722144637330462,79176.07915935386
2021-05-21 00:00:00,0.010237010542424096,79986.60551641598
2021-05-22 00:00:00,-0.1795570478353069,65624.44676352105
2021-05-23 00:00:00,0.23420170335333879,80993.80397715818
2021-05-24 00:00:00,0.02132704487453352,82721.1624691382
2021-05-25 00:00:00,0.18453172911714333,97985.84161414842
2021-05-26 00:00:00,-0.10507789219130514,87689.69591274262
2021-05-27 00:00:00,-0.13078726855512723,76221.00010388531
2021-05-28 00:00:00,0.09114127927853177,83167.87956124252
2021-05-29 00:00:00,0.019970618987751543,84828.7935959793
2021-05-30 00:00:00,0.08265464105195197,91840.2870815251
2021-05-31 00:00:00,-0.02367244821541814,89666.20264149856
2021-06-01 00:00:00,0.021027326913827693,91551.64319756287
2021-06-02 00:00:00,0.06389471886538023,97401.30970133474
2021-06-03 00:00:00,-0.11476977630036345,86222.58317555013
2021-06-04 00:00:00,0.04833952389451768,90390.54179521167
2021-06-05 00:00:00,0.045001412339834124,94458.243838159
2021-06-06 00:00:00,-0.09286423934674348,85686.45087409914
2021-06-07 00:00:00,0.006059685383177582,86205.68380799728
2021-06-08 00:00:00,0.1274972456982182,97196.67105704841
2021-06-09 00:00:00,-0.09376005160497258,88083.50616290802
2021-06-10 00:00:00,-0.05977691971444188,82818.14548684131
2021-06-11 00:00:00,-0.034565003951631756,79955.53596082183
2021-06-12 00:00:00,0.0771160079747728,86121.38770960379
2021-06-13 00:00:00,0.01827390599872669,87695.16185308898
2021-06-14 00:00:00,0.03323671737290357,90609.86116257113
2021-06-15 00:00:00,-0.038442040257485766,87126.63323203438
2021-06-16 00:00:00,0.026752072619184553,89457.45125132283
2021-06-17 00:00:00,-0.0953207756389225,80930.29761136563
2021-06-18 00:00:00,-0.022880421826585673,79078.57826346646
2021-06-19 00:00:00,-0.01772644283672331,77676.79636626977
2021-06-20 00:00:00,-0.24374412557070613,58743.53355883955
2021-06-21 00:00:00,-0.08939006184905351,53492.44546078293
2021-06-22 00:00:00,0.07334170054128442,57415.67237698866
2021-06-23 00:00:00,0.10536718069886475,63465.39990328164
2021-06-24 00:00:00,-0.10211038308041898,56984.92360680557
2021-06-25 00:00:00,0.015393600254660633,57862.12674135111
2021-06-26 00:00:00,0.051503369231936214,60842.221219456005
2021-06-27 00:00:00,0.009737561998846234,61434.67612072798
2021-06-28 00:00:00,0.1209216400834554,68863.4579152423
2021-06-29 00:00:00,-0.016250253790278002,67744.40924724349
2021-06-30 00:00:00,-0.06297588753097516,63478.14494963673
2021-07-01 00:00:00,0.02289083688308846,64931.21281131991
2021-07-02 00:00:00,0.0455803238524124,67890.79851938978
2021-07-03 00:00:00,0.03339968978099517,70158.33012892144
2021-07-04 00:00:00,-0.05637338814818138,66203.26735273551
2021-07-05 00:00:00,0.11039804661246588,73511.97874784035
2021-07-06 00:00:00,0.025264678407166397,75369.23524997898
2021-07-07 00:00:00,-0.06462653032341048,70498.38308264397
2021-07-08 00:00:00,0.010834796908178568,71262.21874569939
2021-07-09 00:00:00,-0.027953122747026105,69270.21719787542
2021-07-10 00:00:00,0.019558996236600956,70625.0731153572
2021-07-11 00:00:00,-0.029100487268950093,68569.84907429508
2021-07-12 00:00:00,-0.0058504530572762725,68168.6843911414
2021-07-13 00:00:00,-0.00302692111186742,67962.34316118964
2021-07-14 00:00:00,-0.018560081752649005,66700.95651601638
2021-07-15 00:00:00,-0.05051209184391103,63331.75167440264
2021-07-16 00:00:00,0.013686516851768804,64198.542760946395
2021-07-17 00:00:00,0.004215840195148202,64469.193557987935
2021-07-18 00:00:00,-0.05929350397318156,60646.589173609565
2021-07-19 00:00:00,-0.10402186494545096,54338.0178651901
2021-07-20 00:00:00,0.10060296624384013,59804.583642239006
2021-07-21 00:00:00,0.01630437005964991,60779.659705205355
2021-07-22 00:00:00,0.07864666000296738,65559.7769371367
2021-07-23 00:00:00,0.04808779849749745,68712.40228003061
2021-07-24 00:00:00,0.08818391805329506,74771.73113193788
2021-07-25 00:00:00,0.041989074334177756,77911.32690853198
2021-07-26 00:00:00,0.013051618828025191,78928.1958497278
2021-07-27 00:00:00,-0.0020744761695954406,78764.46118832838
2021-07-28 00:00:00,0.0011692951950219577,78856.56009433439
2021-07-29 00:00:00,0.025486249880789513,80866.3180896381
2021-07-30 00:00:00,-0.0185883872091136,79363.14365681255
2021-07-31 00:00:00,-0.008894151901161718,78657.27580177513
2021-08-01 00:00:00,0.00042457542457530195,78690.67174804461
2021-08-02 00:00:00,-0.0221011909098634,76951.51418891568
2021-08-03 00:00:00,0.05455018918165844,81149.2338457361
2021-08-04 00:00:00,0.021674806545562975,82908.12779066309
2021-08-05 00:00:00,0.057759971860434245,87696.89891885307
2021-08-06 00:00:00,0.010281521188176157,88598.5564432246
2021-08-07 00:00:00,0.0410017528032689,92231.25255323616
2021-08-08 00:00:00,0.03560304428239158,95514.96592210948
2021-08-09 00:00:00,0.017930891353800105,97227.63439872074
2021-08-10 00:00:00,0.2708820649110275,123564.85677106066
2021-08-11 00:00:00,-0.0067883594270223835,122726.05411075016
2021-08-12 00:00:00,0.15044815959019853,141189.96308547966
2021-08-13 00:00:00,0.07731231229777635,152105.68560485577
2021-08-14 00:00:00,0.0920426915148691,166105.90230264116
2021-08-15 00:00:00,-0.03397057354864341,160463.18953160552
2021-08-16 00:00:00,0.012693365102639298,162500.00738186418
2021-08-17 00:00:00,-0.02779085549610516,157983.99315859878
2021-08-18 00:00:00,0.0712362133138944,169238.17459542555
2021-08-19 00:00:00,0.009140388414101253,170785.07724572122
2021-08-20 00:00:00,-0.047567891225161696,162661.19126841592
2021-08-21 00:00:00,0.01362697056655282,164877.77053415103
2021-08-22 00:00:00,0.005536520794110267,165790.6197391999
2021-08-23 00:00:00,-0.08434913791157261,151806.32389037302
2021-08-24 00:00:00,0.0830395856342816,164412.25812289314
2021-08-25 00:00:00,-0.05339469481837611,155633.51577602117
2021-08-26 00:00:00,0.06872866176974446,166329.9990418275
2021-08-27 00:00:00,-0.032160717063566824,160980.70700345995
2021-08-28 00:00:00,-0.018248016433465852,158043.12841658987
2021-08-29 00:00:00,-0.021435142338724567,154655.45146332294
2021-08-30 00:00:00,0.005812807350816129,155554.43380843272
2021-08-31 00:00:00,0.035744409002530286,161114.63511263835
2021-09-01 00:00:00,0.054920152771779085,169963.07548679388
2021-09-02 00:00:00,-0.013708657162280868,167633.10995469856
2021-09-03 00:00:00,-0.00563712538110972,166688.14109585856
2021-09-04 00:00:00,0.08811795627745189,181376.35942491316
2021-09-05 00:00:00,-0.032745892780575714,175437.0286062538
2021-09-06 00:00:00,-0.18507411622983783,142968.1755829626
2021-09-07 00:00:00,0.028356454463601022,147022.246143625
2021-09-08 00:00:00,0.050128410226005116,154392.23761066134
2021-09-09 00:00:00,-0.07262749621938824,143179.11595729014
2021-09-10 00:00:00,0.007712919995261025,144283.44502366093
2021-09-11 00:00:00,0.05623019110155436,152396.530710132
2021-09-12 00:00:00,-0.06695038712095713,142193.52398319784
2021-09-13 00:00:00,0.06634453389541539,151627.28705480968
2021-09-14 00:00:00,0.045404828007586495,158511.89794479025
2021-09-15 00:00:00,-0.033860000745155494,153144.68496226365
2021-09-16 00:00:00,0.013968614411418834,155283.90401565973
2021-09-17 00:00:00,-0.003769033679091538,154698.6337516039
2021-09-18 00:00:00,-0.0439055129567385,147906.5108830331
2021-09-19 00:00:00,-0.148971532297124,125872.6513200664
2021-09-20 00:00:00,-0.08088996781207314,115690.81660636593
2021-09-21 00:00:00,0.11589264545451905,129098.53139767128
2021-09-22 00:00:00,0.005706992802739341,129835.295787202
2021-09-23 00:00:00,-0.083649813803503,118974.59746947982
2021-09-24 00:00:00,-0.02046494441252278,116539.78894576464
2021-09-25 00:00:00,-0.010768395821709631,115284.84236941814
2021-09-26 00:00:00,-0.020405952604031774,112932.34534006452
2021-09-27 00:00:00,-0.038725597987870564,108558.97273459782
2021-09-28 00:00:00,0.038593782230685214,112748.67408750378
2021-09-29 00:00:00,0.03820009973873595,117055.68468305665
2021-09-30 00:00:00,0.08907665457694636,127482.61347383723
2021-10-01 00:00:00,0.0010973290237392685,127622.50384562422
2021-10-02 00:00:00,0.017154446960294,129811.7973187839
2021-10-03 00:00:00,-0.004022638439729498,129289.61139295898
2021-10-04 00:00:00,0.11964742967618935,144758.78107995988
2021-10-05 00:00:00,-0.0044890539813035035,144108.95109742426
2021-10-06 00:00:00,0.04336559705928744,150358.32180335172
2021-10-07 00:00:00,0.014672571223061981,152564.46498899147
2021-10-08 00:00:00,0.011197257483597234,154272.76858632045
2021-10-09 00:00:00,-0.0936030506426121,139832.36681555913
2021-10-10 00:00:00,-0.028482350454449357,135849.61233904326
2021-10-11 00:00:00,0.009649869823699309,137160.54341371506
2021-10-12 00:00:00,0.003498304383426243,137640.37274397237
2021-10-13 00:00:00,0.023577174711961302,140885.5438595765
2021-10-14 00:00:00,0.028345461950098017,144879.00968236697
2021-10-15 00:00:00,-0.002035687475812842,144584.08129684842
2021-10-16 00:00:00,-0.03283173734610112,139837.13471528297
2021-10-17 00:00:00,-0.01980198019801971,137068.0825427031
2021-10-18 00:00:00,-0.023088023088023157,133903.45148832613
2021-10-19 00:00:00,0.04252162007975313,139597.24317988037
2021-10-20 00:00:00,-0.0217968306573042,136554.465710062
2021-10-21 00:00:00,-0.004392386530014725,135954.66571426377
2021-10-22 00:00:00,-0.008823529411764786,134755.06572266732
2021-10-23 00:00:00,-0.0519287833827895,127757.39910502137
2021-10-24 00:00:00,0.047412664486704115,133814.71780448168
2021-10-25 00:00:00,0.05264616121837462,140859.54901140774
2021-10-26 00:00:00,-0.12285714285714289,123553.9472757205
2021-10-27 00:00:00,0.027687296416938123,126974.82203742611
2021-10-28 00:00:00,0.032249240585098704,131069.66362156117
2021-10-29 00:00:00,-0.013469348037124407,129304.24070513353
2021-10-30 00:00:00,-0.050070506551824545,122829.91187372844
2021-10-31 00:00:00,0.004300338135031945,123358.12202788165
2021-11-01 00:00:00,0.012377355419336933,124884.96934808267
2021-11-02 00:00:00,-0.012274598317023155,123352.0565135012
2021-11-03 00:00:00,-0.02024747043572972,120854.48939605763
2021-11-04 00:00:00,9.33863953769265e-05,120865.77556118745
2021-11-05 00:00:00,0.012641034910798599,122393.64404957717
2021-11-06 00:00:00,0.0472019624048996,128170.86423460397
2021-11-07 00:00:00,-0.023816021419771127,125118.34418660206
2021-11-08 00:00:00,-0.005013139429137392,124491.10848205182
2021-11-09 00:00:00,-0.025537889572254446,121311.86830090963
2021-11-10 00:00:00,0.041223428374505655,126312.75941478965
2021-11-11 00:00:00,0.003158888381084024,126711.76732288768
2021-11-12 00:00:00,0.0043196151434450325,127259.1133918683
2021-11-13 00:00:00,-0.001797852291522295,127030.32030323964
2021-11-14 00:00:00,0.034136289626201854,131366.66410842023
2021-11-15 00:00:00,-0.06820669344504737,122406.5783206787
2021-11-16 00:00:00,-0.012219840158116946,120910.78949929799
2021-11-17 00:00:00,-0.05309423422393711,114491.1237214211
2021-11-18 00:00:00,0.049841368535304076,120197.51801284154
2021-11-19 00:00:00,0.01533453492054826,122040.69105017268
2021-11-20 00:00:00,-0.01126714578813337,120665.64079202585
2021-11-21 00:00:00,0.004418158411541917,121198.76070787523
2021-11-22 00:00:00,-0.02533536640208811,118128.14569786222
2021-11-23 00:00:00,-0.04138160037384753,113239.81397968964
2021-11-24 00:00:00,0.04363795080870325,118181.36741172205
2021-11-25 00:00:00,-0.09611795836949621,106822.01565879202
2021-11-26 00:00:00,0.005113419922363027,107368.24148180867
2021-11-27 00:00:00,0.013898396856205864,108860.4879116758
2021-11-28 00:00:00,0.02800171016009534,111908.7677420651
2021-11-29 00:00:00,-0.019511072999538803,109725.30760536123
2021-11-30 00:00:00,-0.005693077467852414,109100.63292897998
2021-12-01 00:00:00,-0.024680908761437026,106407.9301618448
2021-12-02 00:00:00,-0.030855228803898016,103124.68913015188
2021-12-03 00:00:00,-0.10095722172791344,92713.50702401699
2021-12-04 00:00:00,0.008317084979023504,93484.61314063903
2021-12-05 00:00:00,0.024058472921968166,95733.71017450377
2021-12-06 00:00:00,0.04503061790234408,100044.6582977456
2021-12-07 00:00:00,0.014039840696453254,101449.26936277705
2021-12-08 00:00:00,-0.07693014210355609,93644.76265439668
2021-12-09 00:00:00,-0.011639977854855044,92554.73969087635
2021-12-10 00:00:00,0.03094901761726243,95419.21796013042
2021-12-11 00:00:00,0.007995250615032923,96182.11852121212
2021-12-12 00:00:00,-0.10228992285908178,86343.65703725428
2021-12-13 00:00:00,0.02280060159011943,88312.34436119463
2021-12-14 00:00:00,0.01658234195128183,89776.76985391132
2021-12-15 00:00:00,-0.012117363140610404,88688.91213200048
2021-12-16 00:00:00,-0.042627347686644,84908.33903859947
2021-12-17 00:00:00,0.04127300953362467,88412.76172522383
2021-12-18 00:00:00,-0.024063700039653968,86285.22354739065
2021-12-19 00:00:00,0.10667724286372748,95489.89329530665
2021-12-20 00:00:00,0.003645225549518738,95837.97549406752
2021-12-21 00:00:00,0.044958552013937725,100146.71210022805
2021-12-22 00:00:00,0.05518211247807603,105673.01923165233
2021-12-23 00:00:00,0.016375656395712257,107403.48428488737
2021-12-24 00:00:00,0.03202249576595673,110842.81190564917
2021-12-25 00:00:00,0.006570112649110893,111571.0616662135
2021-12-26 00:00:00,0.030966066670408354,115025.9786002577
2021-12-27 00:00:00,-0.07235634865331053,106703.11878846922
2021-12-28 00:00:00,-0.053507342717445394,100993.71844243431
2021-12-29 00:00:00,0.014729271118478326,102481.28230263619
2021-12-30 00:00:00,-0.023919678495772256,100029.96297812265
2021-12-31 00:00:00,0.04888346309695635,104919.77398195362
2022-01-01 00:00:00,0.008827953018613277,105846.00081738984
2022-01-02 00:00:00,-0.022743410369026162,103438.70178487967
2022-01-03 00:00:00,0.003444286542677366,103794.97431342935
2022-01-04 00:00:00,-0.06437037613370211,97113.65277608596
2022-01-05 00:00:00,-0.0026378413921201993,96857.48236305322
2022-01-06 00:00:00,-0.011043074203120784,95787.87799819055
2022-01-07 00:00:00,-0.0498959545845552,91008.45038784192
2022-01-08 00:00:00,0.01699123819893078,92554.79664649731
2022-01-09 00:00:00,-0.045006154988870395,88389.26112366168
2022-01-10 00:00:00,0.05131479559870922,92924.93799134331
2022-01-11 00:00:00,0.05389063218792267,97932.72164572032
2022-01-12 00:00:00,-0.04888878761872151,93144.90961625932
2022-01-13 00:00:00,0.025338549496664697,95505.06651893326
2022-01-14 00:00:00,0.006756675289619318,96150.36324191518
2022-01-15 00:00:00,0.010795437490146442,97188.34847794815
2022-01-16 00:00:00,-0.05888678183311069,91465.23940440688
2022-01-17 00:00:00,-0.01697000485479161,89913.07384766942
2022-01-18 00:00:00,-0.027008603999826075,87484.6472417106
2022-01-19 00:00:00,-0.038108034984950856,84150.7792439774
2022-01-20 00:00:00,-0.14531480698516253,71922.42500048781
2022-01-21 00:00:00,-0.09936496694177455,64775.855617942085
2022-01-22 00:00:00,0.029890491187841706,66712.03775947509
2022-01-23 00:00:00,-0.043500972383915926,63809.99924722541
2022-01-24 00:00:00,-0.0031146569313966754,63611.25299077762
2022-01-25 00:00:00,0.01988822693831982,64876.368026089076
2022-01-26 00:00:00,-0.0006550043130346683,64833.87372521796
2022-01-27 00:00:00,0.03362781888962174,67014.09548876219
2022-01-28 00:00:00,0.023609472741479287,68596.26294949901
2022-01-29 00:00:00,-0.029588105701466083,66566.62947062367
2022-01-30 00:00:00,0.02934449857805088,68519.99383447002
2022-01-31 00:00:00,0.010279154540126179,69224.32144018303
2022-02-01 00:00:00,-0.04847522102513058,65868.65715805547
2022-02-02 00:00:00,0.03294712700604108,68038.8401711593
2022-02-03 00:00:00,0.08786925779716093,74017.36255837874
2022-02-04 00:00:00,0.060367059428181324,78485.57308265763
2022-02-05 00:00:00,0.09146394983211237,85664.17360163442
2022-02-06 00:00:00,0.16874333743661918,100119.43215392415
2022-02-07 00:00:00,-0.01215035322807767,98902.94568825941
2022-02-08 00:00:00,0.24332910332848923,122968.91077912984
2022-02-09 00:00:00,0.11222742480838677,136769.39496736386
2022-02-10 00:00:00,-0.06528078958088368,127840.98087339461
2022-02-11 00:00:00,-0.011818277418538359,126330.12069597478
2022-02-12 00:00:00,-0.013975601761686218,124564.58123862208
2022-02-13 00:00:00,0.015771855540898994,126529.1958194302
2022-02-14 00:00:00,0.07270320386827978,135728.27373837974
2022-02-15 00:00:00,0.008221963827630852,136844.22669544347
2022-02-16 00:00:00,-0.09887058362296441,123314.35813663174
2022-02-17 00:00:00,-0.025655170493357082,120150.70725435755
2022-02-18 00:00:00,-0.0005682691568900111,120082.42931324638
2022-02-19 00:00:00,-0.04706808849971633,114430.37890306956
2022-02-20 00:00:00,-0.07562364448896386,105776.7366101664
2022-02-21 00:00:00,0.028241097949917027,108763.98778959668
2022-02-22 00:00:00,0.0881854195908216,118355.38568919325
2022-02-23 00:00:00,-0.022379727565258967,115706.62440158796
2022-02-24 00:00:00,0.10314495110462607,127641.17851797109
2022-02-25 00:00:00,0.027397190444373276,131138.1881943722
2022-02-26 00:00:00,-0.061437635607951124,123081.36797379944
2022-02-27 00:00:00,0.11232909332451135,136906.98644343688
2022-02-28 00:00:00,0.004649649309889536,137543.55591847267
2022-03-01 00:00:00,-0.03184325129883958,133163.72190282476
2022-03-02 00:00:00,-0.03172059488823076,128939.68942653624
2022-03-03 00:00:00,-0.04294289242389193,123402.64621432245
2022-03-04 00:00:00,0.03810179684740422,128104.50877081265
2022-03-05 00:00:00,-0.041018486592090064,122849.85569541079
2022-03-06 00:00:00,-0.0011924803591470967,122703.35965536996
2022-03-07 00:00:00,0.0024114647926138932,122999.25448711433
2022-03-08 00:00:00,0.0441913565579386,128434.75839851503
2022-03-09 00:00:00,-0.05237974845653082,121707.3780605255
2022-03-10 00:00:00,-0.020619946091644192,119197.7784859621
2022-03-11 00:00:00,-0.008481686513467923,118186.78029574238
2022-03-12 00:00:00,-0.01683093105478184,116197.5867449981
2022-03-13 00:00:00,0.057090074234527055,122831.31559814294
2022-03-14 00:00:00,-0.03786342781922247,118180.50094605252
2022-03-15 00:00:00,0.042646206456848246,123220.45098857163
2022-03-16 00:00:00,0.007461610742999891,124139.87402942525
2022-03-17 00:00:00,0.03716809927433151,128753.91719125393
2022-03-18 00:00:00,0.036325828834774754,133431.00994895017
2022-03-19 00:00:00,-0.041850050540305106,127846.91543894265
2022-03-20 00:00:00,0.012882664172489733,129493.92431603125
2022-03-21 00:00:00,0.026405225720990355,132913.2406170929
2022-03-22 00:00:00,0.09977777777777774,146175.0284031095
2022-03-23 00:00:00,0.04895955222521753,153331.69234023418
2022-03-24 00:00:00,0.0030333590801832067,153796.80242147428
2022-03-25 00:00:00,0.06653641046080039,164029.8895949481
2022-03-26 00:00:00,0.07598882356932668,176494.32793547475
2022-03-27 00:00:00,-0.021691074006245592,172665.97640654378
2022-03-28 00:00:00,0.07616648534717974,185817.3369684693
2022-03-29 00:00:00,0.036539762364060424,192607.05830441968
2022-03-30 00:00:00,-0.023417827208931596,188096.61949382618
2022-03-31 00:00:00,0.04986579248264733,197476.20648819278
2022-04-01 00:00:00,0.0011051194320061963,197694.44128134174
2022-04-02 00:00:00,0.008063941955146925,199288.6377806897
2022-04-03 00:00:00,0.022203000532629025,203713.44351148125
2022-04-04 00:00:00,-0.01905071071614506,199832.55763015428
2022-04-05 00:00:00,-0.06243724016905783,187355.56423580323
2022-04-06 00:00:00,0.016625729084124075,190470.4870891909
2022-04-07 00:00:00,-0.0730991684820963,176547.25286259118
2022-04-08 00:00:00,0.04194804460934054,183953.06490132769
2022-04-09 00:00:00,-0.04219767956883136,176190.67241291702
2022-04-10 00:00:00,-0.09249124865669434,159894.57711978373
2022-04-11 00:00:00,0.058260297553269336,169210.08275993651
2022-04-12 00:00:00,0.03374422088858342,174919.9451691633
2022-04-13 00:00:00,-0.012395947814926145,172751.64665705658
2022-04-14 00:00:00,0.01174057840023357,174779.8509084032
2022-04-15 00:00:00,-0.0015919091069644953,174501.6172720282
2022-04-16 00:00:00,-0.05193182056151846,165439.43059616248
2022-04-17 00:00:00,0.026653689133402825,169849.00174967977
2022-04-18 00:00:00,0.023191922223012362,173788.12658791462
2022-04-19 00:00:00,0.004143714114974939,174508.254901072
2022-04-20 00:00:00,-0.04038195802245459,167461.2698770851
2022-04-21 00:00:00,0.005660550736795278,168409.19289167252
2022-04-22 00:00:00,-0.012465924306973242,166309.81664048648
2022-04-23 00:00:00,-0.017017965117755218,163479.5619821584
2022-04-24 00:00:00,0.0035385784679755616,164058.04724014254
2022-04-25 00:00:00,-0.08456560097434884,150184.37988060177
2022-04-26 00:00:00,0.05863656830901487,158990.67653041772
2022-04-27 00:00:00,0.0457192939546629,166259.6180067626
2022-04-28 00:00:00,-0.07863773313837907,153185.33853425796
2022-04-29 00:00:00,-0.13688125372177073,132217.13734389484
2022-04-30 00:00:00,0.10999373193263717,146760.19370579987
2022-05-01 00:00:00,-0.04136082062292912,140690.07165934794
2022-05-02 00:00:00,-0.00821297816158062,139534.5871732585
2022-05-03 00:00:00,0.1155710850835161,155660.75081955246
2022-05-04 00:00:00,-0.1178611398999091,137314.3972902843
2022-05-05 00:00:00,-0.009466752200875006,136014.4759175247
2022-05-06 00:00:00,-0.05593821269280397,128406.06923434992
2022-05-07 00:00:00,-0.01570057102045508,126390.02062487854
2022-05-08 00:00:00,-0.2330089786756453,96940.01100428184
2022-05-09 00:00:00,0.06635874554868715,103372.82852800192
2022-05-10 00:00:00,-0.3783033798665163,64266.538109496956
2022-05-11 00:00:00,-0.11997139627233477,56556.39179891139
2022-05-12 00:00:00,0.15489942284779712,65316.94424691665
2022-05-13 00:00:00,0.09509532782722463,71528.28047274974
2022-05-14 00:00:00,0.0002137654211871176,71543.57074575179
2022-05-15 00:00:00,-0.14101968609275106,61454.51885723134
2022-05-16 00:00:00,0.057720238251486755,65001.68832730122
2022-05-17 00:00:00,-0.1399885832501495,55902.194069494544
2022-05-18 00:00:00,0.07426176096102877,60053.589442680386
2022-05-19 00:00:00,-0.050907255644668914,56996.426012541866
2022-05-20 00:00:00,0.0785586865356962,61473.99037731614
2022-05-21 00:00:00,0.08813593538716313,66892.05802120236
2022-05-22 00:00:00,0.3652614152009048,91325.14579972778
2022-05-23 00:00:00,-0.04051677931539399,87624.94502141402
2022-05-24 00:00:00,-0.03824386403895841,84273.82853759386
2022-05-25 00:00:00,-0.09642752804113575,76147.51157315116
2022-05-26 00:00:00,-0.07239309581820408,70634.95747151822
2022-05-27 00:00:00,0.08468348933063696,76616.57213892753
2022-05-28 00:00:00,0.0014920718406208344,76730.88956874091
2022-05-29 00:00:00,0.31085593082254714,100583.14166847394
2022-05-30 00:00:00,0.08331071150260372,108962.79476604168
2022-05-31 00:00:00,-0.14102187431732316,93596.65721728068
2022-06-01 00:00:00,0.06262876740276391,99458.50049181798
2022-06-02 00:00:00,-0.06267492341964198,93224.94659006086
2022-06-03 00:00:00,-0.01438294760947878,91884.09706735956
2022-06-04 00:00:00,-0.09079886568563933,83541.12527909414
2022-06-05 00:00:00,0.013624236573068993,84679.30933347691
2022-06-06 00:00:00,-0.10393540326855033,75878.13116939967
2022-06-07 00:00:00,-0.17520404397816458,62583.97573901523
2022-06-08 00:00:00,0.15530388624314728,72303.51038783113
2022-06-09 00:00:00,-0.08733346297620914,65988.99444032554
2022-06-10 00:00:00,-0.07294095783653332,61175.69397917852
2022-06-11 00:00:00,-0.07666533274559029,56485.63904432239
2022-06-12 00:00:00,-0.016185552834820705,55571.3877491619
2022-06-13 00:00:00,-0.010568848851154944,54984.06215159209
2022-06-14 00:00:00,0.037564556687872175,57049.51407121505
2022-06-15 00:00:00,-0.13113732453796345,49568.19342972501
2022-06-16 00:00:00,0.04726934294003815,51911.24936387283
2022-06-17 00:00:00,-0.11790203590427395,45790.80737753777
2022-06-18 00:00:00,0.10875918188555311,50770.97812579773
2022-06-19 00:00:00,0.0007658562446009043,50809.86139643987
2022-06-20 00:00:00,0.02141386181664906,51897.896747306324
2022-06-21 00:00:00,0.04942045688798946,54462.714516083906
2022-06-22 00:00:00,0.023181319887429996,55725.23212321902
2022-06-23 00:00:00,0.056176555451529,58855.68371563836
2022-06-24 00:00:00,-0.0012154573940752478,58784.147139682835
2022-06-25 00:00:00,-0.04373519390991376,56213.21106569991
2022-06-26 00:00:00,0.005731251427247841,56535.38311185038
2022-06-27 00:00:00,-0.022172286278490216,55281.86441263031
2022-06-28 00:00:00,0.01137163112550188,55910.509382660755
2022-06-29 00:00:00,-0.09303066531397164,50709.117496748775
2022-06-30 00:00:00,-0.027438604548421508,49317.730074756044
2022-07-01 00:00:00,0.008194213950232454,49721.85010652841
2022-07-02 00:00:00,0.03393954025853385,51409.386839947714
2022-07-03 00:00:00,0.05329926372216698,54149.469306924984
2022-07-04 00:00:00,-0.03637197900639211,52179.945946086234
2022-07-05 00:00:00,0.0026410796591760377,52317.757339941345
2022-07-06 00:00:00,0.03618022449320324,54210.62554548135
2022-07-07 00:00:00,0.0028036477816864025,54362.61304553577
2022-07-08 00:00:00,0.07487073435024905,58432.781805453465
2022-07-09 00:00:00,-0.042407444997883625,55954.796824965364
2022-07-10 00:00:00,-0.08818442040552765,51020.45549804674
2022-07-11 00:00:00,-0.017993975817831354,50102.39465560014
2022-07-12 00:00:00,0.02836686100165786,51523.642320645755
2022-07-13 00:00:00,-0.007587756535209378,51132.693466909484
2022-07-14 00:00:00,0.009753578940163043,51631.42022906215
2022-07-15 00:00:00,0.0073326884978413,52010.017350303
2022-07-16 00:00:00,-0.024696073795186235,50725.574123731
2022-07-17 00:00:00,0.0955849547303631,55574.17583001951
2022-07-18 00:00:00,0.04263673973491855,57943.67750086665
2022-07-19 00:00:00,0.09303552270931048,63334.49782485949
2022-07-20 00:00:00,-0.04537843196835345,60460.477624064275
2022-07-21 00:00:00,-0.04294344651461823,57864.096336967
2022-07-22 00:00:00,-0.007956435880048462,57403.70436470497
2022-07-23 00:00:00,-0.004486833154127345,57146.14352079169
2022-07-24 00:00:00,-0.09303628439850786,51829.478659913366
2022-07-25 00:00:00,0.014654913465380615,52589.035184630186
2022-07-26 00:00:00,0.07749893543516029,56664.629427001215
2022-07-27 00:00:00,0.03785658954515281,58809.75904494739
2022-07-28 00:00:00,0.006867865641639881,59213.6565684853
2022-07-29 00:00:00,-0.017401589812548468,58183.2448055794
2022-07-30 00:00:00,0.032659056564362965,60083.45468878299
2022-07-31 00:00:00,0.10433437590192285,66352.22443576863
2022-08-01 00:00:00,-0.057615100199677194,62529.33437643035
2022-08-02 00:00:00,-0.009305405280401358,61947.47357814393
2022-08-03 00:00:00,0.01765727500021974,63041.29715468206
2022-08-04 00:00:00,0.034086194399487235,65190.1350646924
2022-08-05 00:00:00,-0.0077951178782360575,64681.97027736499
2022-08-06 00:00:00,-0.0037221547117178844,64441.213976933905
2022-08-07 00:00:00,0.00904350984898361,65023.98873021477
2022-08-08 00:00:00,-0.052850367210399485,61587.44704833804
2022-08-09 00:00:00,0.033782160583184506,63668.004074433375
2022-08-10 00:00:00,-0.017233288507728872,62570.794991507406
2022-08-11 00:00:00,0.018579789920798895,63733.347217626986
2022-08-12 00:00:00,-0.008523901519648658,63190.09044242636
2022-08-13 00:00:00,-0.0012504605000083213,63111.07373033615
2022-08-14 00:00:00,-0.033931879734565906,60969.596366599064
2022-08-15 00:00:00,-0.0052787943998346964,60647.75040273888
2022-08-16 00:00:00,-0.05281039488868444,57444.91875485987
2022-08-17 00:00:00,-0.04380011529589001,54928.824690233974
2022-08-18 00:00:00,-0.10175179067798312,49339.718418165656
2022-08-19 00:00:00,0.009334183005931473,49800.26437934194
2022-08-20 00:00:00,0.025214676896897048,51055.961955047096
2022-08-21 00:00:00,-0.019361292720451506,50067.4525305112
2022-08-22 00:00:00,0.06121133106011323,53132.14794269282
2022-08-23 00:00:00,-0.028158291345438236,51636.03744111355
2022-08-24 00:00:00,0.03121878806685352,53248.05195059979
2022-08-25 00:00:00,-0.11015820553982048,47382.34209923058
2022-08-26 00:00:00,0.0011246737681467334,47435.631776462935
2022-08-27 00:00:00,-0.03706208770101693,45677.56823141052
2022-08-28 00:00:00,0.08396354126930694,49512.81861669014
2022-08-29 00:00:00,-0.014495389645485246,48795.111018394986
2022-08-30 00:00:00,0.03217820178076747,50365.24994665985
2022-08-31 00:00:00,0.04879411050394378,52822.77751811592
2022-09-01 00:00:00,-0.02040065625777332,51745.15819138801
2022-09-02 00:00:00,-0.004766301979392984,51498.52514147639
2022-09-03 00:00:00,-0.005378317989549242,51221.549697272734
2022-09-04 00:00:00,0.04948255919329725,53756.12306214045
2022-09-05 00:00:00,-0.07589140655291904,49676.4952721228
2022-09-06 00:00:00,0.022647693359082233,50801.55330419973
2022-09-07 00:00:00,0.01860597306520062,51746.76563664803
2022-09-08 00:00:00,0.6897790844587874,87440.60226119855
2022-09-09 00:00:00,0.10790528299033442,96875.90519303846
2022-09-10 00:00:00,-0.04720898922689154,92302.49162843495
2022-09-11 00:00:00,-0.08688713586260022,84282.5924978586
2022-09-12 00:00:00,-0.046170289491077376,80391.24080317396
2022-09-13 00:00:00,-0.0814201581895726,73845.77325992352
2022-09-14 00:00:00,-0.07083613409261658,68614.82416311062
2022-09-15 00:00:00,0.03398480020063399,70946.68525309557
2022-09-16 00:00:00,0.007794006547848564,71499.64418250634
2022-09-17 00:00:00,-0.1079404176733505,63781.942725950656
2022-09-18 00:00:00,0.02902413240412094,65633.1582766207
2022-09-19 00:00:00,-0.040946396035218324,62945.71698478402
2022-09-20 00:00:00,-0.0445493349591527,60141.52715458485
2022-09-21 00:00:00,0.059917290652030664,63745.04451736311
2022-09-22 00:00:00,-0.007977453713911675,63236.5213752346
2022-09-23 00:00:00,-0.028583053133979686,61429.02852475823
2022-09-24 00:00:00,-0.008433575167453577,60910.96219523103
2022-09-25 00:00:00,0.01947573340015918,62097.24785609253
2022-09-26 00:00:00,-0.013508418747970818,61258.4122289559
2022-09-27 00:00:00,-0.008947500761109506,60710.30253891296
2022-09-28 00:00:00,0.008572061214436877,61230.714968623506
2022-09-29 00:00:00,-0.007096245502274279,60796.206782926376
2022-09-30 00:00:00,-0.0023924610667898083,60650.754225189725
2022-10-01 00:00:00,-0.014824214951831838,59751.65440756479
2022-10-02 00:00:00,0.022424735705858456,61091.56946564222
2022-10-03 00:00:00,0.02736593933767173,62763.39764968214
2022-10-04 00:00:00,-0.016385053544456296,61735.0160185601
2022-10-05 00:00:00,-0.006450614496866347,61336.7872292665
2022-10-06 00:00:00,-0.00420906893939943,61078.61646329724
2022-10-07 00:00:00,-0.007499308893645029,60620.5690516425
2022-10-08 00:00:00,-0.0019164226221748404,60504.39442174282
2022-10-09 00:00:00,-0.052013418017166524,57357.354062809194
2022-10-10 00:00:00,-0.031895182029203495,55527.93081426242
2022-10-11 00:00:00,0.021235619175232534,56707.10080662276
2022-10-12 00:00:00,-0.011850483374581167,56035.09425129318
2022-10-13 00:00:00,-0.027071931355304724,54518.116026234144
2022-10-14 00:00:00,-0.011443832377296514,53894.21984490392
2022-10-15 00:00:00,0.02704824623834723,55351.963974092505
2022-10-16 00:00:00,0.04882685923633456,58054.62652751018
2022-10-17 00:00:00,-0.043611130537625,55522.79863170587
2022-10-18 00:00:00,-0.034194302999873805,53624.23523189234
2022-10-19 00:00:00,-0.004386058463851317,53389.03620108594
2022-10-20 00:00:00,0.011740892696604277,54015.87114629801
2022-10-21 00:00:00,0.0542967313369247,56948.7563898585
2022-10-22 00:00:00,0.03756642836339674,59088.11776716265
2022-10-23 00:00:00,-0.028320834965015362,57414.692935485444
2022-10-24 00:00:00,0.03256486257015534,59284.3945204372
2022-10-25 00:00:00,0.0736461061696283,63650.459333491446
2022-10-26 00:00:00,-0.03923409179522952,61153.19136919272
2022-10-27 00:00:00,0.0001590710074759194,61162.91906895419
2022-10-28 00:00:00,0.0018451697668240286,61275.775038070926
2022-10-29 00:00:00,-0.01144490869167003,60574.47938774889
2022-10-30 00:00:00,-0.002067736855037583,60449.22730424413
2022-10-31 00:00:00,-0.019816734415345483,59251.32102114307
2022-11-01 00:00:00,-0.05634696811153428,55912.68872499844
2022-11-02 00:00:00,0.03513016285616333,57876.9105856336
2022-11-03 00:00:00,0.061585490309605584,61441.28850165505
2022-11-04 00:00:00,-0.013281250345730022,60625.27136750035
2022-11-05 00:00:00,-0.01987798183927325,59420.163324256166
2022-11-06 00:00:00,-0.018417973421889555,58325.76433542568
2022-11-07 00:00:00,-0.17784233309886455,47952.97432623903
2022-11-08 00:00:00,-0.22139922809779267,37336.222825416444
2022-11-09 00:00:00,0.16935078592605013,43659.14150441085
2022-11-10 00:00:00,-0.07233357768691573,40501.119600657505
2022-11-11 00:00:00,-0.0052412626645302884,40288.8425946229
2022-11-12 00:00:00,-0.01916650463632963,39516.646306240706
2022-11-13 00:00:00,0.0001440199819180421,39522.33749292719
2022-11-14 00:00:00,0.08265274318612525,42788.96710384547
2022-11-15 00:00:00,-0.009596644364964546,42378.3366038057
2022-11-16 00:00:00,0.04816628514447707,44419.54364861323
2022-11-17 00:00:00,-0.0017124931733701887,44343.47548335076
2022-11-18 00:00:00,0.02560365312597135,45478.83044802649
2022-11-19 00:00:00,0.11891387489814442,50886.894402437036
2022-11-20 00:00:00,-0.041319549175080295,48784.27086680842
2022-11-21 00:00:00,0.31982858275902326,64386.875079072066
2022-11-22 00:00:00,0.09523687859714802,70518.88008422739
2022-11-23 00:00:00,-0.05702489294729107,66497.54849666147
2022-11-24 00:00:00,-0.04272764564826059,63656.2648080181
2022-11-25 00:00:00,-0.007026111911139887,63209.008767631814
2022-11-26 00:00:00,0.047012596217201,66180.628374114
2022-11-27 00:00:00,-0.027398593726919773,64367.3722246994
2022-11-28 00:00:00,0.0075968369626131516,64856.360657202276
2022-11-29 00:00:00,0.027225521390094043,66622.10889155859
2022-11-30 00:00:00,-0.033469973062196456,64392.2687016114
2022-12-01 00:00:00,0.03928010767564993,66921.60394969008
2022-12-02 00:00:00,-0.008296875462473152,66366.36373597055
2022-12-03 00:00:00,0.008254985027696282,66914.21707495363
2022-12-04 00:00:00,-0.010320789946557163,66223.60949608471
2022-12-05 00:00:00,-0.011390440768510812,65469.29339464257
2022-12-06 00:00:00,-0.03664807040264362,63069.97012110438
2022-12-07 00:00:00,0.030852106082057462,65015.81152987289
2022-12-08 00:00:00,-0.004434960430915735,64727.46897835402
2022-12-09 00:00:00,-0.009912423933900572,64085.86286567218
2022-12-10 00:00:00,0.01097384180744676,64789.130986853794
2022-12-11 00:00:00,-0.047056233833884575,61740.39848924222
2022-12-12 00:00:00,-0.02003617701729299,60503.35693599356
2022-12-13 00:00:00,-0.0005619568788733931,60469.356658368444
2022-12-14 00:00:00,-0.03130629396077733,58576.285203202475
2022-12-15 00:00:00,-0.14195570263354673,50261.04747951884
2022-12-16 00:00:00,0.06544145958288805,53550.20378674339
2022-12-17 00:00:00,-0.003918464681433309,53340.36920452148
2022-12-18 00:00:00,-0.07336714465358019,49426.938621217974
2022-12-19 00:00:00,0.039651075870613006,51386.76991454002
2022-12-20 00:00:00,-0.029585917119837712,49866.445198792266
2022-12-21 00:00:00,0.021546903357990255,50940.91267429716
2022-12-22 00:00:00,-0.013306343609693183,50263.07538646158
2022-12-23 00:00:00,0.003918740192488279,50460.04332017658
2022-12-24 00:00:00,-0.0008274860340704571,50418.28833905054
2022-12-25 00:00:00,0.021220155350200054,51488.17225009637
2022-12-26 00:00:00,-0.01954177041825167,50482.002208729595
2022-12-27 00:00:00,-0.01845592722537559,49550.31004977403
2022-12-28 00:00:00,-0.025143256890100774,48304.45387520842
2022-12-29 00:00:00,-0.018168210870729062,47426.84837120822
2022-12-30 00:00:00,-0.006655924667862356,47111.17884121533
2022-12-31 00:00:00,0.004436851761863592,47320.20415806045
2023-01-01 00:00:00,0.030373905751875485,48757.503579316886
2023-01-02 00:00:00,0.019211961232578068,49694.23084788001
2023-01-03 00:00:00,0.007428056903156399,50063.36242237665
2023-01-04 00:00:00,-0.005588664094134832,49783.57510637506
2023-01-05 00:00:00,0.00745722734313925,50154.82254389754
2023-01-06 00:00:00,0.00023850208172215837,50166.78457348267
2023-01-07 00:00:00,0.03848290995924741,52097.34842716897
2023-01-08 00:00:00,0.07168808541481031,55832.10759110099
2023-01-09 00:00:00,0.014330586092778264,56632.21441567652
2023-01-10 00:00:00,0.005001495720498017,56915.460193718856
2023-01-11 00:00:00,0.012236787434977803,57611.92258187333
2023-01-12 00:00:00,0.10398133938765919,63602.48745663465
2023-01-13 00:00:00,0.18210726695227697,75184.96261872887
2023-01-14 00:00:00,-0.053117815718042416,71191.30162957932
2023-01-15 00:00:00,0.027503133998321827,73149.28553781258
2023-01-16 00:00:00,-0.03480024293770967,70603.67263037681
2023-01-17 00:00:00,-0.07292197153236957,65455.11362474373
2023-01-18 00:00:00,0.0601441574899888,69391.85628711543
2023-01-19 00:00:00,0.06378773884777322,73818.20589412015
2023-01-20 00:00:00,-0.037025536915349266,71085.04718676256
2023-01-21 00:00:00,-0.012639755814615072,70186.5495482515
2023-01-22 00:00:00,0.03185995342246595,72422.68974774239
2023-01-23 00:00:00,-0.054093757587638125,68505.07432468329
2023-01-24 00:00:00,0.0328263900585386,70753.84861545452
2023-01-25 00:00:00,-0.007628037322947034,70214.13561747369
2023-01-26 00:00:00,0.0180261107679609,71479.8234035909
2023-01-27 00:00:00,-0.007920647518600221,70913.65691771926
2023-01-28 00:00:00,0.05538727599478399,74841.37120522039
2023-01-29 00:00:00,-0.03567189328064957,72171.63779861029
2023-01-30 00:00:00,-0.0004486769015373815,72139.25605178393
2023-01-31 00:00:00,0.01357444459093049,73118.50638588982
2023-02-01 00:00:00,0.003798804754047147,73396.26931555737
2023-02-02 00:00:00,0.02902921759867194,75526.90558844942
2023-02-03 00:00:00,-0.0032825031322181175,75278.98828428859
2023-02-04 00:00:00,0.038614836317399925,78185.87409502585
2023-02-05 00:00:00,0.02213817189326317,79916.76641536657
2023-02-06 00:00:00,0.05482113959664048,84297.8946231355
2023-02-07 00:00:00,0.048195411540327804,88360.66634648069
2023-02-08 00:00:00,-0.17513217687452098,72885.8704991383
2023-02-09 00:00:00,0.049382716049382935,76485.17274600934
2023-02-10 00:00:00,0.0192946347899845,77960.92622099246
2023-02-11 00:00:00,-0.028985651985935168,75701.17794504961
2023-02-12 00:00:00,-0.020234234056606515,74169.42259214866
2023-02-13 00:00:00,0.03385615516255336,76680.51407174543
2023-02-14 00:00:00,0.04070330723766702,79801.66459514994
2023-02-15 00:00:00,-0.039476406724343716,76651.38162631214
2023-02-16 00:00:00,0.0388393596065002,79628.47220163156
2023-02-17 00:00:00,0.01939329379235577,81172.73055727423
2023-02-18 00:00:00,0.001849321728310871,81322.84505164012
2023-02-19 00:00:00,0.05189732054135021,85543.28280861964
2023-02-20 00:00:00,-0.030043155690931744,82973.29264488687
2023-02-21 00:00:00,-0.016942134328881808,81567.54797518757
2023-02-22 00:00:00,-0.04875211967178017,77590.95711496755
2023-02-23 00:00:00,0.017784532459490743,78970.87601034164
2023-02-24 00:00:00,-0.05472289259681706,74649.36124415117
2023-02-25 00:00:00,0.0069065699299606376,75164.93227781079
2023-02-26 00:00:00,-0.05635249853217961,70929.20054195408
2023-02-27 00:00:00,-0.050027126503753294,67380.81645363166
2023-02-28 00:00:00,0.03174410135799155,69519.75992071997
2023-03-01 00:00:00,-0.028605981878514708,67531.07892822915
2023-03-02 00:00:00,-0.09155014152926544,61348.599094725774
2023-03-03 00:00:00,-0.04304082900015771,58708.10453169045
2023-03-04 00:00:00,0.0010910301355107066,58772.15684293323
2023-03-05 00:00:00,0.005945736406957947,59121.600595589705
2023-03-06 00:00:00,0.007816510347655514,59583.725198415086
2023-03-07 00:00:00,-0.04942165939863585,56638.9986259571
2023-03-08 00:00:00,-0.06153935830888846,53153.47099525769
2023-03-09 00:00:00,-0.05400900302459488,50282.7050195071
2023-03-10 00:00:00,0.002710797327499792,50419.01124189344
2023-03-11 00:00:00,0.051916312824807465,53036.58040184506
2023-03-12 00:00:00,0.03693278858732918,54995.36921322129
2023-03-13 00:00:00,0.02299978117542012,56260.250670786816
2023-03-14 00:00:00,-0.03654752928730731,54204.07751168498
2023-03-15 00:00:00,-0.007400552640219216,53802.93738274524
2023-03-16 00:00:00,0.05610805838233612,56821.71573455748
2023-03-17 00:00:00,-0.006028303212149977,56479.17720307498
2023-03-18 00:00:00,0.00806367083761006,56934.60669721963
2023-03-19 00:00:00,-0.056098672502047475,53740.65084207943
2023-03-20 00:00:00,0.03354392319416366,55543.32310633051
2023-03-21 00:00:00,-0.05733281256815348,52358.86817326287
2023-03-22 00:00:00,0.030669105420442655,53964.667820963725
2023-03-23 00:00:00,0.013939689917605635,54716.91855689455
2023-03-24 00:00:00,-0.03168031920750136,52983.469110961276
2023-03-25 00:00:00,0.0017803078844178533,53077.79599876333
2023-03-26 00:00:00,-0.04236766172066386,50829.013893009316
2023-03-27 00:00:00,0.015475555118302564,51615.62109911955
2023-03-28 00:00:00,0.026631391523309622,52990.216913329
2023-03-29 00:00:00,0.02102958790825138,54104.57933818516
2023-03-30 00:00:00,-0.027387381905442543,52622.79656101697
2023-03-31 00:00:00,0.000381157136535748,52642.85411547067
2023-04-01 00:00:00,0.02277507734920925,53841.799189833655
2023-04-02 00:00:00,-0.032101210925579826,52113.41223742809
2023-04-03 00:00:00,0.022281722754702527,53274.58884070399
2023-04-04 00:00:00,0.030772931880221677,54914.00413404579
2023-04-05 00:00:00,-0.021575759770114056,53729.19277283457
2023-04-06 00:00:00,-0.006879125947865994,53359.58288867307
2023-04-07 00:00:00,0.07818031242272849,57531.251749656
2023-04-08 00:00:00,-0.04276385682344186,55070.993536960326
2023-04-09 00:00:00,-0.028712145507857056,53489.787157264866
