_id,日期,开盘,收盘,最高,最低,成交量,成交额,振幅,涨跌幅,涨跌额,换手率,代码,昨日成交额,开盘收盘幅,SMA121开盘比值,SMA121昨日成交额比值,未来60日最高开盘价,未来60日最低开盘价,未来60日最高开盘价日期,未来60日最低开盘价日期,1日后总涨跌幅（未来函数）,10日最高开盘价比值,10日最低开盘价比值,2日后总涨跌幅（未来函数）,20日最高开盘价比值,20日最低开盘价比值,3日后总涨跌幅（未来函数）,30日最高开盘价比值,30日最低开盘价比值,4日后总涨跌幅（未来函数）,40日最高开盘价比值,40日最低开盘价比值,5日后总涨跌幅（未来函数）,50日最高开盘价比值,50日最低开盘价比值,6日后总涨跌幅（未来函数）,60日最高开盘价比值,60日最低开盘价比值,7日后总涨跌幅（未来函数）,70日最高开盘价比值,70日最低开盘价比值,8日后总涨跌幅（未来函数）,80日最高开盘价比值,80日最低开盘价比值,9日后总涨跌幅（未来函数）,90日最高开盘价比值,90日最低开盘价比值,10日后总涨跌幅（未来函数）,100日最高开盘价比值,100日最低开盘价比值,11日后总涨跌幅（未来函数）,110日最高开盘价比值,110日最低开盘价比值,12日后总涨跌幅（未来函数）,120日最高开盘价比值,120日最低开盘价比值,13日后总涨跌幅（未来函数）,130日最高开盘价比值,130日最低开盘价比值,14日后总涨跌幅（未来函数）,140日最高开盘价比值,140日最低开盘价比值,15日后总涨跌幅（未来函数）,150日最高开盘价比值,150日最低开盘价比值,16日后总涨跌幅（未来函数）,160日最高开盘价比值,160日最低开盘价比值
643f5dc3556c64e882e26394,2020-12-14,13.08,13.38,13.56,13.01,160727,214343911.0,4.23,2.92307692307694,0.38,2.5,603718.0,230054904.0,0.6153846153846176,0.4996085660891965,0.5035876749297968,14.45,10.24,29.0,34.0,-0.5979073243647215,0.8861788617886179,1.0,-2.3168908819133027,0.7143637356635719,1.0,-0.5231689088191382,0.6358774914924648,1.0,0.2989536621823552,0.5498108448928122,1.0,-0.1494768310911887,0.5232,1.0,-2.092675635276542,,,-1.644245142002998,,,-4.7085201793722,,,-6.427503736920781,,,-6.950672645739919,,,-9.566517189835588,,,-5.904334828101653,,,-5.754857997010476,,,-0.5979073243647215,,,-4.857997010463377,,,-3.4379671150971625,,
643f5bd3556c64e882d5ec17,2020-12-25,19.56,19.59,19.7,19.09,50843,98856587.0,3.12,0.2558853633572111,0.05,3.95,600593.0,110116394.0,0.1023541453428755,0.4989943201224519,1.7727268688999571,26.64,18.46,50.0,5.0,-3.6242981112812656,0.8578947368421052,1.027850761954808,-5.155691679428287,0.4635071090047393,1.027850761954808,-3.93057682491067,0.4448487605185353,1.027850761954808,-4.543134252169478,0.4448487605185353,1.027850761954808,-5.819295558958659,0.442834503056373,1.027850761954808,-3.1138335885655954,0.442834503056373,1.027850761954808,-3.879530372639106,,,-4.798366513527319,,,-3.011740684022457,,,-3.062787136294032,,,-1.1740684022460424,,,-2.2460438999489574,,,1.8887187340479892,,,4.900459418070446,,,3.420112302195011,,,1.939765186319553,,
643f5dc3556c64e882e2639e,2020-12-28,12.58,12.45,12.81,12.37,123435,155611277.0,3.51,-0.5591054313099031,-0.07,1.92,603718.0,219424870.0,0.4792332268370725,0.4886173955471098,0.4921863138113238,18.58,10.24,56.0,24.0,-2.8112449799196804,0.9367088607594936,1.0,1.1244979919678766,0.8523035230352304,1.0,1.2851405622489986,0.6870562534134353,1.0,6.8273092369478094,0.6115702479338843,1.0,2.248995983935753,0.5287936107608239,1.0,3.775100401606424,0.5032,1.0,-4.1767068273092285,,,-2.008032128514059,,,-7.79116465863453,,,-10.120481927710845,,,-13.654618473895574,,,-16.70682730923695,,,-13.734939759036136,,,-11.807228915662638,,,-11.084337349397588,,,-10.441767068273087,,
643f5dc3556c64e882e2639f,2020-12-29,12.45,12.1,12.58,12.08,136215,167762795.0,4.02,-2.8112449799196804,-0.35,2.12,603718.0,155611277.0,0.0,0.4846446357564761,0.350283244125591,18.58,10.24,55.0,23.0,4.049586776859515,0.9270290394638868,1.0,4.214876033057857,0.8434959349593496,1.0,9.917355371900838,0.6851953769950466,1.0,5.206611570247932,0.6052503646086533,1.0,6.776859504132227,0.5233291298865069,1.0,-1.4049586776859524,0.5200501253132831,1.0,0.8264462809917328,,,-5.1239669421487495,,,-7.520661157024799,,,-11.157024793388429,,,-14.297520661157026,,,-11.239669421487598,,,-9.256198347107436,,,-8.512396694214875,,,-7.851239669421483,,,-6.776859504132238,,
643f5bd3556c64e882d5ec1a,2020-12-30,18.6,18.82,19.49,18.41,59106,111911603.0,5.81,1.2917115177610403,0.24,4.59,600593.0,88077688.0,0.1076426264801089,0.4811812094312023,1.3851790910708777,26.64,18.46,47.0,2.0,-0.6376195536663132,0.911764705882353,1.0,-1.965993623804474,0.6066536203522506,1.0,0.8501594048884176,0.4230156925176257,1.0,0.0531349628055233,0.4230156925176257,1.0,-0.903294367693952,0.42110029431741,1.0,0.9564293304994642,0.42110029431741,1.0,0.9032943676939408,,,2.8692879914983926,,,1.7534537725823585,,,6.05738575982997,,,9.192348565356,,,7.651434643995758,,,6.110520722635493,,,2.6567481402763,,,1.0626992561105109,,,0.9564293304994642,,
643f5e27556c64e882e58fd9,2021-01-04,9.73,9.36,9.76,9.34,333223,444517968.0,4.38,-2.398331595411896,-0.23,10.41,603222.0,764735632.0,1.4598540145985384,0.3928007820449937,9.05019385052065,14.94,6.11,40.0,25.0,-3.525641025641024,0.4984631147540984,1.0462365591397849,-7.905982905982912,0.3229339528708928,1.0462365591397849,-13.888888888888872,0.3212281280950809,1.0462365591397849,-16.23931623931624,0.3212281280950809,1.0462365591397849,-15.49145299145298,0.3212281280950809,1.0462365591397849,-20.512820512820507,0.3212281280950809,1.0462365591397849,-20.940170940170933,,,-23.39743589743589,,,-20.619658119658112,,,-18.696581196581185,,,-19.23076923076923,,,-19.87179487179487,,,-19.337606837606835,,,-22.00854700854701,,,-23.931623931623925,,,-24.57264957264957,,
643f5e27556c64e882e58fda,2021-01-05,9.4,9.03,9.48,8.99,327324,423406928.0,5.24,-3.525641025641024,-0.33,10.23,603222.0,444517968.0,0.427350427350448,0.3814538442189983,5.094417839907042,14.94,6.11,39.0,24.0,-4.540420819490587,0.5353075170842825,1.010752688172043,-10.741971207087476,0.3119814138732161,1.010752688172043,-13.1782945736434,0.3103334433806537,1.010752688172043,-12.403100775193789,0.3103334433806537,1.010752688172043,-17.607973421926904,0.3103334433806537,1.010752688172043,-18.05094130675525,0.3103334433806537,1.010752688172043,-20.598006644518264,,,-17.718715393133998,,,-15.72535991140641,,,-16.279069767441857,,,-16.943521594684373,,,-16.38981173864894,,,-19.15836101882613,,,-21.151716500553707,,,-21.81616832779624,,,-23.477297895902534,,
643f5bd3556c64e882d5ec1d,2021-01-05,18.46,18.98,19.26,18.41,70773,133527110.0,4.61,2.872628726287263,0.53,5.49,600593.0,72232884.0,0.0542005420054225,0.4841048981361068,1.1130460013009955,26.64,18.7,44.0,2.0,-0.7903055848261453,0.9318525996971228,1.0,-1.7386722866175042,0.7534693877551021,1.0,0.1053740779768164,0.4334350786569617,1.0,0.0526870389883971,0.4198317034341597,1.0,2.002107481559534,0.4198317034341597,1.0,0.8956796628029506,0.4179307222096445,1.0,5.163329820864071,,,8.271865121180188,,,6.743940990516339,,,5.216016859852468,,,1.7913593256059013,,,0.2107481559536328,,,0.1053740779768164,,,5.163329820864071,,,6.69125395152792,,,5.7955742887249695,,
643f5e27556c64e882e58fdb,2021-01-06,9.06,8.62,9.08,8.54,284142,348450512.0,5.98,-4.540420819490587,-0.41,8.88,603222.0,423406928.0,0.3322259136212757,0.3696737121815012,4.739009697588336,14.94,6.11,38.0,23.0,-6.496519721577709,0.5734177215189874,1.0,-9.048723897911826,0.3006969797543976,1.0,-8.236658932714603,0.2991086167051832,1.0,-13.689095127610196,0.2991086167051832,1.0,-14.153132250580036,0.2991086167051832,1.0,-16.82134570765661,0.2991086167051832,1.0,-13.805104408352664,,,-11.716937354988389,,,-12.296983758700698,,,-12.99303944315544,,,-12.412993039443156,,,-15.313225058004631,,,-17.401392111368896,,,-18.097447795823665,,,-19.837587006960543,,,-11.716937354988389,,
643f5bd3556c64e882d5ec20,2021-01-08,18.7,19.0,19.21,18.55,46032,87009785.0,3.54,1.8766756032171596,0.35,3.57,600593.0,87500605.0,0.2680965147453085,0.4974224254481895,1.3218608519991235,26.64,18.93,41.0,0.0,-0.0526315789473819,0.9560327198364008,1.0130010834236185,1.89473684210526,0.8201754385964912,1.0130010834236185,0.7894736842105177,0.442080378250591,1.0130010834236185,5.052631578947375,0.4252899704343871,1.0130010834236185,8.15789473684212,0.4252899704343871,1.0130010834236185,6.631578947368433,0.4233642743943853,1.0130010834236185,5.105263157894724,,,1.6842105263157992,,,0.1052631578947416,,,0.0,,,5.052631578947375,,,6.578947368421062,,,5.6842105263157805,,,4.315789473684206,,,5.789473684210544,,,0.8421052631578885,,
643f5e27556c64e882e58fdd,2021-01-08,8.11,7.84,8.11,7.69,239777,267542584.0,5.21,-2.7295285359801524,-0.22,7.49,603222.0,375032160.0,0.6203473945409321,0.3346884901483959,4.034794750533722,14.94,6.11,36.0,21.0,0.8928571428571397,0.63408913213448,1.0,-5.102040816326525,0.2722390063779791,1.0,-5.612244897959173,0.2677451304060746,1.0,-8.545918367346939,0.2677451304060746,1.0,-5.229591836734693,0.2677451304060746,1.0,-2.933673469387754,0.2677451304060746,1.0,-3.57142857142857,,,-4.336734693877553,,,-3.6989795918367374,,,-6.887755102040815,,,-9.183673469387754,,,-9.948979591836736,,,-11.862244897959185,,,-2.933673469387754,,,-8.673469387755095,,,-12.117346938775508,,
643f5e11556c64e882e4b65f,2021-01-08,19.36,18.91,19.47,18.72,32226,62378347.0,3.9,-1.7151767151767028,-0.33,3.04,603655.0,101595655.0,0.6237006237006293,0.4761958969938927,0.7676318926908655,28.77,14.45,36.0,21.0,-3.754627181385517,0.8708951866846604,1.0,-4.759386567953461,0.6185303514376996,1.0,-8.672659968270757,0.2990885215510582,1.0,-11.210999471179273,0.2898203592814371,1.0,-2.2210470650449565,0.2898203592814371,1.0,-3.437334743521936,0.2898203592814371,1.0,-3.120042305658377,,,-3.754627181385517,,,-3.278688524590168,,,-4.442094130089902,,,-9.994711792702285,,,-9.360126916975142,,,-10.31200423056583,,,-10.100475938656794,,,-12.63881544156531,,,-15.335801163405591,,
643f5dc3556c64e882e263a6,2021-01-08,11.96,12.2,12.64,11.69,135524,165641600.0,7.96,2.2632020117351104,0.27,2.1,603718.0,209176452.0,0.2514668901927974,0.4818967383160454,0.4949468482658514,18.58,10.24,48.0,16.0,-5.901639344262288,0.8965517241379312,1.0,-8.27868852459016,0.8905435591958303,1.0,-11.88524590163934,0.7894389438943895,1.0,-15.000000000000002,0.6375266524520256,1.0,-11.967213114754092,0.5562790697674419,1.0,-9.999999999999986,0.5008375209380235,1.0,-9.26229508196721,,,-8.606557377049173,,,-7.540983606557372,,,1.7213114754098369,,,11.885245901639353,,,0.7377049180327777,,,-9.34426229508196,,,-8.52459016393442,,,-12.295081967213118,,,-17.131147540983605,,
643f5dc3556c64e882e263a7,2021-01-11,12.2,11.48,12.25,11.46,125667,147580580.0,6.48,-5.901639344262288,-0.72,1.95,603718.0,165641600.0,0.0,0.4952278712447791,0.3982258866569576,18.58,10.24,47.0,15.0,-2.526132404181192,0.914542728635682,1.0200668896321068,-6.358885017421612,0.9084139985107968,1.0200668896321068,-9.668989547038343,0.8265582655826558,1.0200668896321068,-6.445993031358888,0.650319829424307,1.0200668896321068,-4.355400696864109,0.5865384615384615,1.0200668896321068,-3.57142857142857,0.5108877721943048,1.0200668896321068,-2.8745644599303177,0.488,1.0200668896321068,-1.7421602787456525,,,8.101045296167243,,,18.90243902439024,,,7.0557491289198415,,,-3.658536585365857,,,-2.7874564459930307,,,-6.794425087108024,,,-11.933797909407671,,,-3.135888501742168,,
643f5e11556c64e882e4b660,2021-01-11,19.15,18.2,19.15,17.91,46082,85893290.0,6.56,-3.754627181385517,-0.71,4.35,603655.0,62378347.0,1.2691697514542577,0.4719496348075451,0.47872187858005,28.77,14.45,35.0,20.0,-1.0439560439560291,0.8614484930274403,1.0,-5.109890109890114,0.6118210862619807,1.0,-7.7472527472527535,0.2958442762243163,1.0,1.5934065934065875,0.2866766467065868,1.0,0.3296703296703507,0.2866766467065868,1.0,0.659340659340657,0.2866766467065868,1.0,0.0,0.2866766467065868,1.0,0.4945054945054927,,,-0.7142857142857117,,,-6.483516483516483,,,-5.824175824175814,,,-6.8131868131868,,,-6.593406593406592,,,-9.230769230769232,,,-12.032967032967024,,,-10.329670329670328,,
643f5d9f556c64e882e1624f,2021-01-13,3.37,3.25,3.45,3.21,422851,141255697.0,7.21,-2.402402402402404,-0.08,13.69,7.0,142797362.0,1.2012012012011963,0.3890118486577245,2.554268224227618,4.71,2.49,40.0,19.0,-4.307692307692312,0.3882488479262673,1.0,-0.3076923076922977,0.3882488479262673,1.0,1.846153846153853,0.3585106382978723,1.0,4.923076923076919,0.3547368421052632,1.0,1.846153846153853,0.3492227979274611,1.0,2.7692307692307683,0.3492227979274611,1.0,-1.846153846153853,0.3492227979274611,1.0,-7.384615384615389,,,-4.61538461538461,,,-7.692307692307687,,,-11.384615384615394,,,-18.76923076923076,,,-16.3076923076923,,,-20.92307692307693,,,-15.076923076923087,,,-20.307692307692317,,
643f5dc3556c64e882e263a9,2021-01-13,11.19,10.75,11.3,10.7,120876,131821385.0,5.36,-3.932082216264521,-0.44,1.88,603718.0,122724202.0,0.0,0.4614778989989878,0.3023569462379116,18.58,10.24,45.0,13.0,-3.534883720930237,0.8388305847076462,1.0,-0.0930232558139509,0.8332092330603127,1.0,2.13953488372094,0.7581300813008129,1.0,2.9767441860465205,0.6158503026967528,1.0,3.720930232558151,0.5439961108410306,1.0,4.930232558139536,0.4703656998738966,1.0,15.441860465116283,0.4674185463659147,1.0,26.97674418604652,,,14.32558139534883,,,2.883720930232569,,,3.8139534883721016,,,-0.4651162790697771,,,-5.95348837209303,,,3.4418604651162754,,,6.418604651162796,,,4.837209302325585,,
643f5dc3556c64e882e263aa,2021-01-14,10.75,10.37,10.78,10.3,107686,112866677.0,4.47,-3.534883720930237,-0.38,1.67,603718.0,131821385.0,0.0,0.4469639439349321,0.330782682961996,18.58,10.24,44.0,12.0,3.567984570877547,0.8058470764617691,1.0,5.882352941176472,0.8004467609828742,1.0,6.750241080038588,0.728319783197832,1.0,7.521697203471556,0.5916345624656025,1.0,8.775313404050156,0.5226057365094798,1.0,19.672131147540984,0.4675946063505872,1.0,31.62970106075218,0.4490392648287385,1.0,18.51494696239151,,,6.653809064609462,,,7.618129218900682,,,3.182256509161041,,,-2.507232401157178,,,7.232401157184176,,,10.318225650916112,,,8.67888138862103,,,6.075216972034725,,
643f5d9f556c64e882e16251,2021-01-15,3.12,3.24,3.38,3.08,372272,119527975.0,9.65,4.180064308681675,0.13,12.05,7.0,122734849.0,0.3215434083601254,0.3639483654522844,2.1289856463306887,4.71,2.49,38.0,17.0,2.160493827160481,0.4976076555023924,1.0,5.246913580246915,0.3594470046082949,1.0,2.160493827160481,0.3594470046082949,1.0,3.0864197530864117,0.3284210526315789,1.0,-1.5432098765432167,0.3284210526315789,1.0,-7.098765432098775,0.3233160621761658,1.0,-4.320987654320996,0.3233160621761658,1.0,-7.407407407407418,,,-11.111111111111116,,,-18.518518518518523,,,-16.049382716049386,,,-20.679012345679027,,,-14.814814814814826,,,-20.06172839506174,,,-20.679012345679027,,,-20.98765432098766,,
643f5e27556c64e882e58fe2,2021-01-15,7.18,7.43,7.56,7.14,220438,229621690.0,5.86,3.6262203626220346,0.26,6.89,603222.0,202051299.0,0.1394700139470073,0.3052528020800388,2.0157487551562867,14.94,6.11,31.0,16.0,2.422611036339184,0.73792394655704,1.0,1.749663526244949,0.3308755760368663,1.0,0.9421265141319024,0.2370419280290525,1.0,1.6150740242261152,0.2370419280290525,1.0,-1.749663526244949,0.2370419280290525,1.0,-4.172274562584111,0.2370419280290525,1.0,-4.979811574697179,0.2370419280290525,1.0,-6.998654104979806,,,2.422611036339184,,,-3.633916554508743,,,-7.267833109017497,,,-8.344549125168243,,,-11.036339165545083,,,-14.804845222072672,,,-14.535666218034994,,,-17.227456258411834,,
643f5dc3556c64e882e263ab,2021-01-15,10.41,10.74,11.07,10.34,149958,160899074.0,7.04,3.567984570877547,0.37,2.33,603718.0,112866677.0,0.385728061716506,0.4365914526359572,0.2869100523785109,18.58,10.24,43.0,11.0,2.234636871508377,0.7803598200899551,1.0,3.0726256983240274,0.7751303052866717,1.0,3.817504655493487,0.7057627118644068,1.0,5.027932960893855,0.5729223995597138,1.0,15.549348230912477,0.5073099415204678,1.0,27.0949720670391,0.4695534506089309,1.0,14.432029795158275,0.4348370927318296,1.0,2.9795158286778367,,,3.910614525139655,,,-0.3724394785847407,,,-5.865921787709505,,,3.5381750465549144,,,6.517690875232773,,,4.934823091247664,,,2.4208566108007368,,,6.703910614525155,,
643f5e11556c64e882e4b665,2021-01-18,18.59,18.26,18.94,17.94,62235,116004785.0,5.41,-1.2439156300702914,-0.23,5.87,603655.0,99376960.0,0.5408328826392639,0.4625985345017279,0.776847568765297,28.77,14.45,30.0,15.0,0.3285870755750153,0.8578680203045684,1.1105137395459976,-0.3285870755750375,0.6910780669144981,1.1105137395459976,0.1642935377875076,0.5051630434782609,1.1105137395459976,-1.04052573932093,0.2871929553530047,1.1105137395459976,-6.790799561883909,0.2782934131736527,1.1105137395459976,-6.1336254107338455,0.2782934131736527,1.1105137395459976,-7.119386637458936,0.2782934131736527,1.1105137395459976,-6.900328587075588,,,-9.5290251916758,,,-12.32201533406353,,,-10.624315443592558,,,-12.650602409638568,,,-15.772179627601313,,,-18.291347207009867,,,-20.92004381161009,,,-20.481927710843383,,
643f5d9f556c64e882e16252,2021-01-18,3.28,3.31,3.43,3.21,305287,101558658.0,6.79,2.160493827160481,0.07,9.88,7.0,119527975.0,1.2345679012345512,0.3846146391572745,2.0438103999750634,4.71,2.49,37.0,16.0,3.021148036253773,0.5815602836879432,1.051282051282051,0.0,0.3778801843317972,1.051282051282051,0.9063444108761364,0.3778801843317972,1.051282051282051,-3.625377643504535,0.3452631578947368,1.051282051282051,-9.063444108761342,0.3452631578947368,1.051282051282051,-6.344410876132933,0.3398963730569947,1.051282051282051,-9.365558912386708,0.3398963730569947,1.051282051282051,-12.990936555891242,,,-20.241691842900305,,,-17.824773413897276,,,-22.35649546827795,,,-16.616314199395777,,,-21.7522658610272,,,-22.35649546827795,,,-22.658610271903324,,,-23.867069486404837,,
643f5e27556c64e882e58fe3,2021-01-18,7.43,7.61,7.84,7.37,207595,223571992.0,6.33,2.422611036339184,0.18,6.49,603222.0,229621690.0,0.0,0.317831183890491,2.2606690881403706,14.94,6.11,30.0,15.0,-0.6570302233902869,0.7904255319148935,1.0348189415041782,-1.4454664914586135,0.3806352459016393,1.0348189415041782,-0.7884362680683377,0.2465980750082974,1.0348189415041782,-4.073587385019717,0.2452954770551337,1.0348189415041782,-6.438896189224708,0.2452954770551337,1.0348189415041782,-7.227332457293045,0.2452954770551337,1.0348189415041782,-9.198423127463862,0.2452954770551337,1.0348189415041782,0.0,,,-5.9132720105124825,,,-9.461235216819986,,,-10.512483574244424,,,-13.140604467805517,,,-16.81997371879107,,,-16.557161629434958,,,-19.18528252299606,,,-18.65965834428384,,
643f5dc3556c64e882e263ac,2021-01-18,10.76,10.98,11.15,10.73,91415,100143346.0,3.91,2.234636871508377,0.24,1.42,603718.0,160899074.0,0.1862197392923592,0.4558890985934234,0.4121105924337942,18.58,10.24,42.0,10.0,0.8196721311475308,0.8065967016491754,1.0336215177713737,1.5482695810564715,0.8011913626209978,1.0336215177713737,2.7322404371584508,0.7390109890109889,1.0336215177713737,13.023679417122036,0.661339889366933,1.0336215177713737,24.316939890710376,0.5243664717348928,1.0336215177713737,11.930783242258649,0.4979176307265155,1.0336215177713737,0.7285974499089187,0.4494569757727652,1.0336215177713737,1.6393442622950838,,,-2.550091074681249,,,-7.923497267759572,,,1.275045537340613,,,4.18943533697631,,,2.6411657559198387,,,0.1821493624772241,,,4.371584699453557,,,1.730418943533696,,
643f5d9f556c64e882e16253,2021-01-19,3.35,3.41,3.43,3.23,288564,96824924.0,6.04,3.021148036253773,0.1,9.34,7.0,101558658.0,1.2084592145015227,0.3948586068168757,1.719398306750894,4.71,2.49,36.0,15.0,-2.9325513196480912,0.6320754716981133,1.073717948717949,-2.052785923753675,0.3859447004608295,1.073717948717949,-6.451612903225811,0.3859447004608295,1.073717948717949,-11.730205278592386,0.3526315789473684,1.073717948717949,-9.090909090909092,0.3526315789473684,1.073717948717949,-12.023460410557185,0.3471502590673575,1.073717948717949,-15.542521994134905,0.3471502590673575,1.073717948717949,-22.580645161290324,,,-20.23460410557184,,,-24.633431085044,,,-19.06158357771261,,,-24.04692082111438,,,-24.633431085044,,,-24.9266862170088,,,-26.099706744868037,,,-26.099706744868037,,
643f5e11556c64e882e4b667,2021-01-20,18.32,18.2,18.55,17.95,30906,56954093.0,3.28,-0.6550218340611424,-0.12,2.92,603655.0,80742084.0,0.0,0.4575972387939535,0.6310153278119341,28.77,14.45,28.0,13.0,0.4945054945054927,0.8993618065783014,1.0943847072879331,-0.7142857142857117,0.7567121024370095,1.0943847072879331,-6.483516483516483,0.5853035143769968,1.0943847072879331,-5.824175824175814,0.2830217827900509,1.0943847072879331,-6.8131868131868,0.274251497005988,1.0943847072879331,-6.593406593406592,0.274251497005988,1.0943847072879331,-9.230769230769232,0.274251497005988,1.0943847072879331,-12.032967032967024,,,-10.329670329670328,,,-12.362637362637363,,,-15.494505494505484,,,-18.021978021978025,,,-20.659340659340664,,,-20.219780219780212,,,-19.890109890109887,,,-11.75824175824176,,
643f5dc3556c64e882e263ae,2021-01-20,11.07,11.15,11.25,10.9,87959,97555216.0,3.16,0.7226738934056121,0.08,1.37,603718.0,95004637.0,0.0,0.4788746996911109,0.2542703538535553,18.58,10.24,40.0,8.0,1.1659192825111964,0.8614785992217899,1.063400576368876,11.30044843049327,0.8298350824587707,1.063400576368876,22.42152466367713,0.7981254506128335,1.063400576368876,10.22421524663677,0.7010766307789741,1.063400576368876,-0.8071748878923701,0.5691516709511568,1.063400576368876,0.0896860986547176,0.5122628412771865,1.063400576368876,-4.035874439461895,0.462406015037594,1.063400576368876,-9.327354260089692,,,-0.2690582959641308,,,2.6008968609865457,,,1.076233183856501,,,-1.3452914798206317,,,2.780269058295959,,,0.1793721973094131,,,4.394618834080721,,,5.470852017937222,,
643f5e11556c64e882e4b668,2021-01-21,18.39,18.29,19.1,18.28,38669,72827483.0,4.51,0.4945054945054927,0.09,3.65,603655.0,56954093.0,1.0439560439560402,0.4601569156195969,0.4454854067459997,28.77,14.45,27.0,12.0,-1.2028430836522608,0.949896694214876,1.0985663082437278,-6.943685073810824,0.7596034696406444,1.0985663082437278,-6.287588846364123,0.5875399361022364,1.0985663082437278,-7.271733187534157,0.2841031978989649,1.0985663082437278,-7.053034445051932,0.2752994011976048,1.0985663082437278,-9.677419354838712,0.2752994011976048,1.0985663082437278,-12.465828321487136,0.2752994011976048,1.0985663082437278,-10.770913067249854,,,-12.793876435210494,,,-15.910333515582275,,,-18.425369054127938,,,-21.049753963914707,,,-20.612356478950243,,,-20.2843083652269,,,-12.192454893384364,,,-3.2804811372334486,,
643f5dc3556c64e882e263af,2021-01-21,11.2,11.28,11.6,11.1,117872,133520544.0,4.48,1.1659192825111964,0.13,1.83,603718.0,97555216.0,0.4484304932735439,0.4901141743247006,0.2676474472194066,18.58,10.24,39.0,7.0,10.017730496453916,0.918032786885246,1.0758885686839577,21.010638297872354,0.8395802098950524,1.0758885686839577,8.953900709219864,0.8327137546468402,1.0758885686839577,-1.9503546099290725,0.7093096896770108,1.0758885686839577,-1.0638297872340383,0.5925925925925926,1.0758885686839577,-5.141843971631211,0.5209302325581395,1.0758885686839577,-10.372340425531911,0.4678362573099414,1.0758885686839577,-1.4184397163120588,,,1.4184397163120588,,,-0.0886524822695022,,,-2.4822695035460973,,,1.5957446808510856,,,-0.9751773049645364,,,3.191489361702149,,,4.255319148936176,,,9.131205673758869,,
643f5d9f556c64e882e16255,2021-01-21,3.31,3.34,3.4,3.28,171320,57360135.0,3.63,0.9063444108761364,0.03,5.55,7.0,67708785.0,0.0,0.3941368078175896,1.1277640752673388,4.71,2.49,34.0,13.0,-4.491017964071853,0.8053527980535279,1.060897435897436,-9.880239520958089,0.3813364055299539,1.060897435897436,-7.18562874251496,0.3813364055299539,1.060897435897436,-10.179640718562863,0.3484210526315789,1.060897435897436,-13.772455089820356,0.3484210526315789,1.060897435897436,-20.95808383233532,0.3430051813471502,1.060897435897436,-18.562874251497,0.3430051813471502,1.060897435897436,-23.05389221556886,,,-17.365269461077848,,,-22.455089820359287,,,-23.05389221556886,,,-23.35329341317365,,,-24.55089820359281,,,-24.55089820359281,,,-17.06586826347305,,,-8.682634730538918,,
643f5e27556c64e882e58fe6,2021-01-21,7.55,7.55,7.64,7.51,110098,117682761.0,1.73,0.6666666666666599,0.05,3.44,603222.0,133608523.0,0.6666666666666599,0.328992621029166,1.3089411213702538,14.94,6.11,27.0,12.0,-3.31125827814569,0.93094944512947,1.051532033426184,-5.695364238410594,0.5313159746657283,1.051532033426184,-6.490066225165569,0.250580816461998,1.051532033426184,-8.476821192052974,0.2492571805876527,1.051532033426184,0.7947019867549754,0.2492571805876527,1.051532033426184,-5.1655629139072845,0.2492571805876527,1.051532033426184,-8.74172185430464,0.2492571805876527,1.051532033426184,-9.80132450331126,,,-12.450331125827809,,,-16.158940397350996,,,-15.89403973509934,,,-18.54304635761589,,,-18.01324503311258,,,-17.880794701986748,,,-12.317880794701985,,,-7.152317880794701,,
643f5e27556c64e882e58fe8,2021-01-25,7.36,7.12,7.36,7.12,117302,119425491.0,3.29,-2.465753424657535,-0.18,3.67,603222.0,131463951.0,0.8219178082191858,0.3246202690831412,1.281790871850896,14.94,6.11,25.0,10.0,-0.8426966292134908,0.9546044098573282,1.0250696378830084,-2.94943820224719,0.64,1.0250696378830084,6.882022471910121,0.247062772742531,1.0250696378830084,0.561797752808979,0.2429844833278309,1.0250696378830084,-3.2303370786516905,0.2429844833278309,1.0250696378830084,-4.353932584269671,0.2429844833278309,1.0250696378830084,-7.162921348314599,0.2429844833278309,1.0250696378830084,-11.09550561797753,0.2429844833278309,1.0250696378830084,-10.81460674157304,,,-13.623595505617969,,,-13.061797752808978,,,-12.92134831460674,,,-7.02247191011236,,,-1.54494382022472,,,8.426966292134818,,,3.08988764044944,,
643f5e11556c64e882e4b66b,2021-01-26,17.14,17.14,17.46,16.97,22896,39927933.0,2.88,0.7050528789659394,0.12,2.16,603655.0,60166234.0,0.7050528789659394,0.431678725157981,0.469870977855791,28.77,14.45,24.0,9.0,-1.0501750291715295,0.9220010758472296,1.02389486260454,-0.8168028004667427,0.7710301394511921,1.02389486260454,-3.617269544924162,0.5476038338658147,1.02389486260454,-6.592765460910144,0.3050364833600285,1.02389486260454,-4.784130688448074,0.2565868263473054,1.02389486260454,-6.942823803967335,0.2565868263473054,1.02389486260454,-10.268378063010497,0.2565868263473054,1.02389486260454,-12.952158693115525,0.2565868263473054,1.02389486260454,-15.75262543757293,,,-15.28588098016337,,,-14.935822637106188,,,-6.301050175029177,,,3.2088681446907907,,,13.65227537922986,,,25.145857642940484,,,34.65577596266043,,
643f5e11556c64e882e4b66d,2021-01-28,16.96,17.0,17.71,16.7,30757,53617608.0,5.96,0.2358490566037652,0.04,2.9,603655.0,35917275.0,0.0,0.429153387370657,0.2816188928060634,28.77,14.45,22.0,7.0,-2.8235294117647136,0.9123184507799892,1.013142174432497,-5.823529411764694,0.7826488232579603,1.013142174432497,-4.000000000000004,0.6192040890836071,1.013142174432497,-6.176470588235294,0.3729111697449428,1.013142174432497,-9.529411764705875,0.2620114321025799,1.013142174432497,-12.235294117647054,0.2538922155688623,1.013142174432497,-15.058823529411768,0.2538922155688623,1.013142174432497,-14.588235294117649,0.2538922155688623,1.013142174432497,-14.235294117647058,,,-5.529411764705894,,,4.058823529411781,,,14.588235294117656,,,26.17647058823529,,,35.76470588235292,,,30.823529411764696,,,38.23529411764706,,
643f5e27556c64e882e58fec,2021-01-29,7.75,7.16,7.75,7.1,300591,312346640.0,8.54,-5.9132720105124825,-0.45,9.39,603222.0,284068416.0,1.8396846254927768,0.3503773725900457,2.717566609791562,14.94,6.11,21.0,6.0,-3.7709497206704015,1.0,1.129737609329446,-4.888268156424591,0.7965056526207605,1.129737609329446,-7.6815642458100575,0.3571428571428571,1.129737609329446,-11.592178770949724,0.2558600198085177,1.129737609329446,-11.312849162011185,0.2558600198085177,1.129737609329446,-14.10614525139664,0.2558600198085177,1.129737609329446,-13.54748603351955,0.2558600198085177,1.129737609329446,-13.407821229050276,0.2558600198085177,1.129737609329446,-7.5418994413407825,,,-2.0949720670391137,,,7.821229050279332,,,2.5139664804469275,,,12.849162011173188,,,24.16201117318437,,,36.731843575418985,,,50.4189944134078,,
643f5e11556c64e882e4b66e,2021-01-29,17.0,16.52,17.1,16.26,28643,48159711.0,4.94,-2.8235294117647136,-0.48,2.7,603655.0,53617608.0,0.0,0.431216104883831,0.4203072702535078,28.77,14.45,21.0,6.0,-3.087167070217911,0.914470145239376,1.0023584905660377,-1.2106537530266248,0.7844946931241347,1.0155316606929512,-3.450363196125905,0.6206644760861628,1.0155316606929512,-6.90072639225181,0.4155463211928624,1.0155316606929512,-9.685230024213077,0.2626293835933879,1.0155316606929512,-12.590799031476996,0.2544910179640718,1.0155316606929512,-12.106537530266348,0.2544910179640718,1.0155316606929512,-11.743341404358354,0.2544910179640718,1.0155316606929512,-2.784503631961266,,,7.082324455205824,,,17.9176755447942,,,29.842615012106545,,,39.7094430992736,,,34.624697336561724,,,42.25181598062954,,,43.46246973365617,,
643f5e27556c64e882e58fed,2021-02-01,7.19,6.89,7.39,6.85,201128,199550865.0,7.54,-3.7709497206704015,-0.27,6.29,603222.0,312346640.0,0.4189944134078249,0.3271401604885344,2.9368615856831863,14.94,6.11,20.0,5.0,-1.1611030478955064,0.9277419354838712,1.0481049562682216,-4.063860667634245,0.7648936170212766,1.0481049562682216,-8.1277213352685,0.3683401639344262,1.0481049562682216,-7.837445573294632,0.2386325921008961,1.0481049562682216,-10.74020319303337,0.2373720699900957,1.0481049562682216,-10.159651669085624,0.2373720699900957,1.0481049562682216,-10.01451378809869,0.2373720699900957,1.0481049562682216,-3.918722786647311,0.2373720699900957,1.0481049562682216,1.741654571843254,,,12.046444121915822,,,6.531204644412192,,,17.271407837445587,,,29.02757619738754,,,42.0899854862119,,,56.31349782293178,,,60.81277213352685,,
643f5e11556c64e882e4b66f,2021-02-01,16.52,16.01,16.6,15.93,20037,32747180.0,4.06,-3.087167070217911,-0.51,1.89,603655.0,48159711.0,0.0,0.4200920919069659,0.3775014190134337,28.77,14.45,20.0,5.0,1.9362898188632016,0.8983143012506797,1.0,-0.3747657713928931,0.7623442547300414,1.0,-3.935040599625239,0.6141263940520446,1.0,-6.808244846970657,0.4489130434782609,1.0,-9.80637101811369,0.2552139657036922,1.0,-9.30668332292318,0.2473053892215569,1.0,-8.931917551530299,0.2473053892215569,1.0,0.3123048094940461,0.2473053892215569,1.0,10.49344159900063,,,21.67395377888819,,,33.9787632729544,,,44.159900062460935,,,38.91317926296063,,,46.7832604622111,,,48.03247970018736,,,35.41536539662709,,
643f5de1556c64e882e3252c,2021-02-02,1.79,1.74,1.79,1.69,1709415,296103200.0,5.59,-2.793296089385477,-0.05,6.98,667.0,245553799.0,0.0,0.4932701724020135,2.136194487112748,2.33,1.54,18.0,2.0,-1.7241379310344862,0.7188755020080321,1.0,-10.91954022988505,0.462532299741602,1.0,-8.62068965517241,0.461340206185567,1.0,-11.494252873563216,0.4452736318407961,1.0,-7.471264367816088,0.4452736318407961,1.0,-7.471264367816088,0.4452736318407961,1.0,-2.873563218390806,0.4452736318407961,1.0,4.022988505747138,0.4452736318407961,1.0,9.195402298850563,,,5.172413793103448,,,6.321839080459779,,,7.471264367816088,,,6.321839080459779,,,9.195402298850563,,,5.747126436781613,,,6.896551724137945,,
643f5d59556c64e882df6258,2021-02-02,7.46,7.44,7.8,7.41,45000,34100005.0,5.26,0.269541778975757,0.02,2.81,603032.0,47402460.0,0.5390835579514919,0.4678619002451626,0.9309707627891826,14.71,7.0,35.0,2.0,-2.016129032258074,0.6566901408450705,1.0,-6.317204301075274,0.5194986072423399,1.0,-5.645161290322587,0.4888597640891219,1.0,-5.913978494623661,0.4788189987163029,1.0,-5.645161290322587,0.4730500951173114,1.0,-3.7634408602150615,0.4697732997481108,1.0,1.0752688172043,0.464797507788162,1.0,11.155913978494604,,,22.311827956989227,,,34.543010752688154,,,29.838709677419352,,,42.876344086021504,,,57.12365591397848,,,62.36559139784945,,,47.8494623655914,,,62.63440860215053,,
643f5e11556c64e882e4b670,2021-02-02,16.01,16.32,16.5,15.91,21298,35039887.0,3.69,1.9362898188632016,0.31,2.01,603655.0,32747180.0,0.0,0.4081774125579429,0.2568461016734202,28.77,14.45,19.0,4.0,-2.267156862745101,0.8705818379554106,1.0,-5.759803921568629,0.7738037699371677,1.0,-8.578431372549023,0.6174315464712689,1.0,-11.519607843137258,0.4836858006042296,1.0,-11.029411764705888,0.2473350841958906,1.0,-10.66176470588236,0.2396706586826347,1.0,-1.5931372549019662,0.2396706586826347,1.0,8.394607843137258,0.2396706586826347,1.0,19.362745098039213,,,31.433823529411757,,,41.42156862745097,,,36.27450980392155,,,43.99509803921568,,,45.22058823529412,,,32.843137254901954,,,33.94607843137254,,
643f5dc3556c64e882e263b7,2021-02-02,10.24,11.12,11.12,9.94,135887,144604818.0,11.67,9.990108803165176,1.01,2.11,603718.0,177682216.0,1.2858555885262302,0.4970096149603489,0.5951738701536714,18.58,10.9,31.0,3.0,2.877697841726623,0.708650519031142,1.0,1.3489208633093552,0.708650519031142,1.0,-1.0791366906474753,0.708650519031142,1.0,3.0575539568345578,0.708650519031142,1.0,0.4496402877697925,0.6485117162761241,1.0,4.676258992805771,0.4990253411306043,1.0,5.755395683453246,0.4738546968995835,1.0,10.701438848920874,0.4277360066833751,1.0,12.5,,,7.913669064748219,,,6.654676258992809,,,2.967625899280568,,,0.0899280575539673,,,10.07194244604317,,,10.431654676258994,,,12.410071942446056,,
643f5d59556c64e882df625a,2021-02-04,7.3,6.97,7.39,6.76,33024,23061012.0,8.64,-4.389574759945136,-0.32,2.06,603032.0,22442630.0,0.137174211248281,0.4639156306952167,0.4609435712760404,14.71,7.0,33.0,0.0,0.7173601147776099,0.6636363636363636,1.0,0.4304160688665792,0.5816733067729083,1.0,0.7173601147776099,0.4783748361730013,1.0,2.725968436154957,0.4685494223363286,1.0,7.890961262553797,0.464968152866242,1.0,18.65136298421808,0.4611497157296272,1.0,30.55954088952655,0.454828660436137,1.0,43.615494978479205,,,38.59397417503588,,,52.51076040172169,,,67.71879483500717,,,73.3142037302726,,,57.819225251076055,,,73.60114777618365,,,79.3400286944046,,,79.77044476327116,,
643f5e11556c64e882e4b672,2021-02-04,16.0,15.38,16.08,15.21,18295,28744504.0,5.45,-3.573667711598738,-0.57,1.73,603655.0,31759925.0,0.3134796238244641,0.40981611195431,0.250313855212032,28.77,14.45,17.0,2.0,-2.990897269180759,0.8879023307436182,1.0,-6.111833550065027,0.8264462809917356,1.0,-5.59167750325098,0.6608839322593969,1.0,-5.201560468140443,0.5111821086261981,1.0,4.421326397919367,0.2471805963231886,1.0,15.019505851755532,0.2395209580838323,1.0,26.657997399219767,0.2395209580838323,1.0,39.4668400520156,0.2395209580838323,1.0,50.06501950585174,,,44.60338101430428,,,52.79583875162548,,,54.09622886866059,,,40.962288686605966,,,42.13263979193758,,,44.92847854356305,,,59.55786736020805,,
643f5d59556c64e882df625b,2021-02-05,7.0,7.02,7.26,6.92,27571,19649069.0,4.88,0.7173601147776099,0.05,1.72,603032.0,23061012.0,0.4304160688665792,0.4481291797172604,0.4994623781898014,14.71,7.0,32.0,2.0,-0.2849002849002802,0.6475485661424607,1.0,0.0,0.5714285714285714,1.0,1.9943019943019944,0.4587155963302752,1.0,7.122507122507127,0.4492939666238768,1.0,17.80626780626782,0.445859872611465,1.0,29.629629629629623,0.4438807863031072,1.0,42.5925925925926,0.4361370716510903,1.0,37.60683760683761,0.3988603988603988,1.0,51.42450142450144,,,66.52421652421651,,,72.0797720797721,,,56.6951566951567,,,72.36467236467237,,,78.06267806267809,,,78.49002849002848,,,71.50997150997152,,
643f5e27556c64e882e58ff1,2021-02-05,6.36,6.35,6.64,6.33,117958,107873771.0,4.9,0.3159557661927215,0.02,3.69,603222.0,119350613.0,0.4739336492890933,0.2972146266858224,1.0911517166925206,14.94,6.11,16.0,1.0,-3.149606299212593,0.8206451612903226,1.0,-2.519685039370068,0.8174807197943444,1.0,-2.3622047244094446,0.4972634870992964,1.0,4.251968503937009,0.2134944612286002,1.0,10.393700787401585,0.2099702872235061,1.0,21.574803149606293,0.2099702872235061,1.0,15.590551181102374,0.2099702872235061,1.0,27.244094488188985,0.2099702872235061,1.0,40.000000000000014,,,54.17322834645668,,,69.60629921259842,,,74.48818897637797,,,80.0,,,94.33070866141732,,,113.85826771653544,,,135.2755905511811,,
643f5e11556c64e882e4b673,2021-02-05,15.41,14.92,15.85,14.86,18596,28803560.0,6.44,-2.990897269180759,-0.46,1.75,603655.0,28744504.0,0.1950585175552577,0.3957252731393833,0.2271469045939274,28.77,14.45,16.0,1.0,-3.217158176943702,0.8551609322974473,1.0,-2.680965147453085,0.8046997389033943,1.0,-2.278820375335122,0.6932073774179037,1.0,7.640750670241281,0.492332268370607,1.0,18.565683646112618,0.238065811833771,1.0,30.563002680965145,0.230688622754491,1.0,43.76675603217157,0.230688622754491,1.0,54.691689008042886,0.230688622754491,1.0,49.06166219839141,,,57.50670241286864,,,58.84718498659518,,,45.30831099195712,,,46.51474530831099,,,49.396782841823054,,,64.47721179624664,,,81.03217158176945,,
643f5de1556c64e882e32530,2021-02-08,1.6,1.54,1.61,1.54,1619584,254690869.0,4.4,-3.1446540880503138,-0.05,6.62,667.0,431591776.0,0.6289308176100628,0.4487506374298829,3.5404546471440126,2.33,1.55,14.0,0.0,4.545454545454541,0.8247422680412372,1.038961038961039,4.545454545454541,0.4155844155844156,1.038961038961039,9.740259740259738,0.4123711340206186,1.038961038961039,17.532467532467532,0.4030226700251889,1.038961038961039,23.376623376623364,0.3980099502487563,1.038961038961039,18.83116883116884,0.3980099502487563,1.038961038961039,20.12987012987013,0.3980099502487563,1.038961038961039,21.42857142857144,0.3980099502487563,1.038961038961039,20.12987012987013,0.3846153846153846,1.038961038961039,23.376623376623364,,,19.48051948051948,,,20.779220779220783,,,33.1168831168831,,,46.75324675324675,,,53.24675324675323,,,37.66233766233766,,
643f5cc0556c64e882db571f,2021-02-08,2.09,2.05,2.15,2.03,98180,20353237.0,6.0,2.499999999999991,0.05,1.57,523.0,23544396.0,4.499999999999993,0.4965735268128886,0.5033639373720349,3.1,1.99,36.0,2.0,0.4878048780487809,0.7359154929577465,1.034653465346535,-1.951219512195124,0.6830065359477123,1.034653465346535,2.926829268292685,0.5048309178743962,1.034653465346535,13.170731707317085,0.5048309178743962,1.034653465346535,23.414634146341463,0.5048309178743962,1.034653465346535,15.60975609756099,0.4543478260869565,1.034653465346535,27.31707317073171,0.4543478260869565,1.034653465346535,29.75609756097564,0.4543478260869565,1.034653465346535,34.63414634146342,0.36159169550173,1.034653465346535,32.19512195121952,,,24.390243902439025,,,26.82926829268295,,,26.34146341463415,,,26.34146341463415,,,36.09756097560977,,,30.2439024390244,,
643f5e27556c64e882e58ff2,2021-02-08,6.41,6.15,6.41,6.14,102794,90345486.0,4.25,-3.149606299212593,-0.2,3.21,603222.0,107873771.0,0.9448818897637824,0.3015931034214584,0.9803449142561584,14.94,6.11,15.0,0.0,0.6504065040650486,0.8270967741935484,1.0078616352201255,0.8130081300812941,0.8270967741935484,1.0078616352201255,7.642276422764227,0.5573913043478261,1.0078616352201255,13.983739837398357,0.2151728768042967,1.0078616352201255,25.52845528455283,0.2116209970287223,1.0078616352201255,19.349593495934947,0.2116209970287223,1.0078616352201255,31.3821138211382,0.2116209970287223,1.0078616352201255,44.552845528455286,0.2116209970287223,1.0078616352201255,59.18699186991867,0.2116209970287223,1.0078616352201255,75.12195121951217,,,80.16260162601625,,,85.85365853658536,,,100.65040650406505,,,120.81300813008129,,,142.92682926829266,,,144.06504065040647,,
643f5d59556c64e882df625c,2021-02-08,7.02,7.0,7.12,6.81,19431,13553151.0,4.42,-0.2849002849002802,-0.02,1.21,603032.0,19649069.0,0.0,0.4526787570013267,0.4356914724215757,14.71,7.0,31.0,1.0,0.2857142857142891,0.6782608695652174,1.002857142857143,2.285714285714291,0.6179577464788732,1.002857142857143,7.428571428571429,0.4600262123197903,1.002857142857143,18.142857142857128,0.4505776636713735,1.002857142857143,30.000000000000004,0.4505776636713735,1.002857142857143,42.99999999999999,0.445149017121116,1.002857142857143,38.000000000000014,0.4373831775700934,1.002857142857143,51.85714285714287,0.3999999999999999,1.002857142857143,67.0,,,72.57142857142857,,,57.14285714285714,,,72.85714285714285,,,78.57142857142858,,,78.99999999999999,,,72.0,,,54.85714285714285,,
643f5e11556c64e882e4b674,2021-02-08,15.09,14.44,15.09,14.36,16402,24181730.0,4.89,-3.217158176943702,-0.48,1.55,603655.0,28803560.0,1.1394101876675666,0.3887825433361079,0.2299584497331666,28.77,14.45,15.0,0.0,0.5540166204986097,0.880396732788798,1.0,0.969529085872578,0.8117267348036579,1.0,11.218836565096948,0.6788124156545209,1.0,22.506925207756257,0.482108626198083,1.0,34.903047091412745,0.2331221999073072,1.0,48.54570637119113,0.2258982035928143,1.0,59.8337950138504,0.2258982035928143,1.0,54.01662049861496,0.2258982035928143,1.0,62.74238227146816,0.2258982035928143,1.0,64.12742382271468,,,50.13850415512466,,,51.38504155124655,,,54.3628808864266,,,69.94459833795015,,,87.04986149584488,,,82.06371191135734,,
643f5ae6556c64e882d0bc2d,2021-02-09,4.84,5.03,5.2,4.84,262203,130981432.0,7.56,5.672268907563027,0.27,2.98,600198.0,128184925.0,1.680672268907557,0.4617555921752906,0.6659914618845754,7.3,5.04,14.0,0.0,5.367793240556651,0.558891454965358,1.0364025695931478,15.90457256461233,0.4792079207920792,1.0364025695931478,27.435387673956257,0.4566037735849056,1.0364025695931478,39.165009940357855,0.4119148936170212,1.0364025695931478,28.628230616302176,0.3986820428336078,1.0364025695931478,33.39960238568587,0.3986820428336078,1.0364025695931478,27.833001988071548,0.3986820428336078,1.0364025695931478,31.013916500994032,0.3986820428336078,1.0364025695931478,31.21272365805168,0.3986820428336078,1.0364025695931478,28.628230616302176,,,26.838966202783297,,,24.45328031809144,,,28.031809145129216,,,40.75546719681908,,,36.97813121272364,,,39.761431411530815,,
643f5d9f556c64e882e16262,2021-02-09,2.56,2.52,2.56,2.45,139774,35086881.0,4.3,-1.5625,-0.04,4.52,7.0,34847777.0,0.0,0.3295704816521083,0.55823498600586,4.71,2.49,21.0,0.0,0.0,0.8366013071895425,1.0199203187250998,9.92063492063493,0.7573964497041421,1.0199203187250998,21.031746031746025,0.2949308755760368,1.0199203187250998,33.33333333333333,0.2949308755760368,1.0199203187250998,28.968253968253972,0.2717622080679405,1.0199203187250998,32.93650793650793,0.2694736842105263,1.0199203187250998,46.428571428571416,0.2652849740932642,1.0199203187250998,61.11111111111109,0.2652849740932642,1.0199203187250998,72.6190476190476,0.2652849740932642,1.0199203187250998,55.55555555555556,,,66.26984126984128,,,49.60317460317461,,,43.65079365079365,,,57.93650793650793,,,73.80952380952381,,,73.41269841269842,,
643f5cc0556c64e882db5720,2021-02-09,2.06,2.06,2.09,2.04,71998,14866874.0,2.44,0.4878048780487809,0.01,1.15,523.0,20353237.0,0.4878048780487809,0.4936330329735612,0.4373520757823635,3.1,1.99,35.0,1.0,-2.4271844660194275,0.7253521126760564,1.0198019801980198,2.4271844660194164,0.6776315789473685,1.0198019801980198,12.621359223300963,0.497584541062802,1.0198019801980198,22.815533980582515,0.497584541062802,1.0198019801980198,15.048543689320384,0.497584541062802,1.0198019801980198,26.69902912621358,0.4478260869565217,1.0198019801980198,29.126213592233015,0.4478260869565217,1.0198019801980198,33.98058252427183,0.4478260869565217,1.0198019801980198,31.55339805825241,0.4015594541910331,1.0198019801980198,23.78640776699028,,,26.21359223300972,,,25.728155339805813,,,25.728155339805813,,,35.4368932038835,,,29.61165048543688,,,21.844660194174747,,
643f5d59556c64e882df625d,2021-02-09,7.11,7.02,7.11,6.81,19340,13437237.0,4.29,0.2857142857142891,0.02,1.21,603032.0,13553151.0,1.5714285714285792,0.4614951345900072,0.3077894432250548,14.71,7.0,30.0,0.0,1.9943019943019944,0.7437238493723849,1.0157142857142858,7.122507122507127,0.6258802816901409,1.0157142857142858,17.80626780626782,0.4659239842726081,1.0157142857142858,29.629629629629623,0.4563543003851091,1.0157142857142858,42.5925925925926,0.4563543003851091,1.0157142857142858,37.60683760683761,0.450856055802156,1.0157142857142858,51.42450142450144,0.4429906542056074,1.0157142857142858,66.52421652421651,0.4088556641748131,1.0157142857142858,72.0797720797721,,,56.6951566951567,,,72.36467236467237,,,78.06267806267809,,,78.49002849002848,,,71.50997150997152,,,54.41595441595442,,,49.71509971509973,,
643f5de1556c64e882e32531,2021-02-09,1.55,1.61,1.65,1.54,1576451,250589507.0,7.14,4.545454545454541,0.07,6.44,667.0,254690869.0,0.6493506493506551,0.4367824122592516,2.070593722773534,2.33,1.61,13.0,0.0,0.0,0.7989690721649485,1.0064935064935066,4.968944099378869,0.4025974025974026,1.0064935064935066,12.422360248447204,0.3994845360824742,1.0064935064935066,18.012422360248426,0.3904282115869018,1.0064935064935066,13.664596273291927,0.3855721393034826,1.0064935064935066,14.906832298136653,0.3855721393034826,1.0064935064935066,16.149068322981375,0.3855721393034826,1.0064935064935066,14.906832298136653,0.3855721393034826,1.0064935064935066,18.012422360248426,0.3725961538461538,1.0064935064935066,14.28571428571428,,,15.527950310559005,,,27.32919254658384,,,40.37267080745339,,,46.583850931677006,,,31.677018633540374,,,21.118012422360245,,
643f5e43556c64e882e65035,2021-02-09,3.17,3.14,3.23,3.09,93237,29382898.0,4.42,-0.9463722397476282,-0.03,4.16,600766.0,26072214.0,0.0,0.4833900441083808,0.4391857398564548,5.48,3.15,26.0,0.0,0.9554140127388422,0.7372093023255815,1.0,11.146496815286632,0.690631808278867,1.0,22.292993630573243,0.5610619469026549,1.0,34.39490445859872,0.5096463022508039,1.0,47.77070063694266,0.4535050071530758,1.0,62.42038216560508,0.4372413793103448,1.0,67.51592356687897,0.4012658227848101,1.0,70.06369426751591,0.4012658227848101,1.0,54.14012738853502,,,44.26751592356688,,,42.03821656050955,,,44.585987261146485,,,41.08280254777068,,,46.49681528662419,,,35.35031847133758,,,27.07006369426752,,
643f5e11556c64e882e4b675,2021-02-09,14.45,14.52,14.7,14.33,12540,18466799.0,2.56,0.5540166204986097,0.08,1.18,603655.0,24181730.0,0.0692520775623206,0.3735892516035839,0.1957820918459706,28.77,14.52,14.0,0.0,0.4132231404958775,0.8440420560747662,1.0,10.606060606060597,0.7772996234534696,1.0,21.83195592286502,0.6500224921277552,1.0,34.15977961432508,0.4616613418530351,1.0,47.72727272727273,0.2571631962982737,1.0,58.95316804407713,0.216317365269461,1.0,53.16804407713498,0.216317365269461,1.0,61.84573002754821,0.216317365269461,1.0,63.22314049586777,0.216317365269461,1.0,49.311294765840216,,,50.55096418732783,,,53.51239669421488,,,69.00826446280992,,,86.0192837465565,,,81.06060606060606,,,62.80991735537192,,
643f5ae6556c64e882d0bc2e,2021-02-10,5.04,5.3,5.43,4.91,274736,143836336.0,10.34,5.367793240556651,0.27,3.12,600198.0,130981432.0,0.1988071570576455,0.4836545324768018,0.6835936503208493,7.3,5.2,13.0,57.0,10.000000000000009,0.6579634464751958,1.0792291220556745,20.9433962264151,0.535031847133758,1.0792291220556745,32.07547169811322,0.4754716981132075,1.0792291220556745,22.07547169811321,0.428936170212766,1.0792291220556745,26.603773584905667,0.415156507413509,1.0792291220556745,21.32075471698114,0.415156507413509,1.0792291220556745,24.33962264150944,0.415156507413509,1.0792291220556745,24.52830188679245,0.415156507413509,1.0792291220556745,22.07547169811321,0.415156507413509,1.0792291220556745,20.37735849056603,,,18.113207547169807,,,21.50943396226417,,,33.58490566037737,,,30.000000000000004,,,32.64150943396227,,,30.188679245283037,,
643f5de1556c64e882e32532,2021-02-10,1.61,1.61,1.66,1.6,1272409,206807211.0,3.73,0.0,0.0,5.2,667.0,250589507.0,0.0,0.4560372676623439,2.039047716211384,2.33,1.64,12.0,0.0,4.968944099378869,0.8429319371727749,1.0454545454545454,12.422360248447204,0.4181818181818182,1.0454545454545454,18.012422360248426,0.4149484536082474,1.0454545454545454,13.664596273291927,0.4149484536082474,1.0454545454545454,14.906832298136653,0.400497512437811,1.0454545454545454,16.149068322981375,0.400497512437811,1.0454545454545454,14.906832298136653,0.400497512437811,1.0454545454545454,18.012422360248426,0.400497512437811,1.0454545454545454,14.28571428571428,0.3870192307692308,1.0454545454545454,15.527950310559005,,,27.32919254658384,,,40.37267080745339,,,46.583850931677006,,,31.677018633540374,,,21.118012422360245,,,26.08695652173911,,
643f5e27556c64e882e58ff4,2021-02-10,6.19,6.2,6.31,6.15,71132,62654735.0,2.58,0.1615508885298933,0.01,2.22,603222.0,80183559.0,0.0,0.295312783389715,0.7232845408760088,14.94,6.29,13.0,0.0,6.774193548387086,0.7987096774193548,1.0130932896890343,13.064516129032256,0.7987096774193548,1.0130932896890343,24.51612903225806,0.6361767728674204,1.0130932896890343,18.387096774193544,0.2077878482712319,1.0130932896890343,30.32258064516129,0.2043578738857709,1.0130932896890343,43.38709677419354,0.2043578738857709,1.0130932896890343,57.9032258064516,0.2043578738857709,1.0130932896890343,73.70967741935483,0.2043578738857709,1.0130932896890343,78.70967741935485,0.2043578738857709,1.0130932896890343,84.35483870967741,,,99.03225806451611,,,119.03225806451614,,,140.96774193548387,,,142.09677419354838,,,117.74193548387096,,,111.12903225806453,,
643f5e11556c64e882e4b676,2021-02-10,14.52,14.58,14.85,14.42,15208,22553565.0,2.96,0.4132231404958775,0.06,1.43,603655.0,18466799.0,0.0,0.3767013439223315,0.1503840508586975,28.77,14.62,13.0,0.0,10.150891632373105,0.8541176470588235,1.0048442906574395,21.330589849108385,0.7810650887573964,1.0048442906574395,33.60768175582991,0.6700507614213197,1.0048442906574395,47.11934156378601,0.4638977635782747,1.0048442906574395,58.29903978052124,0.287240356083086,1.0048442906574395,52.53772290809327,0.2243163911632936,1.0048442906574395,61.17969821673525,0.2173652694610778,1.0048442906574395,62.55144032921811,0.2173652694610778,1.0048442906574395,48.69684499314128,0.2173652694610778,1.0048442906574395,49.93141289437586,,,52.88065843621399,,,68.3127572016461,,,85.25377229080935,,,80.31550068587106,,,62.13991769547325,,,58.09327846364884,,
643f5e43556c64e882e65036,2021-02-10,3.15,3.17,3.23,3.1,82262,26005124.0,4.14,0.9554140127388422,0.03,3.67,600766.0,29382898.0,0.3184713375796066,0.483208458525083,0.5027427262486241,5.48,3.24,25.0,0.0,10.094637223974768,0.7446808510638296,1.0,21.13564668769716,0.6862745098039216,1.0,33.12302839116719,0.5575221238938053,1.0,46.37223974763407,0.5064308681672026,1.0,60.88328075709779,0.4506437768240343,1.0,65.93059936908516,0.4387186629526462,1.0,68.45425867507886,0.3987341772151898,1.0,52.6813880126183,0.3987341772151898,1.0,42.90220820189277,,,40.69400630914826,,,43.217665615141954,,,39.74763406940063,,,45.11041009463721,,,34.069400630914835,,,25.867507886435348,,,29.33753943217665,,
643f5bbc556c64e882d558b0,2021-02-18,2.81,2.92,2.96,2.81,239517,69624490.0,5.47,6.569343065693412,0.18,4.94,600191.0,80145902.0,2.554744525547448,0.4936839354164247,0.6420572437318735,4.54,2.39,11.0,51.0,9.931506849315074,0.5597609561752989,1.0766283524904214,20.89041095890412,0.473063973063973,1.0766283524904214,15.410958904109595,0.4078374455732946,1.0766283524904214,27.054794520547954,0.4078374455732946,1.0766283524904214,27.397260273972623,0.3881215469613259,1.0766283524904214,22.6027397260274,0.3881215469613259,1.0766283524904214,22.94520547945205,0.3881215469613259,1.0766283524904214,19.863013698630148,0.3881215469613259,1.0766283524904214,31.849315068493155,0.3881215469613259,1.0766283524904214,34.58904109589043,,,47.94520547945207,,,52.05479452054795,,,46.57534246575344,,,37.67123287671232,,,36.64383561643836,,,36.98630136986301,,
643f5de1556c64e882e32533,2021-02-18,1.64,1.69,1.73,1.6,1863175,309895440.0,8.07,4.968944099378869,0.08,7.61,667.0,206807211.0,1.8633540372670727,0.4670055539866328,1.6916357148757937,2.33,1.69,11.0,0.0,7.100591715976345,0.8586387434554974,1.0649350649350648,12.426035502958577,0.4327176781002638,1.0649350649350648,8.284023668639051,0.422680412371134,1.0649350649350648,9.46745562130178,0.422680412371134,1.0649350649350648,10.650887573964509,0.4079601990049751,1.0649350649350648,9.46745562130178,0.4079601990049751,1.0649350649350648,12.426035502958577,0.4079601990049751,1.0649350649350648,8.875739644970416,0.4079601990049751,1.0649350649350648,10.059171597633142,0.3942307692307692,1.0649350649350648,21.301775147928996,,,33.72781065088757,,,39.64497041420118,,,25.44378698224854,,,15.384615384615396,,,20.118343195266263,,,20.71005917159765,,
643f5e27556c64e882e58ff5,2021-02-18,6.29,6.62,6.69,6.24,161654,149570493.0,7.26,6.774193548387086,0.42,5.05,603222.0,62654735.0,1.4516129032257965,0.3021913228538411,0.5638705058518295,14.94,6.61,12.0,0.0,5.891238670694854,0.8116129032258065,1.0294599018003272,16.616314199395752,0.8116129032258065,1.0294599018003272,10.876132930513592,0.6464542651593012,1.0294599018003272,22.054380664652573,0.2608875985068436,1.0294599018003272,34.29003021148036,0.2076592934962033,1.0294599018003272,47.88519637462234,0.2076592934962033,1.0294599018003272,62.688821752265845,0.2076592934962033,1.0294599018003272,67.37160120845923,0.2076592934962033,1.0294599018003272,72.65861027190333,0.2076592934962033,1.0294599018003272,86.404833836858,,,105.13595166163144,,,125.67975830815708,,,126.73716012084591,,,103.9274924471299,,,97.73413897280967,,,77.94561933534743,,
643f5d59556c64e882df625f,2021-02-18,7.19,7.52,7.65,7.19,25290,18812492.0,6.42,5.027932960893855,0.36,1.58,603032.0,13016831.0,0.4189944134078249,0.4733686278137189,0.3084620834195131,14.71,7.52,28.0,0.0,9.97340425531914,0.91128010139417,1.0271428571428571,21.010638297872354,0.6329225352112676,1.0271428571428571,33.11170212765957,0.4711664482306684,1.0271428571428571,28.457446808510657,0.4711664482306684,1.0271428571428571,41.35638297872342,0.4614890885750963,1.0271428571428571,55.45212765957448,0.4559289790741915,1.0271428571428571,60.63829787234043,0.4479750778816199,1.0271428571428571,46.27659574468086,0.4479750778816199,1.0271428571428571,60.90425531914894,,,66.22340425531917,,,66.62234042553192,,,60.1063829787234,,,44.14893617021279,,,39.760638297872354,,,47.60638297872342,,,62.36702127659577,,
643f5d9f556c64e882e16264,2021-02-18,2.53,2.77,2.77,2.53,244069,65413928.0,9.52,9.92063492063493,0.25,7.9,7.0,25992238.0,0.3968253968253954,0.3303335383552923,0.420904402007897,4.71,2.79,19.0,0.0,10.10830324909746,0.881533101045296,1.0160642570281122,21.299638989169665,0.7485207100591715,1.0160642570281122,17.32851985559567,0.3629842180774749,1.0160642570281122,20.93862815884477,0.2914746543778801,1.0160642570281122,33.2129963898917,0.2855530474040632,1.0160642570281122,46.57039711191335,0.2663157894736842,1.0160642570281122,57.039711191335726,0.2663157894736842,1.0160642570281122,41.51624548736461,0.2621761658031087,1.0160642570281122,51.2635379061372,0.2621761658031087,1.0160642570281122,36.101083032490976,,,30.68592057761732,,,43.68231046931408,,,58.12274368231047,,,57.76173285198556,,,50.54151624548735,,,54.15162454873646,,
643f5e11556c64e882e4b677,2021-02-18,14.62,16.06,16.06,14.62,26734,42017938.0,9.88,10.150891632373105,1.48,2.52,603655.0,22553565.0,0.274348422496562,0.3806947546924558,0.1846580946238404,28.77,16.67,12.0,0.0,10.149439601494414,0.86,1.011764705882353,21.29514321295145,0.7864443249058634,1.011764705882353,33.56164383561644,0.6746654360867558,1.011764705882353,43.71108343711083,0.5337714494341,1.011764705882353,38.48069738480697,0.3214599824098504,1.011764705882353,46.32627646326277,0.2258612698903135,1.011764705882353,47.57160647571608,0.2188622754491018,1.011764705882353,34.99377334993774,0.2188622754491018,1.011764705882353,36.11457036114572,0.2188622754491018,1.011764705882353,38.7920298879203,,,52.80199252801994,,,68.18181818181822,,,63.69863013698631,,,47.19800747198008,,,43.524283935242856,,,35.92777085927772,,
643f5e11556c64e882e4b678,2021-02-19,16.67,17.69,17.69,16.31,54063,93615249.0,8.59,10.149439601494414,1.63,5.1,603655.0,42017938.0,3.798256537982581,0.4358687901117179,0.3478381685107709,28.77,17.8,11.0,0.0,10.118711136235149,1.0,1.1536332179930795,21.254946297343125,0.8967186659494353,1.1536332179930795,30.469191633691327,0.7692662667281956,1.1536332179930795,25.72074618428488,0.6086162833150786,1.1536332179930795,32.843414358394575,0.4074798337814716,1.1536332179930795,33.973996608253245,0.2575312837942222,1.1536332179930795,22.5551158846806,0.2495508982035928,1.1536332179930795,23.57263990955341,0.2495508982035928,1.1536332179930795,26.00339174674957,0.2495508982035928,1.1536332179930795,38.72244205765969,,,52.685132843414365,,,48.61503674392311,,,33.63482193329563,,,30.299604296212543,,,23.4030525720746,,,25.49462973431316,,
643f5d9f556c64e882e16265,2021-02-19,2.79,3.05,3.05,2.74,395737,117105762.0,11.19,10.10830324909746,0.28,12.81,7.0,65413928.0,0.7220216606498298,0.3668061063725757,1.0573349311188074,4.71,3.04,18.0,51.0,10.163934426229517,1.0,1.120481927710843,6.557377049180335,0.8254437869822485,1.120481927710843,9.836065573770504,0.4449760765550239,1.120481927710843,20.98360655737705,0.3214285714285714,1.120481927710843,33.11475409836064,0.3214285714285714,1.120481927710843,42.62295081967213,0.2936842105263157,1.120481927710843,28.524590163934427,0.2936842105263157,1.120481927710843,37.37704918032789,0.2891191709844559,1.120481927710843,23.6065573770492,0.2891191709844559,1.120481927710843,18.688524590163947,,,30.49180327868852,,,43.60655737704919,,,43.27868852459018,,,36.72131147540985,,,39.99999999999999,,,33.11475409836064,,
643f5de1556c64e882e32534,2021-02-19,1.69,1.81,1.84,1.68,2087039,368741536.0,9.47,7.100591715976345,0.12,8.53,667.0,309895440.0,0.0,0.4837481074943225,2.519468905297547,2.33,1.79,10.0,23.0,4.972375690607733,0.9234972677595628,1.0974025974025974,1.104972375690605,0.5487012987012987,1.0974025974025974,2.20994475138121,0.4355670103092783,1.0974025974025974,3.314917127071837,0.4355670103092783,1.0974025974025974,2.20994475138121,0.4203980099502488,1.0974025974025974,4.972375690607733,0.4203980099502488,1.0974025974025974,1.6574585635359185,0.4203980099502488,1.0974025974025974,2.7624309392265234,0.4203980099502488,1.0974025974025974,13.25966850828728,0.40625,1.0974025974025974,24.861878453038667,,,30.386740331491712,,,17.12707182320443,,,7.734806629834257,,,12.154696132596676,,,12.70718232044199,,,9.944751381215466,,
643f5d59556c64e882df6260,2021-02-19,7.52,8.27,8.27,7.46,30120,23856223.0,10.77,9.97340425531914,0.75,1.88,603032.0,18812492.0,0.0,0.4985753736904394,0.451161942470929,14.71,8.97,27.0,0.0,10.036275695284155,0.953105196451204,1.0742857142857145,21.039903264812576,0.6619718309859155,1.0742857142857145,16.807738814993954,0.5154215215901302,1.0742857142857145,28.53688029020558,0.4927916120576671,1.0742857142857145,41.354292623941966,0.4826700898587933,1.0742857142857145,46.07013301088272,0.476854787571338,1.0742857142857145,33.01088270858526,0.4685358255451713,1.0742857142857145,46.31197097944377,0.4685358255451713,1.0742857142857145,51.14873035066508,,,51.511487303506655,,,45.58645707376057,,,31.076178960096733,,,27.08585247883919,,,34.220072551390565,,,47.64207980652964,,,62.39419588875455,,
643f5d9f556c64e882e16266,2021-02-22,3.14,3.36,3.36,3.14,183719,59913583.0,7.21,10.163934426229517,0.31,5.95,7.0,117105762.0,2.9508196721311557,0.4154801740918137,1.8729500862063453,4.71,3.04,17.0,50.0,-3.2738095238095237,1.0,1.2610441767068272,-0.2976190476190465,0.9289940828402368,1.2610441767068272,9.82142857142858,0.5567375886524824,1.2610441767068272,20.833333333333325,0.3617511520737327,1.2610441767068272,29.464285714285698,0.3617511520737327,1.2610441767068272,16.666666666666675,0.3305263157894737,1.2610441767068272,24.702380952380977,0.3305263157894737,1.2610441767068272,12.202380952380953,0.3253886010362694,1.2610441767068272,7.738095238095255,0.3253886010362694,1.2610441767068272,18.452380952380956,,,30.35714285714286,,,30.059523809523814,,,24.10714285714286,,,27.083333333333325,,,20.833333333333325,,,27.083333333333325,,
643f5e11556c64e882e4b679,2021-02-22,17.8,19.48,19.48,17.69,57049,108684842.0,10.12,10.118711136235149,1.79,5.38,603655.0,93615249.0,0.621820237422277,0.4672524134938706,0.7844432499410543,28.77,20.06,10.0,22.0,10.112936344969192,1.0,1.231833910034602,18.48049281314168,0.9679173463839044,1.231833910034602,14.168377823408608,0.8214120904476234,1.231833910034602,20.636550308008218,0.6617100371747212,1.231833910034602,21.66324435318274,0.4836956521739131,1.231833910034602,11.293634496919914,0.2749884134095473,1.231833910034602,12.217659137576998,0.2664670658682635,1.231833910034602,14.425051334702244,0.2664670658682635,1.231833910034602,25.975359342915795,0.2664670658682635,1.231833910034602,38.65503080082136,,,34.95893223819302,,,21.3552361396304,,,18.326488706365502,,,12.063655030800804,,,13.963039014373702,,,25.46201232032854,,
643f5e27556c64e882e58ff7,2021-02-22,7.08,7.72,7.72,7.04,270061,287456400.0,9.7,10.128388017118397,0.71,8.44,603222.0,172206997.0,0.9985734664764712,0.3449639404201509,1.5306396919045178,14.94,7.44,10.0,1.0,-4.922279792746109,1.0,1.1587561374795416,4.663212435233155,0.9135483870967742,1.1587561374795416,15.15544041450778,0.7531914893617021,1.1587561374795416,26.81347150259066,0.3627049180327868,1.1587561374795416,39.5077720207254,0.2349817457683372,1.1587561374795416,43.52331606217616,0.23374050841862,1.1587561374795416,48.05699481865284,0.23374050841862,1.1587561374795416,59.84455958549224,0.23374050841862,1.1587561374795416,75.90673575129534,0.23374050841862,1.1587561374795416,93.52331606217616,,,94.43005181347152,,,74.87046632124353,,,69.55958549222798,,,52.59067357512952,,,49.093264248704656,,,63.98963730569949,,
643f5e27556c64e882e58ff8,2021-02-23,7.79,7.34,8.04,7.31,283730,302677936.0,9.46,-4.922279792746109,-0.38,8.87,603222.0,287456400.0,0.90673575129534,0.3820484760051875,2.513833237398363,14.94,7.44,9.0,0.0,10.081743869209811,1.0,1.2749590834697218,21.11716621253408,1.0,1.2749590834697218,33.378746594005435,0.8598233995584988,1.2749590834697218,46.730245231607626,0.443621867881549,1.2749590834697218,50.95367847411445,0.2585462993693992,1.2749590834697218,55.722070844686655,0.2571805876526906,1.2749590834697218,68.11989100817439,0.2571805876526906,1.2749590834697218,85.01362397820165,0.2571805876526906,1.2749590834697218,103.54223433242508,0.2571805876526906,1.2749590834697218,104.49591280653952,,,83.92370572207084,,,78.33787465940054,,,60.49046321525886,,,56.81198910081744,,,72.47956403269755,,,71.5258855585831,,
643f5e27556c64e882e58ff9,2021-02-24,7.44,8.08,8.08,7.27,261631,289016368.0,11.04,10.081743869209811,0.74,8.18,603222.0,302677936.0,1.3623978201634968,0.3673039731694772,2.5986132768273347,14.94,8.22,8.0,0.0,10.024752475247524,0.9550706033376124,1.2176759410801965,21.16336633663365,0.9550706033376124,1.2176759410801965,33.292079207920786,0.8671328671328672,1.2176759410801965,37.12871287128714,0.4708860759493671,1.2176759410801965,41.46039603960397,0.2469299701294391,1.2176759410801965,52.722772277227726,0.2456256190161769,1.2176759410801965,68.06930693069306,0.2456256190161769,1.2176759410801965,84.90099009900989,0.2456256190161769,1.2176759410801965,85.76732673267327,0.2456256190161769,1.2176759410801965,67.07920792079207,,,62.00495049504951,,,45.79207920792079,,,42.45049504950495,,,56.68316831683169,,,55.81683168316831,,,48.01980198019802,,
643f5e27556c64e882e58ffa,2021-02-25,8.22,8.89,8.89,8.11,477286,583423152.0,9.65,10.024752475247524,0.81,14.92,603222.0,289016368.0,1.7326732673267342,0.4084228853474146,2.4351713914984794,14.94,8.92,7.0,0.0,10.123734533183338,1.0,1.3453355155482816,21.147356580427434,1.0,1.3453355155482816,24.634420697412818,1.0,1.3453355155482816,28.57142857142856,0.5784658691062632,1.3453355155482816,38.80764904386951,0.2728177895784932,1.3453355155482816,52.75590551181102,0.2713766919775504,1.3453355155482816,68.05399325084363,0.2713766919775504,1.3453355155482816,68.84139482564677,0.2713766919775504,1.3453355155482816,51.85601799775028,0.2713766919775504,1.3453355155482816,47.24409448818896,,,32.5084364454443,,,29.471316085489292,,,42.40719910011248,,,41.61979752530933,,,34.533183352081,,,39.370078740157474,,
643f5e19556c64e882e502ba,2021-02-25,7.1,7.79,7.79,7.07,1086460,811254944.0,10.17,10.028248587570632,0.71,2.79,600340.0,1273674496.0,0.2824858757062065,0.4977231382454841,4.848985029459344,8.07,4.91,0.0,59.0,8.857509627727866,0.6311111111111111,1.0304789550072568,3.3376123234916566,0.5916666666666667,1.0304789550072568,-0.898587933247752,0.531039640987285,1.0304789550072568,-1.1553273427471145,0.5042613636363636,1.0304789550072568,-1.9255455712451908,0.4730179880079946,1.0304789550072568,-0.3851091142490381,0.4730179880079946,1.0304789550072568,2.5673940949935803,0.4730179880079946,1.0304789550072568,-3.722721437740695,0.4698874917273329,1.0304789550072568,-8.34403080872914,,,-6.803594351732989,,,-9.884467265725297,,,-11.938382541720149,,,-10.911424903722722,,,-8.087291399229779,,,-11.039794608472407,,,-11.29653401797176,,
643f5e27556c64e882e58ffb,2021-02-26,8.92,9.79,9.79,8.0,479474,625390784.0,20.13,10.123734533183338,0.9,14.98,603222.0,583423152.0,0.3374578177727683,0.4459355051955288,4.73727505645314,14.94,9.52,6.0,18.0,10.010214504596537,1.0,1.459901800327332,13.176710929519931,1.0,1.459901800327332,16.7517875383044,1.0,1.459901800327332,26.046986721144027,0.6974198592650509,1.459901800327332,38.7129724208376,0.2994293387042632,1.459901800327332,52.60469867211442,0.2944866292505778,1.459901800327332,53.3197139938713,0.2944866292505778,1.459901800327332,37.89581205311543,0.2944866292505778,1.459901800327332,33.70786516853934,0.2944866292505778,1.459901800327332,20.326864147088862,,,17.568947906026565,,,29.315628192032705,,,28.6006128702758,,,22.16547497446375,,,26.557711950970383,,,19.713993871297266,,
643f5e27556c64e882e58ffc,2021-03-01,9.85,10.77,10.77,9.85,265407,391582608.0,9.4,10.010214504596537,0.98,8.29,603222.0,625390784.0,0.6128702757916216,0.4953122272738599,4.889029030390567,14.94,9.52,5.0,17.0,2.8783658310120863,1.0,1.612111292962357,6.128133704735372,1.0,1.612111292962357,14.577530176415966,1.0,1.612111292962357,26.090993500464265,0.8565217391304347,1.612111292962357,38.71866295264624,0.3306478684122189,1.612111292962357,39.3686165273909,0.3251898316275998,1.612111292962357,25.348189415041777,0.3251898316275998,1.612111292962357,21.541318477251625,0.3251898316275998,1.612111292962357,9.37790157845868,0.3251898316275998,1.612111292962357,6.870937790157838,0.3251898316275998,1.612111292962357,17.54874651810585,,,16.898792943361187,,,11.049210770659258,,,15.041782729805032,,,8.820798514391836,,,-0.6499535747446661,,
643f5c5f556c64e882d874a3,2021-10-28,15.76,15.99,17.33,15.7,229128,373846848.0,10.34,1.4593908629441543,0.23,10.66,600753.0,387620480.0,0.0,0.4904518063767788,0.9843999873207931,21.08,15.62,31.0,0.0,10.00625390869294,0.6816608996539792,1.0,6.816760475297046,0.6026768642447419,1.0,10.944340212632886,0.4513172966781213,1.0,15.071919949968729,0.3960794169389294,1.0,12.070043777360851,0.3423854008255485,1.0,7.879924953095685,0.3423854008255485,1.0,8.567854909318328,0.3423854008255485,1.0,7.191994996873041,0.3423854008255485,1.0,7.504690431519712,0.3423854008255485,1.0,5.378361475922455,0.3423854008255485,1.0,4.002501563477168,0.3423854008255485,1.0,2.4390243902439046,0.3423854008255485,1.0891499654457495,0.6253908692932963,0.3423854008255485,1.0891499654457495,2.6266416510319024,0.3423854008255485,1.0891499654457495,0.0,0.3423854008255485,1.0891499654457495,0.9380863039399668,0.3423854008255485,1.0891499654457495
643f5c91556c64e882d9f304,2021-12-31,4.57,4.53,4.62,4.51,291419,132426062.0,2.43,0.2212389380531032,0.01,0.32,600515.0,172232039.0,1.106194690265494,0.4671262153965731,0.9048368522461084,4.6,3.41,0.0,55.0,0.4415011037527394,0.5252873563218392,1.0066079295154189,-3.0905077262693315,0.5049723756906077,1.0066079295154189,-6.622516556291391,0.5049723756906077,1.0066079295154189,-1.9867549668874165,0.5049723756906077,1.0066079295154189,-2.428256070640189,0.4436893203883495,1.0066079295154189,-4.856512141280367,0.3980836236933798,1.0066079295154189,-4.856512141280367,0.392274678111588,1.0066079295154189,-7.947019867549676,0.3493883792048929,1.0066079295154189,-11.037527593818986,0.3493883792048929,1.0066079295154189,-13.465783664459163,0.3493883792048929,1.0066079295154189,-9.713024282560712,0.3493883792048929,1.0066079295154189,-11.479028697571758,0.3493883792048929,1.0066079295154189,-12.58278145695365,0.3493883792048929,1.0066079295154189,-12.141280353200887,0.3493883792048929,1.0066079295154189,-13.686534216335543,0.3493883792048929,1.0066079295154189,-18.101545253863137,0.3493883792048929,1.0066079295154189
643f5c91556c64e882d9f305,2022-01-04,4.6,4.55,4.64,4.53,355419,162531523.0,2.43,0.4415011037527394,0.02,0.39,600515.0,132426062.0,1.5452538631346435,0.4722351843210464,0.6978087701998492,4.52,3.41,0.0,54.0,-3.516483516483515,0.5287356321839081,1.0132158590308369,-7.032967032967019,0.5082872928176795,1.0132158590308369,-2.417582417582409,0.5082872928176795,1.0132158590308369,-2.857142857142858,0.5082872928176795,1.0132158590308369,-5.274725274725278,0.4466019417475727,1.0132158590308369,-5.274725274725278,0.4335532516493873,1.0132158590308369,-8.351648351648343,0.3968938740293356,1.0132158590308369,-11.428571428571422,0.3516819571865443,1.0132158590308369,-13.84615384615384,0.3516819571865443,1.0132158590308369,-10.109890109890108,0.3516819571865443,1.0132158590308369,-11.86813186813187,0.3516819571865443,1.0132158590308369,-12.967032967032964,0.3516819571865443,1.0132158590308369,-12.527472527472527,0.3516819571865443,1.0132158590308369,-14.06593406593406,0.3516819571865443,1.0132158590308369,-18.461538461538463,0.3516819571865443,1.0132158590308369,-18.461538461538463,0.3516819571865443,1.0132158590308369
643f5c91556c64e882d9f309,2022-01-10,4.45,4.42,4.47,4.31,501717,220236906.0,3.6,-0.4504504504504569,-0.02,0.55,600515.0,312153760.0,0.2252252252252118,0.4660653850481701,1.6418601791277836,4.39,3.41,0.0,50.0,-2.488687782805432,0.9251559251559252,1.0545023696682465,-2.488687782805432,0.4917127071823204,1.0545023696682465,-5.65610859728507,0.4917127071823204,1.0545023696682465,-8.823529411764696,0.4917127071823204,1.0545023696682465,-11.31221719457014,0.4863387978142076,1.0545023696682465,-7.466063348416297,0.4320388349514563,1.0545023696682465,-9.276018099547512,0.3839516824849008,1.0545023696682465,-10.407239819004522,0.3402140672782874,1.0545023696682465,-9.954751131221718,0.3402140672782874,1.0545023696682465,-11.538461538461531,0.3402140672782874,1.0545023696682465,-16.063348416289593,0.3402140672782874,1.0545023696682465,-16.063348416289593,0.3402140672782874,1.0545023696682465,-20.36199095022624,0.3402140672782874,1.0545023696682465,-16.7420814479638,0.3402140672782874,1.0545023696682465,-12.669683257918551,0.3402140672782874,1.0545023696682465,-11.085972850678727,0.3402140672782874,1.0545023696682465
643f5c91556c64e882d9f30b,2022-01-12,4.31,4.31,4.35,4.27,249787,107423839.0,1.86,0.0,0.0,0.27,600515.0,140344722.0,0.0,0.4560128712957874,0.7378719788237137,4.3,3.41,0.0,48.0,-3.24825986078886,0.9369565217391304,1.0213270142180095,-6.496519721577709,0.4762430939226518,1.0213270142180095,-9.048723897911826,0.4762430939226518,1.0213270142180095,-5.1044083526682105,0.4762430939226518,1.0213270142180095,-6.960556844547561,0.4762430939226518,1.0213270142180095,-8.120649651972144,0.4184466019417475,1.0213270142180095,-7.656612529002316,0.3718723037100949,1.0213270142180095,-9.28074245939674,0.3335913312693498,1.0213270142180095,-13.921113689095122,0.3295107033639143,1.0213270142180095,-13.921113689095122,0.3295107033639143,1.0213270142180095,-18.329466357308576,0.3295107033639143,1.0213270142180095,-14.617169373549876,0.3295107033639143,1.0213270142180095,-10.440835266821336,0.3295107033639143,1.0213270142180095,-8.8167053364269,0.3295107033639143,1.0213270142180095,-8.35266821345706,0.3295107033639143,1.0213270142180095,-4.872389791183296,0.3295107033639143,1.0213270142180095
643f5c91556c64e882d9f30e,2022-01-17,4.03,3.92,4.03,3.89,339356,133412259.0,3.47,-2.7295285359801524,-0.11,0.37,600515.0,149001472.0,0.0,0.4330831742084474,0.7824366841750263,4.07,3.41,17.0,45.0,4.336734693877542,0.8760869565217393,1.0,2.2959183673469274,0.4632183908045977,1.0,1.0204081632652962,0.4453038674033149,1.0,1.5306122448979664,0.4453038674033149,1.0,-0.255102040816324,0.4453038674033149,1.0,-5.35714285714286,0.3912621359223301,1.0,-5.35714285714286,0.3510452961672474,1.0,-10.20408163265306,0.3459227467811159,1.0,-6.122448979591832,0.3081039755351682,1.0,-1.530612244897955,0.3081039755351682,1.0,0.2551020408163351,0.3081039755351682,1.0,0.7653061224489832,0.3081039755351682,1.0,4.591836734693877,0.3081039755351682,1.0,2.0408163265306145,0.3081039755351682,1.0,1.7857142857143016,0.3081039755351682,1.0,2.2959183673469274,0.3081039755351682,1.0
643f5c91556c64e882d9f30f,2022-01-18,3.92,4.09,4.12,3.91,350333,141591768.0,5.36,4.336734693877542,0.17,0.38,600515.0,133412259.0,0.0,0.4235302521608698,0.6999747654650086,4.07,3.41,16.0,44.0,-1.9559902200488977,0.8672566371681416,1.0,-3.17848410757946,0.4505747126436782,1.0,-2.689486552567233,0.4331491712707181,1.0,-4.400977995110022,0.4331491712707181,1.0,-9.290953545232272,0.4331491712707181,1.0,-9.290953545232272,0.3805825242718446,1.0,-13.936430317848403,0.3694627709707823,1.0,-10.024449877750609,0.3382226056945643,1.0,-5.623471882640585,0.2996941896024465,1.0,-3.9119804400977953,0.2996941896024465,1.0,-3.422982885085568,0.2996941896024465,1.0,0.2444987775060969,0.2996941896024465,1.0,-2.2004889975550057,0.2996941896024465,1.0,-2.4449877750611138,0.2996941896024465,1.0,-1.9559902200488977,0.2996941896024465,1.0,0.0,0.2996941896024465,1.0
643f5c91556c64e882d9f311,2022-01-20,4.03,3.96,4.07,3.95,217032,86817250.0,2.99,-1.2468827930174564,-0.05,0.24,600515.0,102996643.0,0.4987531172069959,0.4402462916316834,0.5403243202802277,4.07,3.41,14.0,42.0,0.5050505050504972,0.90561797752809,1.028061224489796,-1.262626262626254,0.7603773584905661,1.028061224489796,-6.313131313131315,0.4453038674033149,1.028061224489796,-6.313131313131315,0.4453038674033149,1.028061224489796,-11.111111111111104,0.4453038674033149,1.028061224489796,-7.07070707070706,0.4404371584699453,1.028061224489796,-2.5252525252525304,0.3912621359223301,1.028061224489796,-0.7575757575757569,0.3477135461604832,1.028061224489796,-0.2525252525252486,0.3081039755351682,1.028061224489796,3.535353535353525,0.3081039755351682,1.028061224489796,1.0101010101010166,0.3081039755351682,1.028061224489796,0.7575757575757569,0.3081039755351682,1.028061224489796,1.262626262626254,0.3081039755351682,1.028061224489796,3.2828282828282878,0.3081039755351682,1.028061224489796,1.262626262626254,0.3081039755351682,1.028061224489796,1.5151515151515138,0.3081039755351682,1.028061224489796
643f5c91556c64e882d9f312,2022-01-21,3.98,3.98,4.02,3.95,267202,106550403.0,1.77,0.5050505050504972,0.02,0.29,600515.0,86817250.0,0.5050505050504972,0.4373586653467877,0.4600767793584784,4.07,3.41,13.0,41.0,-1.7587939698492372,0.8943820224719101,1.0153061224489797,-6.783919597989952,0.7896825396825397,1.0153061224489797,-6.783919597989952,0.4397790055248618,1.0153061224489797,-11.557788944723612,0.4397790055248618,1.0153061224489797,-7.537688442211055,0.4397790055248618,1.0153061224489797,-3.015075376884424,0.4349726775956284,1.0153061224489797,-1.2562814070351758,0.3864077669902912,1.0153061224489797,-0.7537688442211032,0.3433994823123382,1.0153061224489797,3.015075376884413,0.3042813455657492,1.0153061224489797,0.5025125628140614,0.3042813455657492,1.0153061224489797,0.2512562814070307,0.3042813455657492,1.0153061224489797,0.7537688442210921,0.3042813455657492,1.0153061224489797,2.7638190954773822,0.3042813455657492,1.0153061224489797,0.7537688442210921,0.3042813455657492,1.0153061224489797,1.0050251256281229,0.3042813455657492,1.0153061224489797,0.2512562814070307,0.3042813455657492,1.0153061224489797
643f5c91556c64e882d9f313,2022-01-24,3.98,3.91,4.0,3.9,216923,85708699.0,2.51,-1.7587939698492372,-0.07,0.24,600515.0,106550403.0,0.0,0.4400884599919595,0.5665592666462055,4.07,3.41,12.0,40.0,-5.115089514066495,0.9066059225512528,1.0153061224489797,-5.115089514066495,0.8274428274428275,1.0153061224489797,-9.974424552429673,0.4397790055248618,1.0153061224489797,-5.882352941176472,0.4397790055248618,1.0153061224489797,-1.278772378516635,0.4397790055248618,1.0153061224489797,0.5115089514066584,0.4349726775956284,1.0153061224489797,1.0230179028132946,0.3864077669902912,1.0153061224489797,4.859335038363155,0.3433994823123382,1.0153061224489797,2.3017902813299296,0.3042813455657492,1.0153061224489797,2.0460358056265893,0.3042813455657492,1.0153061224489797,2.557544757033248,0.3042813455657492,1.0153061224489797,4.603580562659837,0.3042813455657492,1.0153061224489797,2.557544757033248,0.3042813455657492,1.0153061224489797,2.813299232736566,0.3042813455657492,1.0153061224489797,2.0460358056265893,0.3042813455657492,1.0153061224489797,-0.5115089514066473,0.3042813455657492,1.0153061224489797
643f5c91556c64e882d9f317,2022-01-28,3.55,3.68,3.7,3.54,374229,135456080.0,4.55,4.545454545454541,0.16,0.41,600515.0,129569000.0,0.8522727272727293,0.403367420721001,0.7072892690386965,4.07,3.41,8.0,36.0,4.891304347826075,0.8765432098765432,1.0,6.7934782608695565,0.7717391304347826,1.0,7.336956521739135,0.4080459770114942,1.0,11.413043478260864,0.3922651933701657,1.0,8.695652173913038,0.3922651933701657,1.0,8.42391304347827,0.3922651933701657,1.0,8.967391304347805,0.3446601941747572,1.0,11.141304347826075,0.3092334494773519,1.0,8.967391304347805,0.2895595432300163,1.0,9.239130434782597,0.2714067278287461,1.0,8.42391304347827,0.2714067278287461,1.0,5.706521739130444,0.2714067278287461,1.0,8.695652173913038,0.2714067278287461,1.0,5.163043478260865,0.2714067278287461,1.0,5.706521739130444,0.2714067278287461,1.0,5.163043478260865,0.2714067278287461,1.0
643f5c91556c64e882d9f318,2022-02-07,3.69,3.86,3.86,3.69,332482,127528714.0,4.62,4.891304347826075,0.18,0.36,600515.0,135456080.0,0.2717391304347671,0.4223565469095875,0.7429575539981997,4.07,3.35,7.0,59.0,1.81347150259068,0.9111111111111112,1.0394366197183098,2.3316062176165886,0.8021739130434783,1.0394366197183098,6.217616580310881,0.4241379310344828,1.0394366197183098,3.62694300518136,0.4077348066298342,1.0394366197183098,3.3678756476684057,0.4077348066298342,1.0394366197183098,3.886010362694292,0.4077348066298342,1.0394366197183098,5.958549222797926,0.358252427184466,1.0394366197183098,3.886010362694292,0.3214285714285714,1.0394366197183098,4.145077720207246,0.3167381974248927,1.0394366197183098,3.3678756476684057,0.2821100917431192,1.0394366197183098,0.7772020725388629,0.2821100917431192,1.0394366197183098,3.62694300518136,0.2821100917431192,1.0394366197183098,0.2590673575129543,0.2821100917431192,1.0394366197183098,0.7772020725388629,0.2821100917431192,1.0394366197183098,0.2590673575129543,0.2821100917431192,1.0394366197183098,2.3316062176165886,0.2821100917431192,1.0394366197183098
643f5c91556c64e882d9f31a,2022-02-09,3.94,3.95,4.01,3.93,299374,118495470.0,2.04,0.5089058524172962,0.02,0.33,600515.0,171222321.0,0.2544529262086481,0.4574800882832754,0.9462236626067422,4.07,3.35,5.0,57.0,3.797468354430356,0.977667493796526,1.1098591549295775,1.2658227848101111,0.8853932584269663,1.1098591549295775,1.0126582278481069,0.7060931899641577,1.1098591549295775,1.5189873417721378,0.4353591160220994,1.1098591549295775,3.544303797468351,0.4353591160220994,1.1098591549295775,1.5189873417721378,0.4353591160220994,1.1098591549295775,1.7721518987341645,0.3943943943943944,1.1098591549295775,1.0126582278481069,0.3825242718446601,1.1098591549295775,-1.518987341772149,0.3399482312338223,1.1098591549295775,1.2658227848101111,0.3012232415902141,1.1098591549295775,-2.0253164556962022,0.3012232415902141,1.1098591549295775,-1.518987341772149,0.3012232415902141,1.1098591549295775,-2.0253164556962022,0.3012232415902141,1.1098591549295775,0.0,0.3012232415902141,1.1098591549295775,1.5189873417721378,0.3012232415902141,1.1098591549295775,1.7721518987341645,0.3012232415902141,1.1098591549295775
643f5c91556c64e882d9f31e,2022-02-15,4.03,4.01,4.08,3.96,243813,97605471.0,3.01,0.5012531328320691,0.02,0.27,600515.0,91736262.0,1.0025062656641603,0.4810587376437873,0.5079009429046518,4.07,3.35,1.0,53.0,1.9950124688279391,0.9926108374384238,1.1352112676056338,0.0,0.9350348027842228,1.1352112676056338,0.2493765586034868,0.8760869565217393,1.1352112676056338,-0.4987531172069737,0.4453038674033149,1.1352112676056338,-2.9925187032418865,0.4453038674033149,1.1352112676056338,-0.2493765586034868,0.4453038674033149,1.1352112676056338,-3.4912718204488717,0.4404371584699453,1.1352112676056338,-2.9925187032418865,0.3912621359223301,1.1352112676056338,-3.4912718204488717,0.3477135461604832,1.1352112676056338,-1.4962593516209433,0.3081039755351682,1.1352112676056338,0.0,0.3081039755351682,1.1352112676056338,0.2493765586034868,0.3081039755351682,1.1352112676056338,0.0,0.3081039755351682,1.1352112676056338,-0.9975062344139584,0.3081039755351682,1.1352112676056338,-2.7431421446384,0.3081039755351682,1.1352112676056338,-4.2394014962593545,0.3081039755351682,1.1352112676056338
643f5c91556c64e882d9f31f,2022-02-16,4.02,4.09,4.14,4.0,279805,114086666.0,3.49,1.9950124688279391,0.08,0.3,600515.0,97605471.0,0.2493765586034868,0.4828708988931368,0.5421253049108964,4.07,3.35,0.0,52.0,-1.9559902200488977,0.9901477832512317,1.1323943661971831,-1.7114914425427896,0.9348837209302324,1.1323943661971831,-2.4449877750611138,0.8739130434782608,1.1323943661971831,-4.889975550122239,0.4441988950276242,1.1323943661971831,-2.2004889975550057,0.4441988950276242,1.1323943661971831,-5.378973105134466,0.4441988950276242,1.1323943661971831,-4.889975550122239,0.4441988950276242,1.1323943661971831,-5.378973105134466,0.3902912621359222,1.1323943661971831,-3.422982885085568,0.3468507333908541,1.1323943661971831,-1.9559902200488977,0.3111455108359133,1.1323943661971831,-1.7114914425427896,0.3073394495412844,1.1323943661971831,-1.9559902200488977,0.3073394495412844,1.1323943661971831,-2.933985330073341,0.3073394495412844,1.1323943661971831,-4.645476772616131,0.3073394495412844,1.1323943661971831,-6.112469437652813,0.3073394495412844,1.1323943661971831,-6.112469437652813,0.3073394495412844,1.1323943661971831
643f5c91556c64e882d9f326,2022-02-25,3.9,3.89,3.95,3.88,166700,65234940.0,1.81,0.5167958656330685,0.02,0.18,600515.0,144283068.0,0.7751937984496138,0.4933251095058401,0.832446986207181,4.02,3.32,3.0,56.0,-0.5141388174807249,0.9582309582309582,1.007751937984496,1.5424164524421524,0.9582309582309582,1.0985915492957747,3.084832904884305,0.8764044943820224,1.0985915492957747,3.341902313624656,0.7738095238095238,1.0985915492957747,3.084832904884305,0.4309392265193369,1.0985915492957747,2.0565552699228773,0.4309392265193369,1.0985915492957747,0.2570694087403513,0.4309392265193369,1.0985915492957747,-1.285347043701801,0.4262295081967213,1.0985915492957747,-1.285347043701801,0.378640776699029,1.0985915492957747,-1.799485861182526,0.3364969801553062,1.0985915492957747,-4.884318766066842,0.2981651376146789,1.0985915492957747,-9.51156812339332,0.2981651376146789,1.0985915492957747,-11.311053984575835,0.2981651376146789,1.0985915492957747,-10.53984575835476,0.2981651376146789,1.0985915492957747,-7.969151670951158,0.2981651376146789,1.0985915492957747,-7.969151670951158,0.2981651376146789,1.0985915492957747
643f5c91556c64e882d9f328,2022-03-01,3.87,3.95,3.98,3.86,182116,71706982.0,3.1,2.067183462532296,0.08,0.2,600515.0,67451124.0,0.0,0.497307802593432,0.3910052870891286,4.02,3.32,1.0,54.0,1.5189873417721378,0.9508599508599508,1.0,1.7721518987341645,0.9508599508599508,1.0901408450704226,1.5189873417721378,0.8979118329466358,1.0901408450704226,0.5063291139240533,0.8413043478260871,1.0901408450704226,-1.265822784810133,0.4276243093922651,1.0901408450704226,-2.784810126582282,0.4276243093922651,1.0901408450704226,-2.784810126582282,0.4276243093922651,1.0901408450704226,-3.291139240506336,0.4229508196721311,1.0901408450704226,-6.329113924050633,0.3757281553398058,1.0901408450704226,-10.886075949367092,0.3339085418464193,1.0901408450704226,-12.658227848101266,0.2958715596330275,1.0901408450704226,-11.898734177215198,0.2958715596330275,1.0901408450704226,-9.367088607594942,0.2958715596330275,1.0901408450704226,-9.367088607594942,0.2958715596330275,1.0901408450704226,-9.620253164556969,0.2958715596330275,1.0901408450704226,-9.620253164556969,0.2958715596330275,1.0901408450704226
643f5dd7556c64e882e2ef8c,2022-04-22,16.66,16.42,16.95,16.35,62119,134922836.0,3.6,-1.3813813813813636,-0.23,2.34,603985.0,162303852.0,0.0600600600600742,0.4995985090310685,0.5207626757035968,35.73,13.98,59.0,1.0,-8.526187576126688,0.766329346826127,1.0,-12.54567600487212,0.6571992110453648,1.0,-10.71863580998783,0.5568181818181818,1.0,-12.78928136419002,0.4558139534883721,1.0,-10.596833130328877,0.4412076271186441,1.0,-9.135200974421442,0.4378449408672799,1.0,-10.596833130328877,0.4157723983029698,1.0,-11.144945188794164,0.4049586776859504,1.0,-2.192448233861166,0.4028046421663443,1.0,4.750304506699132,0.4028046421663443,1.0,0.182704019488411,0.3974236641221373,1.0,-3.288672350791721,0.3974236641221373,1.0,-1.0353227771011109,0.3974236641221373,1.0,2.0097442143727,0.3974236641221373,1.0,9.074299634591942,0.3974236641221373,1.0,16.199756394640662,0.3974236641221373,1.1264367816091956
643f5dcc556c64e882e2a72a,2022-04-26,21.28,20.13,21.66,20.08,27684,59151987.0,7.42,-5.404135338345872,-1.15,1.34,603897.0,49147152.0,0.0,0.4918887114398597,0.3153637376464607,35.3,19.87,57.0,4.0,7.451564828613999,0.7984990619136961,1.0,3.5270740188773075,0.6608695652173913,1.0,4.967709885742666,0.6363636363636365,1.0,2.334823646299067,0.5267326732673268,1.0,-0.9438648782911008,0.5267326732673268,1.0,1.8380526577247869,0.4931633835457706,1.0,6.557377049180335,0.4132038834951456,1.0,6.905116741182327,0.370796305976651,1.0,8.29607550919027,0.3583698214887167,1.0,6.110283159463492,0.3316708229426434,1.0,16.840536512667658,0.3316708229426434,1.0,15.201192250372596,0.3316708229426434,1.0,20.56631892697467,0.3316708229426434,1.0,20.41728763040238,0.3316708229426434,1.0,32.53849975161452,0.3316708229426434,1.0,45.9016393442623,0.3316708229426434,1.0
643f5cdc556c64e882dc04d6,2022-04-26,9.47,9.83,10.24,9.46,485764,491799664.0,8.39,5.698924731182786,0.53,6.75,601137.0,278926160.0,1.8279569892473144,0.4975704862935481,0.9745351954933276,19.49,9.71,48.0,0.0,10.172939979654116,0.7295839753466873,1.0,6.00203458799593,0.572897761645493,1.0,12.512716174974582,0.5380681818181818,1.0,13.123092573753814,0.4763581488933602,1.0,13.224821973550371,0.4763581488933602,1.0,12.20752797558493,0.4671928959052788,1.0,16.174974567650047,0.3855863192182411,1.0,23.194303153611397,0.3855863192182411,1.0,22.177009155645976,0.3855863192182411,1.0,28.48423194303153,0.3855863192182411,1.0,29.399796541200416,0.3855863192182411,1.0,32.34994913530009,0.3855863192182411,1.0,32.24821973550356,0.3855863192182411,1.0,37.13123092573753,0.3855863192182411,1.0,50.96642929806714,0.3855863192182411,1.0,49.338758901322485,0.3855863192182411,1.0
643f5dcc556c64e882e2a72b,2022-04-27,20.38,21.63,21.65,19.88,35321,75070795.0,8.79,7.451564828613999,1.5,1.71,603897.0,59151987.0,1.2419274714356776,0.4739635087422574,0.3855377173503683,35.3,19.87,56.0,3.0,-3.65233472029588,0.7681869581605729,1.0,-2.311604253351829,0.6424968474148802,1.0,-4.761904761904756,0.6094497607655502,1.0,-7.813222376329165,0.5044554455445545,1.0,-5.224225612575117,0.5044554455445545,1.0,-0.832177531206657,0.472305909617613,1.0,-0.5085529357373941,0.3957281553398058,1.0,0.7859454461396354,0.3637337140817419,1.0,-1.2482662968099856,0.3432132030986864,1.0,8.737864077669899,0.317643391521197,1.0,7.212205270457717,0.317643391521197,1.0,12.205270457697637,0.317643391521197,1.0,12.066574202496527,0.317643391521197,1.0,23.34720295885344,0.317643391521197,1.0,35.78363384188628,0.317643391521197,1.0,22.098936662043457,0.317643391521197,1.0
643f5dfe556c64e882e3f72a,2022-04-27,28.92,30.7,30.9,28.13,8659,36030652.0,9.59,6.338759958434359,1.83,3.15,605305.0,34369045.0,0.1731901627987531,0.4698770428517145,0.4313918445131633,61.69,28.75,58.0,1.0,-6.612377850162854,0.7390748786097623,1.0,0.1302931596091072,0.6587699316628702,1.0,-0.7491856677524389,0.6182129115006413,1.0,-2.6710097719869763,0.4916695001700102,1.0,-2.345276872964164,0.4839357429718876,1.0,7.557003257328998,0.4231163130943673,1.0,14.299674267100992,0.4231163130943673,1.0,11.40065146579805,0.4123182207014542,1.0,13.941368078175898,0.3790301441677589,1.0,12.31270358306189,0.3736434108527132,1.0,14.397394136807806,0.3333333333333333,1.0,19.08794788273616,,,27.58957654723129,,,31.237785016286644,,,37.78501628664495,,,35.86319218241043,,
643f5e12556c64e882e4bd44,2022-04-28,46.96,46.31,48.35,45.7,56828,266640490.0,5.76,0.5864465682015707,0.27,4.9,603396.0,191852137.0,1.9982623805386623,0.4851086426646246,0.4084090160788295,107.79,46.28,37.0,0.0,3.368602893543504,0.8342511991472731,1.122907699665232,4.815374649103865,0.713677811550152,1.122907699665232,3.951630317426047,0.6475455046883619,1.122907699665232,6.024616713452824,0.5520808840818245,1.122907699665232,10.170589505506378,0.5520808840818245,1.122907699665232,12.50269920103648,0.5520808840818245,1.122907699665232,13.215288274670687,0.5135608048993876,1.122907699665232,12.394731159576745,0.3541745229655328,1.122907699665232,12.006046210321731,0.2897334649555775,1.122907699665232,15.61217879507666,0.2860798050563509,1.122907699665232,17.8147268408551,0.2860798050563509,1.122907699665232,22.802850356294524,0.2860798050563509,1.122907699665232,29.388900885337943,0.2860798050563509,1.122907699665232,28.676311811703737,0.2860798050563509,1.122907699665232,20.924206434895275,0.2860798050563509,1.122907699665232,23.191535305549536,0.2349879903923138,1.122907699665232
643f5bab556c64e882d4edbf,2022-04-28,13.86,13.22,13.86,13.01,28484,38159903.0,6.13,-4.617604617604609,-0.64,1.09,603960.0,54834913.0,0.0,0.4779610006896983,0.5767890907859795,23.0,13.43,36.0,0.0,10.060514372163398,0.8095794392523363,1.076086956521739,13.38880484114977,0.7035532994923858,1.076086956521739,13.540090771558244,0.6507042253521126,1.076086956521739,15.204236006051431,0.5458842063804648,1.076086956521739,18.759455370650517,0.5259962049335863,1.076086956521739,20.49924357034796,0.4660390047074647,1.076086956521739,23.37367624810891,0.402088772845953,1.076086956521739,23.22239031770044,0.3803512623490669,1.076086956521739,20.27231467473525,0.3651211801896733,1.076086956521739,20.045385779122537,0.3227759664648346,1.076086956521739,21.18003025718607,0.3227759664648346,1.076086956521739,20.72617246596067,0.3227759664648346,1.076086956521739,21.785173978819984,0.3227759664648346,1.076086956521739,24.281391830559752,0.3227759664648346,1.076086956521739,17.397881996974274,0.3227759664648346,1.076086956521739,17.776096822995456,0.3227759664648346,1.076086956521739
643f5bab556c64e882d4edc0,2022-04-29,13.43,14.55,14.55,13.1,47286,65915353.0,10.97,10.060514372163398,1.33,1.82,603960.0,38159903.0,1.5885022692889494,0.465515265754178,0.4015214375318846,23.98,14.57,59.0,1.0,3.0240549828178587,0.7844626168224298,1.0427018633540373,3.1615120274913977,0.6817258883248731,1.0427018633540373,4.673539518900349,0.6305164319248826,1.0427018633540373,7.903780068728516,0.5289484048838125,1.0427018633540373,9.484536082474214,0.5096774193548387,1.0427018633540373,12.096219931271456,0.4637430939226519,1.0427018633540373,11.958762886597915,0.3896141572381781,1.0427018633540373,9.278350515463906,0.3685510428100988,1.0427018633540373,9.072164948453596,0.3550092519164684,1.0427018633540373,10.10309278350514,0.3127619934792734,1.0427018633540373,9.690721649484546,0.3127619934792734,1.0427018633540373,10.65292096219932,0.3127619934792734,1.0427018633540373,12.920962199312712,0.3127619934792734,1.0427018633540373,6.666666666666665,0.3127619934792734,1.0427018633540373,7.010309278350513,0.3127619934792734,1.0427018633540373,6.804123711340204,0.3127619934792734,1.0427018633540373
643f5dfe556c64e882e3f72c,2022-04-29,28.75,30.74,31.58,27.44,21085,87042860.0,14.44,7.220090687129388,2.07,7.67,605305.0,66593650.0,0.2790373212417041,0.4738214903499097,0.8518145031834988,61.69,29.03,56.0,1.0,-0.8783344176968133,0.7347303858931765,1.0,-2.797657774886142,0.6548974943052392,1.0,-2.4723487312947268,0.6145788798631894,1.0,7.417046193884214,0.5005222841225627,1.0,14.150943396226424,0.481091030789826,1.0,11.255692908262873,0.4206291148500366,1.0,13.793103448275868,0.4206291148500366,1.0,12.166558230318802,0.409894496720844,1.0,14.248536109303831,0.3992501041522011,1.0,18.932986337020186,0.3714470284237726,1.0,27.42355237475602,0.3313739050253573,1.0,31.06701366297984,0.32069157836029,1.0,37.6057254391672,,,35.68640208197789,,,35.32856213402733,,,44.40468445022772,,
643f5dd7556c64e882e2ef92,2022-05-05,14.68,14.92,15.18,14.47,40854,79497879.0,4.84,1.6348773841961872,0.24,1.54,603985.0,107993653.0,0.0,0.4545391735139603,0.3797499350583634,35.82,14.51,54.0,2.0,-1.608579088471851,0.8224089635854341,1.050071530758226,-2.211796246648789,0.6319414550150667,1.050071530758226,7.640750670241281,0.533042846768337,1.050071530758226,15.281501340482562,0.4437726723095526,1.050071530758226,10.254691689008034,0.388771186440678,1.050071530758226,6.434316353887404,0.3858081471747701,1.050071530758226,8.914209115281512,0.3858081471747701,1.050071530758226,12.265415549597858,0.3568303354399611,1.050071530758226,20.040214477211805,0.3549323017408123,1.050071530758226,27.88203753351206,0.3549323017408123,1.050071530758226,31.03217158176945,0.3501908396946565,1.050071530758226,44.23592493297588,0.3501908396946565,1.050071530758226,36.595174262734574,0.3501908396946565,1.050071530758226,32.506702412868634,0.3501908396946565,1.050071530758226,38.6058981233244,0.3501908396946565,1.050071530758226,39.075067024128685,0.3501908396946565,1.050071530758226
643f5dcc556c64e882e2a730,2022-05-09,20.15,20.5,20.93,20.03,40122,84682539.0,4.51,2.8084252758274757,0.56,1.94,603897.0,93425345.0,1.053159478435295,0.4816022660382659,0.6395629636935967,40.73,20.34,59.0,0.0,4.634146341463419,0.7871093749999999,1.0140915953699043,4.975609756097565,0.6844429347826086,1.0140915953699043,6.341463414634152,0.6025717703349283,1.0140915953699043,4.195121951219516,0.5491959662033251,1.0140915953699043,14.731707317073162,0.4987623762376237,1.0140915953699043,13.121951219512209,0.4987623762376237,1.0140915953699043,18.390243902439018,0.39126213592233,1.0140915953699043,18.243902439024385,0.39126213592233,1.0140915953699043,30.14634146341464,0.3511064645408607,1.0140915953699043,43.26829268292683,0.3156822810590631,1.0140915953699043,28.82926829268293,0.3140586034912718,1.0140915953699043,33.268292682926834,0.3140586034912718,1.0140915953699043,26.585365853658537,0.3140586034912718,1.0140915953699043,22.39024390243902,0.3140586034912718,1.0140915953699043,24.536585365853657,0.3140586034912718,1.0140915953699043,29.268292682926838,0.3140586034912718,1.0140915953699043
643f5dd7556c64e882e2ef94,2022-05-09,14.71,14.59,15.18,14.38,43183,82934889.0,5.45,-0.6130790190735702,-0.09,1.63,603985.0,60202204.0,0.2043596730245234,0.46052720093973,0.2160944004843268,35.82,14.51,52.0,0.0,10.075394105551736,0.8287323943661973,1.0522174535050073,17.888965044551064,0.6514614703277237,1.0522174535050073,12.748457847840978,0.5779960707269156,1.0522174535050073,8.841672378341325,0.4644774234291127,1.0522174535050073,11.377655928718312,0.3975675675675676,1.0522174535050073,14.804660726525022,0.3865965834428384,1.0522174535050073,22.7553118574366,0.3865965834428384,1.0522174535050073,30.77450308430432,0.3575595527467185,1.0522174535050073,33.99588759424263,0.3575595527467185,1.0522174535050073,47.49828649760111,0.3556576402321083,1.0522174535050073,39.68471555860178,0.3556576402321083,1.0522174535050073,35.50376970527758,0.3509064885496183,1.0522174535050073,41.7409184372858,0.3509064885496183,1.0522174535050073,42.22069910897874,0.3509064885496183,1.0522174535050073,45.85332419465389,0.3509064885496183,1.0522174535050073,60.52090472926663,0.3509064885496183,1.0522174535050073
643f5b76556c64e882d3b213,2022-06-14,18.36,18.03,18.36,17.6,172274,308616176.0,4.14,-1.7973856209150263,-0.33,6.12,600071.0,519853600.0,0.0,0.4976735537838068,2.502418787107244,25.29,17.63,32.0,1.0,-0.9983361064891838,0.8211091234347049,1.0730566919929865,1.77481974486966,0.5472429210134129,1.0730566919929865,0.1109262340543537,0.5472429210134129,1.0730566919929865,-0.7210205213533105,0.5472429210134129,1.0730566919929865,0.6655574043261003,0.5122767857142857,1.0730566919929865,-1.9412090959512016,0.4579695684709403,1.0730566919929865,-0.9983361064891838,0.4578553615960099,1.0730566919929865,-0.7210205213533105,0.4578553615960099,1.0730566919929865,0.5546311702717466,0.4198490738623371,1.0730566919929865,10.593455352190784,0.4070050986477499,1.0730566919929865,13.033832501386566,0.3378726536621273,1.0730566919929865,18.4692179700499,0.3378726536621273,1.0730566919929865,15.196894065446465,0.3338181818181818,1.0730566919929865,10.593455352190784,0.3106598984771573,1.0730566919929865,11.591791458679968,0.3106598984771573,1.0730566919929865,8.374930671103709,0.3106598984771573,1.0730566919929865
